#
# A fatal error has been detected by the Java Runtime Environment:
#
#  EXCEPTION_ACCESS_VIOLATION (0xc0000005) at pc=0x00007ffa17ef7cbe, pid=10116, tid=17772
#
# JRE version: OpenJDK Runtime Environment Temurin-17.0.8+7 (17.0.8+7) (build 17.0.8+7)
# Java VM: OpenJDK 64-Bit Server VM Temurin-17.0.8+7 (17.0.8+7, mixed mode, sharing, tiered, compressed oops, compressed class ptrs, g1 gc, windows-amd64)
# Problematic frame:
# C  [jemalloc.dll+0x7cbe]
#
# No core dump will be written. Minidumps are not enabled by default on client versions of Windows
#
# If you would like to submit a bug report, please visit:
#   https://github.com/adoptium/adoptium-support/issues
# The crash happened outside the Java Virtual Machine in native code.
# See problematic frame for where to report the bug.
#

---------------  S U M M A R Y ------------

Command Line: -XX:HeapDumpPath=MojangTricksIntelDriversForPerformance_javaw.exe_minecraft.exe.heapdump -Xss1M -Djava.library.path=C:\Users\Veruty\curseforge\minecraft\Install\natives\forge-47.4.0 -Djna.tmpdir=C:\Users\Veruty\curseforge\minecraft\Install\natives\forge-47.4.0 -Dorg.lwjgl.system.SharedLibraryExtractPath=C:\Users\Veruty\curseforge\minecraft\Install\natives\forge-47.4.0 -Dio.netty.native.workdir=C:\Users\Veruty\curseforge\minecraft\Install\natives\forge-47.4.0 -Dminecraft.launcher.brand=CurseForge -Dminecraft.launcher.version=1.296.1.30364 -Djava.net.preferIPv6Addresses=system -DignoreList=bootstraplauncher,securejarhandler,asm-commons,asm-util,asm-analysis,asm-tree,asm,JarJarFileSystems,client-extra,fmlcore,javafmllanguage,lowcodelanguage,mclanguage,forge-,forge-47.4.0.jar,forge-47.4.0 -DmergeModules=jna-5.10.0.jar,jna-platform-5.10.0.jar -DlibraryDirectory=C:\Users\Veruty\curseforge\minecraft\Install\libraries --module-path=C:\Users\Veruty\curseforge\minecraft\Install\libraries/cpw/mods/bootstraplauncher/1.1.2/bootstraplauncher-1.1.2.jar;C:\Users\Veruty\curseforge\minecraft\Install\libraries/cpw/mods/securejarhandler/2.1.10/securejarhandler-2.1.10.jar;C:\Users\Veruty\curseforge\minecraft\Install\libraries/org/ow2/asm/asm-commons/9.7.1/asm-commons-9.7.1.jar;C:\Users\Veruty\curseforge\minecraft\Install\libraries/org/ow2/asm/asm-util/9.7.1/asm-util-9.7.1.jar;C:\Users\Veruty\curseforge\minecraft\Install\libraries/org/ow2/asm/asm-analysis/9.7.1/asm-analysis-9.7.1.jar;C:\Users\Veruty\curseforge\minecraft\Install\libraries/org/ow2/asm/asm-tree/9.7.1/asm-tree-9.7.1.jar;C:\Users\Veruty\curseforge\minecraft\Install\libraries/org/ow2/asm/asm/9.7.1/asm-9.7.1.jar;C:\Users\Veruty\curseforge\minecraft\Install\libraries/net/minecraftforge/JarJarFileSystems/0.3.19/JarJarFileSystems-0.3.19.jar --add-modules=ALL-MODULE-PATH --add-opens=java.base/java.util.jar=cpw.mods.securejarhandler --add-opens=java.base/java.lang.invoke=cpw.mods.securejarhandler --add-exports=java.base/sun.security.util=cpw.mods.securejarhandler --add-exports=jdk.naming.dns/com.sun.jndi.dns=java.naming -Xmx8192m -Xms256m -Dfml.ignorePatchDiscrepancies=true -Dfml.ignoreInvalidMinecraftCertificates=true -DlibraryDirectory=C:\Users\Veruty\curseforge\minecraft\Install\libraries -DCFInstanceId=327c19aa-db39-4c21-b1a6-f6cb4f1c18b4 -Dlog4j.configurationFile=C:\Users\Veruty\curseforge\minecraft\Install\assets\log_configs\client-1.12.xml cpw.mods.bootstraplauncher.BootstrapLauncher --username Veruty --version forge-47.4.0 --gameDir C:\Users\Veruty\curseforge\minecraft\Instances\Contained Chaos --assetsDir C:\Users\Veruty\curseforge\minecraft\Install\assets --assetIndex 5 --uuid 3d6dddf175f34253bcc24e5d10dab8b9 --accessToken eyJraWQiOiIwNDkxODEiLCJhbGciOiJSUzI1NiJ9.eyJ4dWlkIjoiMjUzNTQyNjYxNjc5NTIxMiIsImFnZyI6IkFkdWx0Iiwic3ViIjoiZGM1YjhjY2UtNDg3OS00MjhmLTk1NDgtMDhjYjM1YTUyMTAyIiwiYXV0aCI6IlhCT1giLCJucyI6ImRlZmF1bHQiLCJyb2xlcyI6W10sImlzcyI6ImF1dGhlbnRpY2F0aW9uIiwiZmxhZ3MiOlsib3JkZXJzXzIwMjIiLCJtdWx0aXBsYXllciIsInR3b2ZhY3RvcmF1dGgiLCJtc2FtaWdyYXRpb25fc3RhZ2U0Il0sInByb2ZpbGVzIjp7Im1jIjoiM2Q2ZGRkZjEtNzVmMy00MjUzLWJjYzItNGU1ZDEwZGFiOGI5In0sInBsYXRmb3JtIjoiUENfTEFVTkNIRVIiLCJwZmQiOlt7InR5cGUiOiJtYyIsImlkIjoiM2Q2ZGRkZjEtNzVmMy00MjUzLWJjYzItNGU1ZDEwZGFiOGI5IiwibmFtZSI6IlZlcnV0eSJ9XSwibmJmIjoxNzY4NTMzODUyLCJleHAiOjE3Njg2MjAyNTIsImlhdCI6MTc2ODUzMzg1MiwiYWlkIjoiZDViMmUwNzktMmMyYy00YWRlLTlkYWItMWMxZWIyMDQxNjJhIn0.ZtJfrUvyfM-MAfWgCJWOzWJ4EdsfBh9XajbFm1AHZMxYKLuXLCKt6vGO6Fzf6A-CAR_rNvomM3xGXctugHVTFYF83KUDSOnWeMAFpDouyYbtbu9hnbKDPkvYt_vUmlfEfqfOqW0S35jId5sar8_DhOfooBtzBiOfpVCBB1SFRkp4Al5HIvP4XFicKAgeGGjvxsUIpRnX4aQ5_CqYSa1CkIEFA1Ms55bWo2xrC_vJz3pywSzE1Q7p0KjVZ0c9rQBOvDUTGnTCXiEq5zaTyeWa3UQgKbWIumEoUwduxo8y8NDza48Lu601UC89PB1w6_--QuxgkayTxL14XOzIVilB_Q --clientId 10943e6-e3a8f4-5795aa-806245-d12e7d --xuid 2535426616795212 --userType msa --versionType release --width 1024 --height 768 --quickPlayPath C:\Users\Veruty\curseforge\minecraft\Quickplay\327c19aa-db39-4c21-b1a6-f6cb4f1c18b4.json    --launchTarget forgeclient --fml.forgeVersion 47.4.0 --fml.mcVersion 1.20.1 --fml.forgeGroup net.minecraftforge --fml.mcpVersion 20230612.114412

Host: Intel(R) Core(TM) i3-10100F CPU @ 3.60GHz, 8 cores, 31G,  Windows 11 , 64 bit Build 26100 (10.0.26100.5074)
Time: Fri Jan 16 10:57:39 2026 RTZ 6 (s 11 , 64 bit Build 26100 (10.0.26100.5074) elapsed time: 1937.752455 seconds (0d 0h 32m 17s)

---------------  T H R E A D  ---------------

Current thread (0x000001bce69e6370):  JavaThread "Render thread" [_thread_in_native, id=17772, stack(0x000000548b400000,0x000000548b500000)]

Stack: [0x000000548b400000,0x000000548b500000],  sp=0x000000548b4fd590,  free space=1013k
Native frames: (J=compiled Java code, j=interpreted, Vv=VM code, C=native code)
C  [jemalloc.dll+0x7cbe]

Java frames: (J=compiled Java code, j=interpreted, Vv=VM code)
J 30601  org.lwjgl.system.JNI.invokePP(JJ)J org.lwjgl@3.3.1+7 (0 bytes) @ 0x000001bcf39ace6c [0x000001bcf39ace20+0x000000000000004c]
J 44297 c2 com.mojang.blaze3d.platform.NativeImage.<init>(IIZ)V minecraft@1.20.1 (11 bytes) @ 0x000001bcf49d267c [0x000001bcf49d25a0+0x00000000000000dc]
J 44298 c1 net.minecraft.client.renderer.texture.SpriteContents$InterpolationData.<init>(Lnet/minecraft/client/renderer/texture/SpriteContents;)V minecraft@1.20.1 (97 bytes) @ 0x000001bced79e5cc [0x000001bced79e220+0x00000000000003ac]
J 44295 c1 net.minecraft.client.renderer.texture.SpriteContents$AnimatedTexture.m_246690_()Lnet/minecraft/client/renderer/texture/SpriteTicker; minecraft@1.20.1 (45 bytes) @ 0x000001bced79daec [0x000001bced79d880+0x000000000000026c]
J 44290 c2 net.minecraft.client.renderer.texture.TextureAtlasSprite.m_247406_()Lnet/minecraft/client/renderer/texture/TextureAtlasSprite$Ticker; minecraft@1.20.1 (26 bytes) @ 0x000001bcf49cf7fc [0x000001bcf49cf720+0x00000000000000dc]
j  net.minecraft.client.renderer.texture.TextureAtlas.m_247065_(Lnet/minecraft/client/renderer/texture/SpriteLoader$Preparations;)V+237 minecraft@1.20.1
j  net.minecraft.client.resources.model.AtlasSet$StitchResult.m_246239_()V+8 minecraft@1.20.1
j  net.minecraft.client.resources.model.ModelManager$$Lambda$50291+0x000001bc97f24790.accept(Ljava/lang/Object;)V+4 minecraft@1.20.1
J 41247 c2 java.util.HashMap$Values.forEach(Ljava/util/function/Consumer;)V java.base@17.0.8 (119 bytes) @ 0x000001bcf442a9b0 [0x000001bcf442a8a0+0x0000000000000110]
j  net.minecraft.client.resources.model.ModelManager.m_247616_(Lnet/minecraft/client/resources/model/ModelManager$ReloadState;Lnet/minecraft/util/profiling/ProfilerFiller;)V+29 minecraft@1.20.1
j  net.minecraft.client.resources.model.ModelManager.m_245893_(Lnet/minecraft/util/profiling/ProfilerFiller;Lnet/minecraft/client/resources/model/ModelManager$ReloadState;)V+3 minecraft@1.20.1
j  net.minecraft.client.resources.model.ModelManager$$Lambda$41854+0x000001bc97444660.accept(Ljava/lang/Object;)V+12 minecraft@1.20.1
J 58030 c2 java.util.concurrent.CompletableFuture$UniAccept.tryFire(I)Ljava/util/concurrent/CompletableFuture; java.base@17.0.8 (149 bytes) @ 0x000001bcf5593e7c [0x000001bcf5593ce0+0x000000000000019c]
J 57790 c2 java.util.concurrent.CompletableFuture$Completion.run()V java.base@17.0.8 (7 bytes) @ 0x000001bcf555bc44 [0x000001bcf555bc00+0x0000000000000044]
j  net.minecraft.server.packs.resources.SimpleReloadInstance.m_143940_(Ljava/lang/Runnable;)V+1 minecraft@1.20.1
j  net.minecraft.server.packs.resources.SimpleReloadInstance$$Lambda$42527+0x000001bc975052d0.run()V+8 minecraft@1.20.1
J 79395 c2 net.minecraft.util.thread.ReentrantBlockableEventLoop.m_6367_(Ljava/lang/Runnable;)V minecraft@1.20.1 (42 bytes) @ 0x000001bcf65043e4 [0x000001bcf65043a0+0x0000000000000044]
J 58016 c2 net.minecraft.util.thread.BlockableEventLoop.m_7245_()Z minecraft@1.20.1 (54 bytes) @ 0x000001bcf5592604 [0x000001bcf55920c0+0x0000000000000544]
J 81085 c2 net.minecraft.client.Minecraft.m_91383_(Z)V minecraft@1.20.1 (1241 bytes) @ 0x000001bcf67123e0 [0x000001bcf6710840+0x0000000000001ba0]
j  net.minecraft.client.Minecraft.m_91374_()V+206 minecraft@1.20.1
j  net.minecraft.client.main.Main.main([Ljava/lang/String;)V+1595 minecraft@1.20.1
v  ~StubRoutines::call_stub
j  jdk.internal.reflect.NativeMethodAccessorImpl.invoke0(Ljava/lang/reflect/Method;Ljava/lang/Object;[Ljava/lang/Object;)Ljava/lang/Object;+0 java.base@17.0.8
j  jdk.internal.reflect.NativeMethodAccessorImpl.invoke(Ljava/lang/Object;[Ljava/lang/Object;)Ljava/lang/Object;+133 java.base@17.0.8
J 9088 c1 jdk.internal.reflect.DelegatingMethodAccessorImpl.invoke(Ljava/lang/Object;[Ljava/lang/Object;)Ljava/lang/Object; java.base@17.0.8 (10 bytes) @ 0x000001bcec76324c [0x000001bcec763140+0x000000000000010c]
J 9110 c1 java.lang.reflect.Method.invoke(Ljava/lang/Object;[Ljava/lang/Object;)Ljava/lang/Object; java.base@17.0.8 (65 bytes) @ 0x000001bcec769c44 [0x000001bcec769900+0x0000000000000344]
j  net.minecraftforge.fml.loading.targets.CommonLaunchHandler.runTarget(Ljava/lang/String;[Ljava/lang/String;Ljava/lang/ModuleLayer;)V+39 fmlloader@1.20.1-47.4.0
j  net.minecraftforge.fml.loading.targets.CommonLaunchHandler.clientService([Ljava/lang/String;Ljava/lang/ModuleLayer;)V+5 fmlloader@1.20.1-47.4.0
j  net.minecraftforge.fml.loading.targets.CommonClientLaunchHandler.lambda$makeService$0([Ljava/lang/String;Ljava/lang/ModuleLayer;)V+3 fmlloader@1.20.1-47.4.0
j  net.minecraftforge.fml.loading.targets.CommonClientLaunchHandler$$Lambda$1183+0x000001bc92569a28.run()V+12 fmlloader@1.20.1-47.4.0
j  cpw.mods.modlauncher.LaunchServiceHandlerDecorator.launch([Ljava/lang/String;Ljava/lang/ModuleLayer;)V+11 cpw.mods.modlauncher@10.0.9
j  cpw.mods.modlauncher.LaunchServiceHandler.launch(Ljava/lang/String;[Ljava/lang/String;Ljava/lang/ModuleLayer;Lcpw/mods/modlauncher/TransformingClassLoader;Lcpw/mods/modlauncher/LaunchPluginHandler;)V+58 cpw.mods.modlauncher@10.0.9
j  cpw.mods.modlauncher.LaunchServiceHandler.launch(Lcpw/mods/modlauncher/ArgumentHandler;Ljava/lang/ModuleLayer;Lcpw/mods/modlauncher/TransformingClassLoader;Lcpw/mods/modlauncher/LaunchPluginHandler;)V+21 cpw.mods.modlauncher@10.0.9
j  cpw.mods.modlauncher.Launcher.run([Ljava/lang/String;)V+307 cpw.mods.modlauncher@10.0.9
j  cpw.mods.modlauncher.Launcher.main([Ljava/lang/String;)V+78 cpw.mods.modlauncher@10.0.9
j  cpw.mods.modlauncher.BootstrapLaunchConsumer.accept([Ljava/lang/String;)V+1 cpw.mods.modlauncher@10.0.9
j  cpw.mods.modlauncher.BootstrapLaunchConsumer.accept(Ljava/lang/Object;)V+5 cpw.mods.modlauncher@10.0.9
j  cpw.mods.bootstraplauncher.BootstrapLauncher.main([Ljava/lang/String;)V+515 cpw.mods.bootstraplauncher@1.1.2
v  ~StubRoutines::call_stub

siginfo: EXCEPTION_ACCESS_VIOLATION (0xc0000005), reading address 0x000001c0e04212bc


Register to memory mapping:

RIP=0x00007ffa17ef7cbe jemalloc.dll
RAX=0x00000000ffffffff is an unknown value
RBX=0x000001bce0421280 points into unknown readable memory: 0x000f90000810f000 | 00 f0 10 08 00 90 0f 00
RCX=0x000001bce0421280 points into unknown readable memory: 0x000f90000810f000 | 00 f0 10 08 00 90 0f 00
RDX=0x00000000ffffffff is an unknown value
RSP=0x000000548b4fd590 is pointing into the stack for thread: 0x000001bce69e6370
RBP=0x0000000000000001 is an unknown value
RSI=0x00007ffa18142de0 jemalloc.dll
RDI=0x0000000000000001 is an unknown value
R8 =0x0 is NULL
R9 =0x00007ffa18142e08 jemalloc.dll
R10=0x000001bce0320008 points into unknown readable memory: 0x0000002100000100 | 00 01 00 00 21 00 00 00
R11=0x000001bce0302cb8 points into unknown readable memory: 0x000001bdebaa0fc0 | c0 0f aa eb bd 01 00 00
R12=0x0000000000000004 is an unknown value
R13=0x000001bce0320268 points into unknown readable memory: 0x00000000ffffffff | ff ff ff ff 00 00 00 00
R14=0x000001bce0407f78 points into unknown readable memory: 0x0000000000000000 | 00 00 00 00 00 00 00 00
R15=0x0000000000000004 is an unknown value


Registers:
RAX=0x00000000ffffffff, RBX=0x000001bce0421280, RCX=0x000001bce0421280, RDX=0x00000000ffffffff
RSP=0x000000548b4fd590, RBP=0x0000000000000001, RSI=0x00007ffa18142de0, RDI=0x0000000000000001
R8 =0x0000000000000000, R9 =0x00007ffa18142e08, R10=0x000001bce0320008, R11=0x000001bce0302cb8
R12=0x0000000000000004, R13=0x000001bce0320268, R14=0x000001bce0407f78, R15=0x0000000000000004
RIP=0x00007ffa17ef7cbe, EFLAGS=0x0000000000010246

Top of Stack: (sp=0x000000548b4fd590)
0x000000548b4fd590:   0000000000000001 00007ffa17ef92b5
0x000000548b4fd5a0:   000001bce0320008 0000000000000000
0x000000548b4fd5b0:   0000000000000001 0000000000000001
0x000000548b4fd5c0:   000001bc00000000 000001bc00000000
0x000000548b4fd5d0:   00007ffa17ef0000 0000000000000000
0x000000548b4fd5e0:   0000000000000040 000001bce0320008
0x000000548b4fd5f0:   000001bce03201f8 00007ffa17ef188f
0x000000548b4fd600:   000001bce0400980 000001bce0400980
0x000000548b4fd610:   000001bce0320258 0000000000000004
0x000000548b4fd620:   0000000000000004 0000005400000000
0x000000548b4fd630:   00007ffa17ef0000 0000000000000000
0x000000548b4fd640:   000001bce03201f8 00007ffa17ef4fa9
0x000000548b4fd650:   0000000000000000 000001bce0320008
0x000000548b4fd660:   0000000000000040 0000000000000000
0x000000548b4fd670:   0000000000000004 0000000000000000
0x000000548b4fd680:   000000003f800000 00007ffa56351380 

Instructions: (pc=0x00007ffa17ef7cbe)
0x00007ffa17ef7bbe:   a8 28 00 00 c6 44 24 38 00 4c 8b c3 48 89 44 24
0x00007ffa17ef7bce:   30 48 8b d7 48 c7 44 24 28 00 00 00 00 49 8b ce
0x00007ffa17ef7bde:   c6 44 24 20 01 e8 28 07 00 00 48 8d 4b 40 c6 43
0x00007ffa17ef7bee:   48 00 ff 15 2a 84 02 00 48 8b 74 24 58 48 8b 5c
0x00007ffa17ef7bfe:   24 50 48 8b 6c 24 60 48 8b 7c 24 68 48 83 c4 40
0x00007ffa17ef7c0e:   41 5e c3 80 3d d0 bc 24 00 00 74 e6 48 8b 87 08
0x00007ffa17ef7c1e:   72 00 00 33 d2 8b 00 48 f7 35 b4 bc 24 00 48 8b
0x00007ffa17ef7c2e:   05 bd bc 24 00 48 6b ca 78 0f b6 54 01 54 90 90
0x00007ffa17ef7c3e:   84 d2 74 be e8 e9 2b 00 00 cc cc cc cc cc cc cc
0x00007ffa17ef7c4e:   cc cc 48 89 5c 24 10 48 89 6c 24 18 56 41 8b e8
0x00007ffa17ef7c5e:   4d 8b d9 48 8b f2 48 8b d9 45 85 c0 0f 84 ed 00
0x00007ffa17ef7c6e:   00 00 48 89 7c 24 10 8b fd 66 0f 1f 84 00 00 00
0x00007ffa17ef7c7e:   00 00 44 8b 46 20 41 ff c8 41 8b c0 48 83 c0 05
0x00007ffa17ef7c8e:   4c 8d 0c c6 48 8b 04 c6 0f bc 44 83 40 74 04 ff
0x00007ffa17ef7c9e:   c0 eb 02 33 c0 ff c8 45 85 c0 74 30 66 0f 1f 44
0x00007ffa17ef7cae:   00 00 49 8b 51 f8 4d 8d 49 f8 48 03 d0 41 ff c8
0x00007ffa17ef7cbe:   0f bc 4c 93 40 74 04 ff c1 eb 02 33 c9 48 c1 e0
0x00007ffa17ef7cce:   05 8d 51 ff 48 03 c2 45 85 c0 75 d6 48 8b c8 4c
0x00007ffa17ef7cde:   8b d0 49 c1 ea 05 83 e1 1f 42 8b 54 93 40 48 0f
0x00007ffa17ef7cee:   bb ca 42 89 54 93 40 85 d2 75 46 41 b9 01 00 00
0x00007ffa17ef7cfe:   00 44 39 4e 20 76 3a 66 66 66 0f 1f 84 00 00 00
0x00007ffa17ef7d0e:   00 00 4d 8b c2 41 8b c9 49 c1 ea 05 41 83 e0 1f
0x00007ffa17ef7d1e:   48 8b 54 ce 28 49 03 d2 8b 4c 93 40 4c 0f bb c1
0x00007ffa17ef7d2e:   89 4c 93 40 85 c9 75 09 41 ff c1 44 3b 4e 20 72
0x00007ffa17ef7d3e:   d1 48 0f af 06 48 03 43 08 49 89 03 49 83 c3 08
0x00007ffa17ef7d4e:   48 83 ef 01 0f 85 28 ff ff ff 48 8b 7c 24 10 48
0x00007ffa17ef7d5e:   8b c5 48 8b 6c 24 20 48 c1 e0 1a 48 29 03 48 8b
0x00007ffa17ef7d6e:   5c 24 18 5e c3 cc cc cc cc cc cc cc cc cc cc cc
0x00007ffa17ef7d7e:   cc cc 4c 8b 49 60 4c 8b c1 48 8b 51 68 49 03 d1
0x00007ffa17ef7d8e:   48 89 51 78 48 83 79 58 00 0f 8e 8e 00 00 00 49
0x00007ffa17ef7d9e:   8d 49 ff 48 8b c1 48 d1 e8 48 0b c8 48 8b c1 48
0x00007ffa17ef7dae:   c1 e8 02 48 0b c8 48 8b c1 48 c1 e8 04 48 0b c8 


Stack slot to memory mapping:
stack at sp + 0 slots: 0x0000000000000001 is an unknown value
stack at sp + 1 slots: 0x00007ffa17ef92b5 jemalloc.dll
stack at sp + 2 slots: 0x000001bce0320008 points into unknown readable memory: 0x0000002100000100 | 00 01 00 00 21 00 00 00
stack at sp + 3 slots: 0x0 is NULL
stack at sp + 4 slots: 0x0000000000000001 is an unknown value
stack at sp + 5 slots: 0x0000000000000001 is an unknown value
stack at sp + 6 slots: 0x000001bc00000000 is an unknown value
stack at sp + 7 slots: 0x000001bc00000000 is an unknown value


---------------  P R O C E S S  ---------------

Threads class SMR info:
_java_thread_list=0x000001be33c2b9c0, length=105, elements={
0x000001bce69e6370, 0x000001bc90797ac0, 0x000001bc90799100, 0x000001bc907adfb0,
0x000001bc907ae880, 0x000001bc907b1cd0, 0x000001bc907b5120, 0x000001bc907bada0,
0x000001bc907c8250, 0x000001bc907f16f0, 0x000001bc908e61f0, 0x000001bc908e6700,
0x000001bcd8bc0e80, 0x000001bcd8bc1db0, 0x000001bcd8bc0970, 0x000001bcd8bc1390,
0x000001bcd8bc18a0, 0x000001bcd8e153f0, 0x000001bcd8e15e10, 0x000001bcd8e14ee0,
0x000001bcd8e15900, 0x000001bcd8e16320, 0x000001bcd8e149d0, 0x000001bd01cc53f0,
0x000001bcda3e88b0, 0x000001bcd766deb0, 0x000001bd004f1ee0, 0x000001bcd766d9a0,
0x000001bcd9cd2ac0, 0x000001bd01cbc550, 0x000001bd00fb19e0, 0x000001bd04320af0,
0x000001bd00fb3840, 0x000001bd00fb2400, 0x000001bcd766cf80, 0x000001bd165a0aa0,
0x000001bcd9cd1b90, 0x000001bcd9cd34e0, 0x000001bd00fb2910, 0x000001bcd9cd3f00,
0x000001bd01cbc040, 0x000001bd01cc3fb0, 0x000001bd042f8c80, 0x000001bd165a1ee0,
0x000001bd165a19d0, 0x000001bd028a3820, 0x000001bd165a23f0, 0x000001bd165a2900,
0x000001bcd9cd4410, 0x000001bcd9cd4920, 0x000001bd165a2e10, 0x000001bd028a0fa0,
0x000001bd00fb14d0, 0x000001bd8c937590, 0x000001bd8c9389d0, 0x000001bd1a15e060,
0x000001bd1a15ef90, 0x000001bd19f53de0, 0x000001bd1a15ea80, 0x000001bd18e4f280,
0x000001bd18e4bfe0, 0x000001bd18e4c4f0, 0x000001bd1a15f9b0, 0x000001be38a72b20,
0x000001bd0131bf90, 0x000001bd0131c4a0, 0x000001be38a73030, 0x000001be38a73a50,
0x000001bd1a15fec0, 0x000001bd8c937aa0, 0x000001bd03b81ac0, 0x000001bd8c936150,
0x000001bd01cc5900, 0x000001bd1a1608e0, 0x000001bd19f533c0, 0x000001bcd9cd20a0,
0x000001bcd9cd4e30, 0x000001bc908e7120, 0x000001be38a72610, 0x000001be38a72100,
0x000001be1c8d04a0, 0x000001bd8cfcc070, 0x000001bd8cfcd4b0, 0x000001bd00fb2e20,
0x000001bd00fb0090, 0x000001bd0431f1a0, 0x000001be1ca554b0, 0x000001be346ac680,
0x000001bcd766ede0, 0x000001bd004fd470, 0x000001bd165a3830, 0x000001bd165a0080,
0x000001bd004fd980, 0x000001bd042faff0, 0x000001be1ca53650, 0x000001be31982310,
0x000001bd042f8770, 0x000001bd165a0590, 0x000001bd165a0fb0, 0x000001be31176a60,
0x000001bd8c9384c0, 0x000001bd8c9393f0, 0x000001bd004fe8b0, 0x000001bd028a3310,
0x000001bd90b88a80
}

Java Threads: ( => current thread )
=>0x000001bce69e6370 JavaThread "Render thread" [_thread_in_native, id=17772, stack(0x000000548b400000,0x000000548b500000)]
  0x000001bc90797ac0 JavaThread "Reference Handler" daemon [_thread_blocked, id=15672, stack(0x000000548bb00000,0x000000548bc00000)]
  0x000001bc90799100 JavaThread "Finalizer" daemon [_thread_blocked, id=9308, stack(0x000000548bc00000,0x000000548bd00000)]
  0x000001bc907adfb0 JavaThread "Signal Dispatcher" daemon [_thread_blocked, id=17568, stack(0x000000548bd00000,0x000000548be00000)]
  0x000001bc907ae880 JavaThread "Attach Listener" daemon [_thread_blocked, id=16784, stack(0x000000548be00000,0x000000548bf00000)]
  0x000001bc907b1cd0 JavaThread "Service Thread" daemon [_thread_blocked, id=22380, stack(0x000000548bf00000,0x000000548c000000)]
  0x000001bc907b5120 JavaThread "Monitor Deflation Thread" daemon [_thread_blocked, id=7296, stack(0x000000548c000000,0x000000548c100000)]
  0x000001bc907bada0 JavaThread "C2 CompilerThread0" daemon [_thread_blocked, id=18084, stack(0x000000548c100000,0x000000548c200000)]
  0x000001bc907c8250 JavaThread "C1 CompilerThread0" daemon [_thread_blocked, id=21780, stack(0x000000548c200000,0x000000548c300000)]
  0x000001bc907f16f0 JavaThread "Sweeper thread" daemon [_thread_blocked, id=20704, stack(0x000000548c300000,0x000000548c400000)]
  0x000001bc908e61f0 JavaThread "Common-Cleaner" daemon [_thread_blocked, id=19624, stack(0x000000548c400000,0x000000548c500000)]
  0x000001bc908e6700 JavaThread "Notification Thread" daemon [_thread_blocked, id=9548, stack(0x000000548c600000,0x000000548c700000)]
  0x000001bcd8bc0e80 JavaThread "Thread-0" daemon [_thread_blocked, id=10584, stack(0x000000548de00000,0x000000548df00000)]
  0x000001bcd8bc1db0 JavaThread "JNA Cleaner" daemon [_thread_blocked, id=19672, stack(0x000000548df00000,0x000000548e000000)]
  0x000001bcd8bc0970 JavaThread "Thread-2" daemon [_thread_in_native, id=22028, stack(0x000000548e100000,0x000000548e200000)]
  0x000001bcd8bc1390 JavaThread "Thread-3" daemon [_thread_in_native, id=11756, stack(0x000000548e200000,0x000000548e300000)]
  0x000001bcd8bc18a0 JavaThread "Thread-4" daemon [_thread_in_native, id=15668, stack(0x000000548e300000,0x000000548e400000)]
  0x000001bcd8e153f0 JavaThread "Thread-5" daemon [_thread_in_native, id=15708, stack(0x000000548e400000,0x000000548e500000)]
  0x000001bcd8e15e10 JavaThread "Thread-6" daemon [_thread_in_native, id=17236, stack(0x000000548e500000,0x000000548e600000)]
  0x000001bcd8e14ee0 JavaThread "Thread-7" daemon [_thread_in_native, id=13720, stack(0x000000548e600000,0x000000548e700000)]
  0x000001bcd8e15900 JavaThread "Thread-8" daemon [_thread_in_native, id=21160, stack(0x000000548e700000,0x000000548e800000)]
  0x000001bcd8e16320 JavaThread "Thread-9" daemon [_thread_in_native, id=15184, stack(0x000000548e800000,0x000000548e900000)]
  0x000001bcd8e149d0 JavaThread "Thread-10" daemon [_thread_in_native, id=20032, stack(0x000000548e900000,0x000000548ea00000)]
  0x000001bd01cc53f0 JavaThread "Timer hack thread" daemon [_thread_blocked, id=17520, stack(0x000000548d700000,0x000000548d800000)]
  0x000001bcda3e88b0 JavaThread "Yggdrasil Key Fetcher" daemon [_thread_blocked, id=14936, stack(0x000000548eb00000,0x000000548ec00000)]
  0x000001bcd766deb0 JavaThread "Cleaner-0" daemon [_thread_blocked, id=16444, stack(0x000000548ed00000,0x000000548ee00000)]
  0x000001bd004f1ee0 JavaThread "FileSystemWatchService" daemon [_thread_in_native, id=3224, stack(0x000000548f600000,0x000000548f700000)]
  0x000001bcd766d9a0 JavaThread "Thread-13" daemon [_thread_blocked, id=22120, stack(0x000000548f700000,0x000000548f800000)]
  0x000001bcd9cd2ac0 JavaThread "FileSystemWatchService" daemon [_thread_in_native, id=20936, stack(0x000000548ee00000,0x000000548ef00000)]
  0x000001bd01cbc550 JavaThread "JEI Config File Watcher" daemon [_thread_blocked, id=3712, stack(0x000000548f900000,0x000000548fa00000)]
  0x000001bd00fb19e0 JavaThread "KubeJS Background Thread" daemon [_thread_blocked, id=20420, stack(0x000000548f800000,0x000000548f900000)]
  0x000001bd04320af0 JavaThread "pool-7-thread-1" [_thread_blocked, id=1184, stack(0x000000548ec00000,0x000000548ed00000)]
  0x000001bd00fb3840 JavaThread "FileSystemWatchService" daemon [_thread_in_native, id=14584, stack(0x000000548fa00000,0x000000548fb00000)]
  0x000001bd00fb2400 JavaThread "pool-9-thread-1" [_thread_blocked, id=14596, stack(0x000000548fd00000,0x000000548fe00000)]
  0x000001bcd766cf80 JavaThread "FileSystemWatchService" daemon [_thread_in_native, id=5828, stack(0x000000548b200000,0x000000548b300000)]
  0x000001bd165a0aa0 JavaThread "FancyMenu-JsonPlaceholder-Cleanup" daemon [_thread_blocked, id=19668, stack(0x000000548fe00000,0x000000548ff00000)]
  0x000001bcd9cd1b90 JavaThread "Thread-22" [_thread_blocked, id=20192, stack(0x0000005490400000,0x0000005490500000)]
  0x000001bcd9cd34e0 JavaThread "HttpClient-1-SelectorManager" daemon [_thread_in_native, id=16536, stack(0x0000005490600000,0x0000005490700000)]
  0x000001bd00fb2910 JavaThread "FileSystemWatchService" daemon [_thread_in_native, id=1236, stack(0x0000005490c00000,0x0000005490d00000)]
  0x000001bcd9cd3f00 JavaThread "FileSystemWatchService" daemon [_thread_in_native, id=340, stack(0x0000005490d00000,0x0000005490e00000)]
  0x000001bd01cbc040 JavaThread "FileSystemWatchService" daemon [_thread_in_native, id=20744, stack(0x000000548b100000,0x000000548b200000)]
  0x000001bd01cc3fb0 JavaThread "HttpClient-2-SelectorManager" daemon [_thread_in_native, id=17376, stack(0x0000005491000000,0x0000005491100000)]
  0x000001bd042f8c80 JavaThread "ConfigSaver" daemon [_thread_blocked, id=6116, stack(0x0000005491100000,0x0000005491200000)]
  0x000001bd165a1ee0 JavaThread "ConfigSaver" daemon [_thread_blocked, id=15308, stack(0x0000005491200000,0x0000005491300000)]
  0x000001bd165a19d0 JavaThread "Ingredient reference clearing thread" daemon [_thread_blocked, id=21516, stack(0x000000548ff00000,0x0000005490000000)]
  0x000001bd028a3820 JavaThread "Thread-27" daemon [_thread_blocked, id=19284, stack(0x0000005491800000,0x0000005491900000)]
  0x000001bd165a23f0 JavaThread "spark-monitoring-thread" daemon [_thread_blocked, id=1360, stack(0x0000005491900000,0x0000005491a00000)]
  0x000001bd165a2900 JavaThread "spark-worker-pool-1-thread-1" daemon [_thread_blocked, id=19460, stack(0x0000005491a00000,0x0000005491b00000)]
  0x000001bcd9cd4410 JavaThread "Cleaner-1" daemon [_thread_blocked, id=12112, stack(0x0000005491c00000,0x0000005491d00000)]
  0x000001bcd9cd4920 JavaThread "Cleaner-2" daemon [_thread_blocked, id=20012, stack(0x000000548cf00000,0x000000548d000000)]
  0x000001bd165a2e10 JavaThread "Cleaner-3" daemon [_thread_blocked, id=8600, stack(0x0000005491d00000,0x0000005491e00000)]
  0x000001bd028a0fa0 JavaThread "Cleaner-4" daemon [_thread_blocked, id=20748, stack(0x0000005491b00000,0x0000005491c00000)]
  0x000001bd00fb14d0 JavaThread "Thread-29" daemon [_thread_blocked, id=10780, stack(0x0000005491e00000,0x0000005491f00000)]
  0x000001bd8c937590 JavaThread "HttpClient-4-SelectorManager" daemon [_thread_in_native, id=15416, stack(0x000000548e000000,0x000000548e100000)]
  0x000001bd8c9389d0 JavaThread "HttpClient-5-SelectorManager" daemon [_thread_in_native, id=15864, stack(0x0000005492000000,0x0000005492100000)]
  0x000001bd1a15e060 JavaThread "Cleaner-5" daemon [_thread_blocked, id=7256, stack(0x0000005492e00000,0x0000005492f00000)]
  0x000001bd1a15ef90 JavaThread "DE Contributor Fetcher #0" daemon [_thread_blocked, id=14200, stack(0x0000005493100000,0x0000005493200000)]
  0x000001bd19f53de0 JavaThread "pool-8-thread-1" [_thread_blocked, id=20440, stack(0x000000548ea00000,0x000000548eb00000)]
  0x000001bd1a15ea80 JavaThread "Server thread" [_thread_blocked, id=21588, stack(0x000000548d800000,0x000000548d900000)]
  0x000001bd18e4f280 JavaThread "FileSystemWatchService" daemon [_thread_in_native, id=12280, stack(0x000000548f100000,0x000000548f200000)]
  0x000001bd18e4bfe0 JavaThread "FileSystemWatchService" daemon [_thread_in_native, id=5216, stack(0x0000005491500000,0x0000005491600000)]
  0x000001bd18e4c4f0 JavaThread "ComputerCraft-Network-0" daemon [_thread_blocked, id=22448, stack(0x0000005490f00000,0x0000005491000000)]
  0x000001bd1a15f9b0 JavaThread "ComputerCraft-Network-1" daemon [_thread_blocked, id=18324, stack(0x0000005492400000,0x0000005492500000)]
  0x000001be38a72b20 JavaThread "ComputerCraft-Network-2" daemon [_thread_blocked, id=20272, stack(0x0000005492500000,0x0000005492600000)]
  0x000001bd0131bf90 JavaThread "spark-worker-pool-2-thread-1" daemon [_thread_blocked, id=17680, stack(0x0000005492700000,0x0000005492800000)]
  0x000001bd0131c4a0 JavaThread "spark-java-sampler-0-0" [_thread_blocked, id=3472, stack(0x0000005492900000,0x0000005492a00000)]
  0x000001be38a73030 JavaThread "spark-java-sampler-0-1" [_thread_blocked, id=7076, stack(0x0000005492f00000,0x0000005493000000)]
  0x000001be38a73a50 JavaThread "spark-java-sampler-0-2" [_thread_blocked, id=2700, stack(0x0000005493000000,0x0000005493100000)]
  0x000001bd1a15fec0 JavaThread "spark-java-sampler-0-3" [_thread_blocked, id=10440, stack(0x0000005493200000,0x0000005493300000)]
  0x000001bd8c937aa0 JavaThread "spark-java-sampler-0-4" [_thread_blocked, id=19896, stack(0x0000005493300000,0x0000005493400000)]
  0x000001bd03b81ac0 JavaThread "spark-java-sampler-0-5" [_thread_blocked, id=17256, stack(0x0000005493400000,0x0000005493500000)]
  0x000001bd8c936150 JavaThread "SecurityCraft Passcode Hashing" daemon [_thread_blocked, id=16920, stack(0x0000005493500000,0x0000005493600000)]
  0x000001bd01cc5900 JavaThread "ComputerCraft-Network-3" daemon [_thread_blocked, id=11696, stack(0x0000005493800000,0x0000005493900000)]
  0x000001bd1a1608e0 JavaThread "IO-Worker-10" [_thread_blocked, id=22456, stack(0x0000005493900000,0x0000005493a00000)]
  0x000001bd19f533c0 JavaThread "ModernFix integrated server watchdog" daemon [_thread_blocked, id=12340, stack(0x0000005493b00000,0x0000005493c00000)]
  0x000001bcd9cd20a0 JavaThread "VoiceChatPacketProcessingThread" daemon [_thread_blocked, id=22220, stack(0x0000005493c00000,0x0000005493d00000)]
  0x000001bcd9cd4e30 JavaThread "VoiceChatServerThread" daemon [_thread_in_native, id=8264, stack(0x0000005493d00000,0x0000005493e00000)]
  0x000001bc908e7120 JavaThread "Java2D Disposer" daemon [_thread_blocked, id=17340, stack(0x0000005493e00000,0x0000005493f00000)]
  0x000001be38a72610 JavaThread "Netty Server IO #0" daemon [_thread_in_native, id=17012, stack(0x0000005493f00000,0x0000005494000000)]
  0x000001be38a72100 JavaThread "Netty Local Client IO #0" daemon [_thread_blocked, id=1592, stack(0x0000005494000000,0x0000005494100000)]
  0x000001be1c8d04a0 JavaThread "Netty Server IO #1" daemon [_thread_in_native, id=18792, stack(0x0000005494100000,0x0000005494200000)]
  0x000001bd8cfcc070 JavaThread "Flywheel Task Executor #0" [_thread_blocked, id=9768, stack(0x0000005494600000,0x0000005494700000)]
  0x000001bd8cfcd4b0 JavaThread "Flywheel Task Executor #1" [_thread_blocked, id=22384, stack(0x0000005494700000,0x0000005494800000)]
  0x000001bd00fb2e20 JavaThread "ReadingThread" daemon [_thread_in_native, id=2080, stack(0x0000005494a00000,0x0000005494b00000)]
  0x000001bd00fb0090 JavaThread "WritingThread" daemon [_thread_blocked, id=7424, stack(0x0000005494b00000,0x0000005494c00000)]
  0x000001bd0431f1a0 JavaThread "pool-10-thread-1" [_thread_blocked, id=16400, stack(0x0000005494c00000,0x0000005494d00000)]
  0x000001be1ca554b0 JavaThread "VoiceChatConnectionThread" daemon [_thread_in_native, id=1836, stack(0x0000005494e00000,0x0000005494f00000)]
  0x000001be346ac680 JavaThread "MicrophoneThread" daemon [_thread_blocked, id=16860, stack(0x0000005495100000,0x0000005495200000)]
  0x000001bcd766ede0 JavaThread "FTBLibrary-ItemSearch" daemon [_thread_blocked, id=3904, stack(0x000000548d300000,0x000000548d400000)]
  0x000001bd004fd470 JavaThread "Worker-ResourceReload-10" daemon [_thread_blocked, id=24460, stack(0x000000548da00000,0x000000548db00000)]
  0x000001bd165a3830 JavaThread "Worker-ResourceReload-11" daemon [_thread_blocked, id=24468, stack(0x000000548f000000,0x000000548f100000)]
  0x000001bd165a0080 JavaThread "Worker-ResourceReload-12" daemon [_thread_blocked, id=24472, stack(0x000000548f200000,0x000000548f300000)]
  0x000001bd004fd980 JavaThread "modloading-worker-0" daemon [_thread_blocked, id=24484, stack(0x000000548f400000,0x000000548f500000)]
  0x000001bd042faff0 JavaThread "Worker-ResourceReload-13" daemon [_thread_blocked, id=24488, stack(0x000000548f500000,0x000000548f600000)]
  0x000001be1ca53650 JavaThread "Worker-ResourceReload-14" daemon [_thread_blocked, id=24492, stack(0x000000548fc00000,0x000000548fd00000)]
  0x000001be31982310 JavaThread "Worker-ResourceReload-15" daemon [_thread_blocked, id=24496, stack(0x0000005490000000,0x0000005490100000)]
  0x000001bd042f8770 JavaThread "Worker-ResourceReload-16" daemon [_thread_blocked, id=24500, stack(0x0000005490100000,0x0000005490200000)]
  0x000001bd165a0590 JavaThread "Worker-Main-28" daemon [_thread_blocked, id=5600, stack(0x000000548c500000,0x000000548c600000)]
  0x000001bd165a0fb0 JavaThread "Worker-Main-29" daemon [_thread_blocked, id=14836, stack(0x000000548f300000,0x000000548f400000)]
  0x000001be31176a60 JavaThread "Worker-Main-30" daemon [_thread_blocked, id=21564, stack(0x0000005490200000,0x0000005490300000)]
  0x000001bd8c9384c0 JavaThread "Chunk Render Task Executor #0" [_thread_blocked, id=628, stack(0x000000548d100000,0x000000548d200000)]
  0x000001bd8c9393f0 JavaThread "Chunk Render Task Executor #1" [_thread_blocked, id=24528, stack(0x0000005491400000,0x0000005491500000)]
  0x000001bd004fe8b0 JavaThread "pool-32-thread-1" [_thread_blocked, id=3628, stack(0x0000005491600000,0x0000005491700000)]
  0x000001bd028a3310 JavaThread "pool-13-thread-5" [_thread_blocked, id=19336, stack(0x000000548ef00000,0x000000548f000000)]
  0x000001bd90b88a80 JavaThread "Sound engine" daemon [_thread_blocked, id=16380, stack(0x0000005490900000,0x0000005490a00000)]

Other Threads:
  0x000001bc9078f8d0 VMThread "VM Thread" [stack: 0x000000548ba00000,0x000000548bb00000] [id=12252]
  0x000001bcfdcf2f80 WatcherThread [stack: 0x000000548c700000,0x000000548c800000] [id=18352]
  0x000001bcfdcf19b0 GCTaskThread "GC Thread#0" [stack: 0x000000548b500000,0x000000548b600000] [id=21284]
  0x000001bcd641ebd0 GCTaskThread "GC Thread#1" [stack: 0x000000548c800000,0x000000548c900000] [id=16840]
  0x000001bc90a174d0 GCTaskThread "GC Thread#2" [stack: 0x000000548c900000,0x000000548ca00000] [id=11704]
  0x000001bcd642cf00 GCTaskThread "GC Thread#3" [stack: 0x000000548ca00000,0x000000548cb00000] [id=11576]
  0x000001bc90a17790 GCTaskThread "GC Thread#4" [stack: 0x000000548cb00000,0x000000548cc00000] [id=1448]
  0x000001bc90a17a50 GCTaskThread "GC Thread#5" [stack: 0x000000548cc00000,0x000000548cd00000] [id=17916]
  0x000001bcd7c8e210 GCTaskThread "GC Thread#6" [stack: 0x000000548ce00000,0x000000548cf00000] [id=12500]
  0x000001bcd9326400 GCTaskThread "GC Thread#7" [stack: 0x000000548cd00000,0x000000548ce00000] [id=18904]
  0x000001bce6a648a0 ConcurrentGCThread "G1 Main Marker" [stack: 0x000000548b600000,0x000000548b700000] [id=16932]
  0x000001bce6a66530 ConcurrentGCThread "G1 Conc#0" [stack: 0x000000548b700000,0x000000548b800000] [id=14460]
  0x000001bcd6a837d0 ConcurrentGCThread "G1 Conc#1" [stack: 0x000000548d900000,0x000000548da00000] [id=22416]
  0x000001bcfdd76370 ConcurrentGCThread "G1 Refine#0" [stack: 0x000000548b800000,0x000000548b900000] [id=6060]
  0x000001bcd93253b0 ConcurrentGCThread "G1 Refine#1" [stack: 0x000000548db00000,0x000000548dc00000] [id=16168]
  0x000001bcd93256a0 ConcurrentGCThread "G1 Refine#2" [stack: 0x000000548dc00000,0x000000548dd00000] [id=9940]
  0x000001bcd9323c30 ConcurrentGCThread "G1 Refine#3" [stack: 0x000000548dd00000,0x000000548de00000] [id=14184]
  0x000001bd01fa3530 ConcurrentGCThread "G1 Refine#4" [stack: 0x0000005490b00000,0x0000005490c00000] [id=19836]
  0x000001bd178ef7a0 ConcurrentGCThread "G1 Refine#5" [stack: 0x0000005491300000,0x0000005491400000] [id=21332]
  0x000001bd178ef1c0 ConcurrentGCThread "G1 Refine#6" [stack: 0x0000005492a00000,0x0000005492b00000] [id=14860]
  0x000001bd178ef4b0 ConcurrentGCThread "G1 Refine#7" [stack: 0x000000548fb00000,0x000000548fc00000] [id=20948]
  0x000001bcfdd76cb0 ConcurrentGCThread "G1 Service" [stack: 0x000000548b900000,0x000000548ba00000] [id=15892]

Threads with active compile tasks:

VM state: not at safepoint (normal execution)

VM Mutex/Monitor currently owned by a thread: None

Heap address: 0x0000000600000000, size: 8192 MB, Compressed Oops mode: Zero based, Oop shift amount: 3

CDS archive(s) mapped at: [0x000001bc91000000-0x000001bc91a60000-0x000001bc91a60000), size 10878976, SharedBaseAddress: 0x000001bc91000000, ArchiveRelocationMode: 1.
Compressed class space mapped at: 0x000001bc92000000-0x000001bcd2000000, reserved size: 1073741824
Narrow klass base: 0x000001bc91000000, Narrow klass shift: 0, Narrow klass range: 0x100000000

GC Precious Log:
 CPUs: 8 total, 8 available
 Memory: 32620M
 Large Page Support: Disabled
 NUMA Support: Disabled
 Compressed Oops: Enabled (Zero based)
 Heap Region Size: 4M
 Heap Min Capacity: 256M
 Heap Initial Capacity: 256M
 Heap Max Capacity: 8G
 Pre-touch: Disabled
 Parallel Workers: 8
 Concurrent Workers: 2
 Concurrent Refinement Workers: 8
 Periodic GC: Disabled

Heap:
 garbage-first heap   total 8388608K, used 6663820K [0x0000000600000000, 0x0000000800000000)
  region size 4096K, 496 young (2031616K), 18 survivors (73728K)
 Metaspace       used 570834K, committed 574528K, reserved 1572864K
  class space    used 110012K, committed 111680K, reserved 1048576K

Heap Regions: E=young(eden), S=young(survivor), O=old, HS=humongous(starts), HC=humongous(continues), CS=collection set, F=free, OA=open archive, CA=closed archive, TAMS=top-at-mark-start (previous, next)
|   0|0x0000000600000000, 0x0000000600400000, 0x0000000600400000|100%| O|  |TAMS 0x0000000600400000, 0x0000000600000000| Untracked 
|   1|0x0000000600400000, 0x0000000600800000, 0x0000000600800000|100%| O|  |TAMS 0x0000000600800000, 0x0000000600400000| Untracked 
|   2|0x0000000600800000, 0x0000000600c00000, 0x0000000600c00000|100%| O|  |TAMS 0x0000000600c00000, 0x0000000600800000| Untracked 
|   3|0x0000000600c00000, 0x0000000601000000, 0x0000000601000000|100%| O|  |TAMS 0x0000000601000000, 0x0000000600c00000| Untracked 
|   4|0x0000000601000000, 0x0000000601400000, 0x0000000601400000|100%| O|  |TAMS 0x0000000601400000, 0x0000000601000000| Untracked 
|   5|0x0000000601400000, 0x0000000601800000, 0x0000000601800000|100%| O|  |TAMS 0x0000000601800000, 0x0000000601400000| Untracked 
|   6|0x0000000601800000, 0x0000000601c00000, 0x0000000601c00000|100%| O|  |TAMS 0x0000000601c00000, 0x0000000601800000| Untracked 
|   7|0x0000000601c00000, 0x0000000602000000, 0x0000000602000000|100%| O|  |TAMS 0x0000000602000000, 0x0000000601c00000| Untracked 
|   8|0x0000000602000000, 0x0000000602400000, 0x0000000602400000|100%| O|  |TAMS 0x0000000602400000, 0x0000000602000000| Untracked 
|   9|0x0000000602400000, 0x0000000602800000, 0x0000000602800000|100%| O|  |TAMS 0x0000000602800000, 0x0000000602400000| Untracked 
|  10|0x0000000602800000, 0x0000000602c00000, 0x0000000602c00000|100%| O|  |TAMS 0x0000000602c00000, 0x0000000602800000| Untracked 
|  11|0x0000000602c00000, 0x0000000603000000, 0x0000000603000000|100%| O|  |TAMS 0x0000000603000000, 0x0000000602c00000| Untracked 
|  12|0x0000000603000000, 0x0000000603400000, 0x0000000603400000|100%| O|  |TAMS 0x0000000603400000, 0x0000000603000000| Untracked 
|  13|0x0000000603400000, 0x0000000603800000, 0x0000000603800000|100%| O|  |TAMS 0x0000000603800000, 0x0000000603400000| Untracked 
|  14|0x0000000603800000, 0x0000000603c00000, 0x0000000603c00000|100%| O|  |TAMS 0x0000000603c00000, 0x0000000603800000| Untracked 
|  15|0x0000000603c00000, 0x0000000604000000, 0x0000000604000000|100%| O|  |TAMS 0x0000000604000000, 0x0000000603c00000| Untracked 
|  16|0x0000000604000000, 0x0000000604400000, 0x0000000604400000|100%| O|  |TAMS 0x0000000604400000, 0x0000000604000000| Untracked 
|  17|0x0000000604400000, 0x0000000604800000, 0x0000000604800000|100%| O|  |TAMS 0x0000000604800000, 0x0000000604400000| Untracked 
|  18|0x0000000604800000, 0x0000000604c00000, 0x0000000604c00000|100%| O|  |TAMS 0x0000000604c00000, 0x0000000604800000| Untracked 
|  19|0x0000000604c00000, 0x0000000605000000, 0x0000000605000000|100%| O|  |TAMS 0x0000000605000000, 0x0000000604c00000| Untracked 
|  20|0x0000000605000000, 0x0000000605400000, 0x0000000605400000|100%| O|  |TAMS 0x0000000605400000, 0x0000000605000000| Untracked 
|  21|0x0000000605400000, 0x0000000605800000, 0x0000000605800000|100%| O|  |TAMS 0x0000000605800000, 0x0000000605400000| Untracked 
|  22|0x0000000605800000, 0x0000000605c00000, 0x0000000605c00000|100%| O|  |TAMS 0x0000000605c00000, 0x0000000605800000| Untracked 
|  23|0x0000000605c00000, 0x0000000606000000, 0x0000000606000000|100%| O|  |TAMS 0x0000000606000000, 0x0000000605c00000| Untracked 
|  24|0x0000000606000000, 0x0000000606400000, 0x0000000606400000|100%| O|  |TAMS 0x0000000606400000, 0x0000000606000000| Untracked 
|  25|0x0000000606400000, 0x0000000606800000, 0x0000000606800000|100%| O|  |TAMS 0x0000000606800000, 0x0000000606400000| Untracked 
|  26|0x0000000606800000, 0x0000000606c00000, 0x0000000606c00000|100%| O|  |TAMS 0x0000000606c00000, 0x0000000606800000| Untracked 
|  27|0x0000000606c00000, 0x0000000607000000, 0x0000000607000000|100%| O|  |TAMS 0x0000000607000000, 0x0000000606c00000| Untracked 
|  28|0x0000000607000000, 0x0000000607400000, 0x0000000607400000|100%| O|  |TAMS 0x0000000607400000, 0x0000000607000000| Untracked 
|  29|0x0000000607400000, 0x0000000607800000, 0x0000000607800000|100%| O|  |TAMS 0x0000000607800000, 0x0000000607400000| Untracked 
|  30|0x0000000607800000, 0x0000000607c00000, 0x0000000607c00000|100%| O|  |TAMS 0x0000000607c00000, 0x0000000607800000| Untracked 
|  31|0x0000000607c00000, 0x0000000608000000, 0x0000000608000000|100%| O|  |TAMS 0x0000000608000000, 0x0000000607c00000| Untracked 
|  32|0x0000000608000000, 0x0000000608400000, 0x0000000608400000|100%| O|  |TAMS 0x0000000608400000, 0x0000000608000000| Untracked 
|  33|0x0000000608400000, 0x0000000608800000, 0x0000000608800000|100%| O|  |TAMS 0x0000000608800000, 0x0000000608400000| Untracked 
|  34|0x0000000608800000, 0x0000000608c00000, 0x0000000608c00000|100%| O|  |TAMS 0x0000000608c00000, 0x0000000608800000| Untracked 
|  35|0x0000000608c00000, 0x0000000609000000, 0x0000000609000000|100%| O|  |TAMS 0x0000000609000000, 0x0000000608c00000| Untracked 
|  36|0x0000000609000000, 0x0000000609400000, 0x0000000609400000|100%| O|  |TAMS 0x0000000609400000, 0x0000000609000000| Untracked 
|  37|0x0000000609400000, 0x0000000609800000, 0x0000000609800000|100%| O|  |TAMS 0x0000000609800000, 0x0000000609400000| Untracked 
|  38|0x0000000609800000, 0x0000000609c00000, 0x0000000609c00000|100%| O|  |TAMS 0x0000000609c00000, 0x0000000609800000| Untracked 
|  39|0x0000000609c00000, 0x000000060a000000, 0x000000060a000000|100%| O|  |TAMS 0x000000060a000000, 0x0000000609c00000| Untracked 
|  40|0x000000060a000000, 0x000000060a400000, 0x000000060a400000|100%| O|  |TAMS 0x000000060a400000, 0x000000060a000000| Untracked 
|  41|0x000000060a400000, 0x000000060a800000, 0x000000060a800000|100%| O|  |TAMS 0x000000060a800000, 0x000000060a400000| Untracked 
|  42|0x000000060a800000, 0x000000060ac00000, 0x000000060ac00000|100%| O|  |TAMS 0x000000060ac00000, 0x000000060a800000| Untracked 
|  43|0x000000060ac00000, 0x000000060b000000, 0x000000060b000000|100%| O|  |TAMS 0x000000060b000000, 0x000000060ac00000| Untracked 
|  44|0x000000060b000000, 0x000000060b400000, 0x000000060b400000|100%| O|  |TAMS 0x000000060b400000, 0x000000060b000000| Untracked 
|  45|0x000000060b400000, 0x000000060b800000, 0x000000060b800000|100%| O|  |TAMS 0x000000060b800000, 0x000000060b400000| Untracked 
|  46|0x000000060b800000, 0x000000060bc00000, 0x000000060bc00000|100%| O|  |TAMS 0x000000060bc00000, 0x000000060b800000| Untracked 
|  47|0x000000060bc00000, 0x000000060c000000, 0x000000060c000000|100%| O|  |TAMS 0x000000060c000000, 0x000000060bc00000| Untracked 
|  48|0x000000060c000000, 0x000000060c400000, 0x000000060c400000|100%| O|  |TAMS 0x000000060c400000, 0x000000060c000000| Untracked 
|  49|0x000000060c400000, 0x000000060c800000, 0x000000060c800000|100%| O|  |TAMS 0x000000060c800000, 0x000000060c400000| Untracked 
|  50|0x000000060c800000, 0x000000060cc00000, 0x000000060cc00000|100%| O|  |TAMS 0x000000060cc00000, 0x000000060c800000| Untracked 
|  51|0x000000060cc00000, 0x000000060d000000, 0x000000060d000000|100%| O|  |TAMS 0x000000060d000000, 0x000000060cc00000| Untracked 
|  52|0x000000060d000000, 0x000000060d400000, 0x000000060d400000|100%|HS|  |TAMS 0x000000060d400000, 0x000000060d000000| Complete 
|  53|0x000000060d400000, 0x000000060d800000, 0x000000060d800000|100%|HC|  |TAMS 0x000000060d800000, 0x000000060d400000| Complete 
|  54|0x000000060d800000, 0x000000060dc00000, 0x000000060dc00000|100%| O|  |TAMS 0x000000060dc00000, 0x000000060d800000| Untracked 
|  55|0x000000060dc00000, 0x000000060e000000, 0x000000060e000000|100%| O|  |TAMS 0x000000060e000000, 0x000000060dc00000| Untracked 
|  56|0x000000060e000000, 0x000000060e400000, 0x000000060e400000|100%| O|  |TAMS 0x000000060e400000, 0x000000060e000000| Untracked 
|  57|0x000000060e400000, 0x000000060e800000, 0x000000060e800000|100%| O|  |TAMS 0x000000060e800000, 0x000000060e400000| Untracked 
|  58|0x000000060e800000, 0x000000060ec00000, 0x000000060ec00000|100%|HS|  |TAMS 0x000000060ec00000, 0x000000060e800000| Complete 
|  59|0x000000060ec00000, 0x000000060f000000, 0x000000060f000000|100%|HC|  |TAMS 0x000000060f000000, 0x000000060ec00000| Complete 
|  60|0x000000060f000000, 0x000000060f400000, 0x000000060f400000|100%| O|  |TAMS 0x000000060f400000, 0x000000060f000000| Untracked 
|  61|0x000000060f400000, 0x000000060f800000, 0x000000060f800000|100%| O|  |TAMS 0x000000060f800000, 0x000000060f400000| Untracked 
|  62|0x000000060f800000, 0x000000060fc00000, 0x000000060fc00000|100%| O|  |TAMS 0x000000060fc00000, 0x000000060f800000| Untracked 
|  63|0x000000060fc00000, 0x0000000610000000, 0x0000000610000000|100%| O|  |TAMS 0x0000000610000000, 0x000000060fc00000| Untracked 
|  64|0x0000000610000000, 0x0000000610400000, 0x0000000610400000|100%| O|  |TAMS 0x0000000610400000, 0x0000000610000000| Untracked 
|  65|0x0000000610400000, 0x0000000610800000, 0x0000000610800000|100%| O|  |TAMS 0x0000000610800000, 0x0000000610400000| Untracked 
|  66|0x0000000610800000, 0x0000000610c00000, 0x0000000610c00000|100%| O|  |TAMS 0x0000000610c00000, 0x0000000610800000| Untracked 
|  67|0x0000000610c00000, 0x0000000611000000, 0x0000000611000000|100%| O|  |TAMS 0x0000000611000000, 0x0000000610c00000| Untracked 
|  68|0x0000000611000000, 0x0000000611400000, 0x0000000611400000|100%| O|  |TAMS 0x0000000611400000, 0x0000000611000000| Untracked 
|  69|0x0000000611400000, 0x0000000611800000, 0x0000000611800000|100%|HS|  |TAMS 0x0000000611800000, 0x0000000611400000| Complete 
|  70|0x0000000611800000, 0x0000000611c00000, 0x0000000611c00000|100%|HC|  |TAMS 0x0000000611c00000, 0x0000000611800000| Complete 
|  71|0x0000000611c00000, 0x0000000612000000, 0x0000000612000000|100%| O|  |TAMS 0x0000000612000000, 0x0000000611c00000| Untracked 
|  72|0x0000000612000000, 0x0000000612400000, 0x0000000612400000|100%| O|  |TAMS 0x0000000612400000, 0x0000000612000000| Untracked 
|  73|0x0000000612400000, 0x0000000612800000, 0x0000000612800000|100%| O|  |TAMS 0x0000000612800000, 0x0000000612400000| Untracked 
|  74|0x0000000612800000, 0x0000000612c00000, 0x0000000612c00000|100%| O|  |TAMS 0x0000000612c00000, 0x0000000612800000| Untracked 
|  75|0x0000000612c00000, 0x0000000613000000, 0x0000000613000000|100%| O|  |TAMS 0x0000000613000000, 0x0000000612c00000| Untracked 
|  76|0x0000000613000000, 0x0000000613400000, 0x0000000613400000|100%| O|  |TAMS 0x0000000613400000, 0x0000000613000000| Untracked 
|  77|0x0000000613400000, 0x0000000613800000, 0x0000000613800000|100%| O|  |TAMS 0x0000000613800000, 0x0000000613400000| Untracked 
|  78|0x0000000613800000, 0x0000000613c00000, 0x0000000613c00000|100%| O|  |TAMS 0x0000000613c00000, 0x0000000613800000| Untracked 
|  79|0x0000000613c00000, 0x0000000614000000, 0x0000000614000000|100%| O|  |TAMS 0x0000000614000000, 0x0000000613c00000| Untracked 
|  80|0x0000000614000000, 0x0000000614400000, 0x0000000614400000|100%| O|  |TAMS 0x0000000614400000, 0x0000000614000000| Untracked 
|  81|0x0000000614400000, 0x0000000614800000, 0x0000000614800000|100%| O|  |TAMS 0x0000000614800000, 0x0000000614400000| Untracked 
|  82|0x0000000614800000, 0x0000000614c00000, 0x0000000614c00000|100%| O|  |TAMS 0x0000000614c00000, 0x0000000614800000| Untracked 
|  83|0x0000000614c00000, 0x0000000615000000, 0x0000000615000000|100%| O|  |TAMS 0x0000000615000000, 0x0000000614c00000| Untracked 
|  84|0x0000000615000000, 0x0000000615400000, 0x0000000615400000|100%| O|  |TAMS 0x0000000615400000, 0x0000000615000000| Untracked 
|  85|0x0000000615400000, 0x0000000615800000, 0x0000000615800000|100%| O|  |TAMS 0x0000000615800000, 0x0000000615400000| Untracked 
|  86|0x0000000615800000, 0x0000000615c00000, 0x0000000615c00000|100%| O|  |TAMS 0x0000000615c00000, 0x0000000615800000| Untracked 
|  87|0x0000000615c00000, 0x0000000616000000, 0x0000000616000000|100%| O|  |TAMS 0x0000000616000000, 0x0000000615c00000| Untracked 
|  88|0x0000000616000000, 0x0000000616400000, 0x0000000616400000|100%| O|  |TAMS 0x0000000616400000, 0x0000000616000000| Untracked 
|  89|0x0000000616400000, 0x0000000616800000, 0x0000000616800000|100%| O|  |TAMS 0x0000000616800000, 0x0000000616400000| Untracked 
|  90|0x0000000616800000, 0x0000000616c00000, 0x0000000616c00000|100%| O|  |TAMS 0x0000000616c00000, 0x0000000616800000| Untracked 
|  91|0x0000000616c00000, 0x0000000617000000, 0x0000000617000000|100%| O|  |TAMS 0x0000000617000000, 0x0000000616c00000| Untracked 
|  92|0x0000000617000000, 0x0000000617400000, 0x0000000617400000|100%| O|  |TAMS 0x0000000617400000, 0x0000000617000000| Untracked 
|  93|0x0000000617400000, 0x0000000617800000, 0x0000000617800000|100%| O|  |TAMS 0x0000000617800000, 0x0000000617400000| Untracked 
|  94|0x0000000617800000, 0x0000000617c00000, 0x0000000617c00000|100%| O|  |TAMS 0x0000000617c00000, 0x0000000617800000| Untracked 
|  95|0x0000000617c00000, 0x0000000618000000, 0x0000000618000000|100%| O|  |TAMS 0x0000000618000000, 0x0000000617c00000| Untracked 
|  96|0x0000000618000000, 0x0000000618400000, 0x0000000618400000|100%| O|  |TAMS 0x0000000618400000, 0x0000000618000000| Untracked 
|  97|0x0000000618400000, 0x0000000618800000, 0x0000000618800000|100%| O|  |TAMS 0x0000000618800000, 0x0000000618400000| Untracked 
|  98|0x0000000618800000, 0x0000000618c00000, 0x0000000618c00000|100%| O|  |TAMS 0x0000000618c00000, 0x0000000618800000| Untracked 
|  99|0x0000000618c00000, 0x0000000619000000, 0x0000000619000000|100%| O|  |TAMS 0x0000000619000000, 0x0000000618c00000| Untracked 
| 100|0x0000000619000000, 0x0000000619400000, 0x0000000619400000|100%| O|  |TAMS 0x0000000619400000, 0x0000000619000000| Untracked 
| 101|0x0000000619400000, 0x0000000619800000, 0x0000000619800000|100%| O|  |TAMS 0x0000000619800000, 0x0000000619400000| Untracked 
| 102|0x0000000619800000, 0x0000000619c00000, 0x0000000619c00000|100%| O|  |TAMS 0x0000000619c00000, 0x0000000619800000| Untracked 
| 103|0x0000000619c00000, 0x000000061a000000, 0x000000061a000000|100%| O|  |TAMS 0x000000061a000000, 0x0000000619c00000| Untracked 
| 104|0x000000061a000000, 0x000000061a400000, 0x000000061a400000|100%| O|  |TAMS 0x000000061a400000, 0x000000061a000000| Untracked 
| 105|0x000000061a400000, 0x000000061a800000, 0x000000061a800000|100%| O|  |TAMS 0x000000061a800000, 0x000000061a400000| Untracked 
| 106|0x000000061a800000, 0x000000061ac00000, 0x000000061ac00000|100%| O|  |TAMS 0x000000061ac00000, 0x000000061a800000| Untracked 
| 107|0x000000061ac00000, 0x000000061b000000, 0x000000061b000000|100%| O|  |TAMS 0x000000061b000000, 0x000000061ac00000| Untracked 
| 108|0x000000061b000000, 0x000000061b400000, 0x000000061b400000|100%| O|  |TAMS 0x000000061b400000, 0x000000061b000000| Untracked 
| 109|0x000000061b400000, 0x000000061b800000, 0x000000061b800000|100%| O|  |TAMS 0x000000061b800000, 0x000000061b400000| Untracked 
| 110|0x000000061b800000, 0x000000061bc00000, 0x000000061bc00000|100%| O|  |TAMS 0x000000061bc00000, 0x000000061b800000| Untracked 
| 111|0x000000061bc00000, 0x000000061c000000, 0x000000061c000000|100%| O|  |TAMS 0x000000061c000000, 0x000000061bc00000| Untracked 
| 112|0x000000061c000000, 0x000000061c400000, 0x000000061c400000|100%| O|  |TAMS 0x000000061c400000, 0x000000061c000000| Untracked 
| 113|0x000000061c400000, 0x000000061c800000, 0x000000061c800000|100%| O|  |TAMS 0x000000061c800000, 0x000000061c400000| Untracked 
| 114|0x000000061c800000, 0x000000061cc00000, 0x000000061cc00000|100%| O|  |TAMS 0x000000061cc00000, 0x000000061c800000| Untracked 
| 115|0x000000061cc00000, 0x000000061d000000, 0x000000061d000000|100%| O|  |TAMS 0x000000061d000000, 0x000000061cc00000| Untracked 
| 116|0x000000061d000000, 0x000000061d400000, 0x000000061d400000|100%| O|  |TAMS 0x000000061d400000, 0x000000061d000000| Untracked 
| 117|0x000000061d400000, 0x000000061d800000, 0x000000061d800000|100%| O|  |TAMS 0x000000061d800000, 0x000000061d400000| Untracked 
| 118|0x000000061d800000, 0x000000061dc00000, 0x000000061dc00000|100%| O|  |TAMS 0x000000061dc00000, 0x000000061d800000| Untracked 
| 119|0x000000061dc00000, 0x000000061e000000, 0x000000061e000000|100%| O|  |TAMS 0x000000061e000000, 0x000000061dc00000| Untracked 
| 120|0x000000061e000000, 0x000000061e400000, 0x000000061e400000|100%| O|  |TAMS 0x000000061e400000, 0x000000061e000000| Untracked 
| 121|0x000000061e400000, 0x000000061e800000, 0x000000061e800000|100%| O|  |TAMS 0x000000061e800000, 0x000000061e400000| Untracked 
| 122|0x000000061e800000, 0x000000061ec00000, 0x000000061ec00000|100%| O|  |TAMS 0x000000061ec00000, 0x000000061e800000| Untracked 
| 123|0x000000061ec00000, 0x000000061f000000, 0x000000061f000000|100%| O|  |TAMS 0x000000061f000000, 0x000000061ec00000| Untracked 
| 124|0x000000061f000000, 0x000000061f400000, 0x000000061f400000|100%| O|  |TAMS 0x000000061f400000, 0x000000061f000000| Untracked 
| 125|0x000000061f400000, 0x000000061f800000, 0x000000061f800000|100%| O|  |TAMS 0x000000061f800000, 0x000000061f400000| Untracked 
| 126|0x000000061f800000, 0x000000061fc00000, 0x000000061fc00000|100%| O|  |TAMS 0x000000061fc00000, 0x000000061f800000| Untracked 
| 127|0x000000061fc00000, 0x0000000620000000, 0x0000000620000000|100%| O|  |TAMS 0x0000000620000000, 0x000000061fc00000| Untracked 
| 128|0x0000000620000000, 0x0000000620400000, 0x0000000620400000|100%| O|  |TAMS 0x0000000620400000, 0x0000000620000000| Untracked 
| 129|0x0000000620400000, 0x0000000620800000, 0x0000000620800000|100%| O|  |TAMS 0x0000000620800000, 0x0000000620400000| Untracked 
| 130|0x0000000620800000, 0x0000000620c00000, 0x0000000620c00000|100%| O|  |TAMS 0x0000000620c00000, 0x0000000620800000| Untracked 
| 131|0x0000000620c00000, 0x0000000621000000, 0x0000000621000000|100%| O|  |TAMS 0x0000000621000000, 0x0000000620c00000| Untracked 
| 132|0x0000000621000000, 0x0000000621400000, 0x0000000621400000|100%| O|  |TAMS 0x0000000621400000, 0x0000000621000000| Untracked 
| 133|0x0000000621400000, 0x0000000621800000, 0x0000000621800000|100%| O|  |TAMS 0x0000000621800000, 0x0000000621400000| Untracked 
| 134|0x0000000621800000, 0x0000000621c00000, 0x0000000621c00000|100%| O|  |TAMS 0x0000000621c00000, 0x0000000621800000| Untracked 
| 135|0x0000000621c00000, 0x0000000622000000, 0x0000000622000000|100%| O|  |TAMS 0x0000000622000000, 0x0000000621c00000| Untracked 
| 136|0x0000000622000000, 0x0000000622400000, 0x0000000622400000|100%| O|  |TAMS 0x0000000622400000, 0x0000000622000000| Untracked 
| 137|0x0000000622400000, 0x0000000622800000, 0x0000000622800000|100%| O|  |TAMS 0x0000000622800000, 0x0000000622400000| Untracked 
| 138|0x0000000622800000, 0x0000000622c00000, 0x0000000622c00000|100%| O|  |TAMS 0x0000000622c00000, 0x0000000622800000| Untracked 
| 139|0x0000000622c00000, 0x0000000623000000, 0x0000000623000000|100%| O|  |TAMS 0x0000000623000000, 0x0000000622c00000| Untracked 
| 140|0x0000000623000000, 0x0000000623400000, 0x0000000623400000|100%| O|  |TAMS 0x0000000623400000, 0x0000000623000000| Untracked 
| 141|0x0000000623400000, 0x0000000623800000, 0x0000000623800000|100%| O|  |TAMS 0x0000000623800000, 0x0000000623400000| Untracked 
| 142|0x0000000623800000, 0x0000000623c00000, 0x0000000623c00000|100%| O|  |TAMS 0x0000000623c00000, 0x0000000623800000| Untracked 
| 143|0x0000000623c00000, 0x0000000624000000, 0x0000000624000000|100%| O|  |TAMS 0x0000000624000000, 0x0000000623c00000| Untracked 
| 144|0x0000000624000000, 0x0000000624400000, 0x0000000624400000|100%| O|  |TAMS 0x0000000624400000, 0x0000000624000000| Untracked 
| 145|0x0000000624400000, 0x0000000624800000, 0x0000000624800000|100%| O|  |TAMS 0x0000000624800000, 0x0000000624400000| Untracked 
| 146|0x0000000624800000, 0x0000000624c00000, 0x0000000624c00000|100%| O|  |TAMS 0x0000000624c00000, 0x0000000624800000| Untracked 
| 147|0x0000000624c00000, 0x0000000625000000, 0x0000000625000000|100%| O|  |TAMS 0x0000000625000000, 0x0000000624c00000| Untracked 
| 148|0x0000000625000000, 0x0000000625400000, 0x0000000625400000|100%| O|  |TAMS 0x0000000625400000, 0x0000000625000000| Untracked 
| 149|0x0000000625400000, 0x0000000625800000, 0x0000000625800000|100%| O|  |TAMS 0x0000000625800000, 0x0000000625400000| Untracked 
| 150|0x0000000625800000, 0x0000000625c00000, 0x0000000625c00000|100%| O|  |TAMS 0x0000000625c00000, 0x0000000625800000| Untracked 
| 151|0x0000000625c00000, 0x0000000626000000, 0x0000000626000000|100%| O|  |TAMS 0x0000000626000000, 0x0000000625c00000| Untracked 
| 152|0x0000000626000000, 0x0000000626400000, 0x0000000626400000|100%| O|  |TAMS 0x0000000626400000, 0x0000000626000000| Untracked 
| 153|0x0000000626400000, 0x0000000626800000, 0x0000000626800000|100%| O|  |TAMS 0x0000000626800000, 0x0000000626400000| Untracked 
| 154|0x0000000626800000, 0x0000000626c00000, 0x0000000626c00000|100%| O|  |TAMS 0x0000000626c00000, 0x0000000626800000| Untracked 
| 155|0x0000000626c00000, 0x0000000627000000, 0x0000000627000000|100%| O|  |TAMS 0x0000000627000000, 0x0000000626c00000| Untracked 
| 156|0x0000000627000000, 0x0000000627400000, 0x0000000627400000|100%| O|  |TAMS 0x0000000627400000, 0x0000000627000000| Untracked 
| 157|0x0000000627400000, 0x0000000627800000, 0x0000000627800000|100%| O|  |TAMS 0x0000000627800000, 0x0000000627400000| Untracked 
| 158|0x0000000627800000, 0x0000000627c00000, 0x0000000627c00000|100%| O|  |TAMS 0x0000000627c00000, 0x0000000627800000| Untracked 
| 159|0x0000000627c00000, 0x0000000628000000, 0x0000000628000000|100%| O|  |TAMS 0x0000000628000000, 0x0000000627c00000| Untracked 
| 160|0x0000000628000000, 0x0000000628400000, 0x0000000628400000|100%| O|  |TAMS 0x0000000628400000, 0x0000000628000000| Untracked 
| 161|0x0000000628400000, 0x0000000628800000, 0x0000000628800000|100%| O|  |TAMS 0x0000000628800000, 0x0000000628400000| Untracked 
| 162|0x0000000628800000, 0x0000000628c00000, 0x0000000628c00000|100%| O|  |TAMS 0x0000000628c00000, 0x0000000628800000| Untracked 
| 163|0x0000000628c00000, 0x0000000629000000, 0x0000000629000000|100%| O|  |TAMS 0x0000000629000000, 0x0000000628c00000| Untracked 
| 164|0x0000000629000000, 0x0000000629400000, 0x0000000629400000|100%| O|  |TAMS 0x0000000629400000, 0x0000000629000000| Untracked 
| 165|0x0000000629400000, 0x0000000629800000, 0x0000000629800000|100%| O|  |TAMS 0x0000000629800000, 0x0000000629400000| Untracked 
| 166|0x0000000629800000, 0x0000000629c00000, 0x0000000629c00000|100%| O|  |TAMS 0x0000000629c00000, 0x0000000629800000| Untracked 
| 167|0x0000000629c00000, 0x000000062a000000, 0x000000062a000000|100%| O|  |TAMS 0x000000062a000000, 0x0000000629c00000| Untracked 
| 168|0x000000062a000000, 0x000000062a400000, 0x000000062a400000|100%| O|  |TAMS 0x000000062a400000, 0x000000062a000000| Untracked 
| 169|0x000000062a400000, 0x000000062a800000, 0x000000062a800000|100%| O|  |TAMS 0x000000062a800000, 0x000000062a400000| Untracked 
| 170|0x000000062a800000, 0x000000062ac00000, 0x000000062ac00000|100%| O|  |TAMS 0x000000062ac00000, 0x000000062a800000| Untracked 
| 171|0x000000062ac00000, 0x000000062b000000, 0x000000062b000000|100%| O|  |TAMS 0x000000062b000000, 0x000000062ac00000| Untracked 
| 172|0x000000062b000000, 0x000000062b400000, 0x000000062b400000|100%| O|  |TAMS 0x000000062b400000, 0x000000062b000000| Untracked 
| 173|0x000000062b400000, 0x000000062b800000, 0x000000062b800000|100%| O|  |TAMS 0x000000062b800000, 0x000000062b400000| Untracked 
| 174|0x000000062b800000, 0x000000062bc00000, 0x000000062bc00000|100%|HS|  |TAMS 0x000000062bc00000, 0x000000062b800000| Complete 
| 175|0x000000062bc00000, 0x000000062c000000, 0x000000062c000000|100%| O|  |TAMS 0x000000062c000000, 0x000000062bc00000| Untracked 
| 176|0x000000062c000000, 0x000000062c400000, 0x000000062c400000|100%| O|  |TAMS 0x000000062c400000, 0x000000062c000000| Untracked 
| 177|0x000000062c400000, 0x000000062c800000, 0x000000062c800000|100%| O|  |TAMS 0x000000062c800000, 0x000000062c400000| Untracked 
| 178|0x000000062c800000, 0x000000062cc00000, 0x000000062cc00000|100%| O|  |TAMS 0x000000062cc00000, 0x000000062c800000| Untracked 
| 179|0x000000062cc00000, 0x000000062d000000, 0x000000062d000000|100%| O|  |TAMS 0x000000062d000000, 0x000000062cc00000| Untracked 
| 180|0x000000062d000000, 0x000000062d400000, 0x000000062d400000|100%| O|  |TAMS 0x000000062d400000, 0x000000062d000000| Untracked 
| 181|0x000000062d400000, 0x000000062d800000, 0x000000062d800000|100%| O|  |TAMS 0x000000062d800000, 0x000000062d400000| Untracked 
| 182|0x000000062d800000, 0x000000062dc00000, 0x000000062dc00000|100%| O|  |TAMS 0x000000062dc00000, 0x000000062d800000| Untracked 
| 183|0x000000062dc00000, 0x000000062e000000, 0x000000062e000000|100%| O|  |TAMS 0x000000062e000000, 0x000000062dc00000| Untracked 
| 184|0x000000062e000000, 0x000000062e400000, 0x000000062e400000|100%| O|  |TAMS 0x000000062e400000, 0x000000062e000000| Untracked 
| 185|0x000000062e400000, 0x000000062e800000, 0x000000062e800000|100%| O|  |TAMS 0x000000062e800000, 0x000000062e400000| Untracked 
| 186|0x000000062e800000, 0x000000062ec00000, 0x000000062ec00000|100%| O|  |TAMS 0x000000062ec00000, 0x000000062e800000| Untracked 
| 187|0x000000062ec00000, 0x000000062f000000, 0x000000062f000000|100%| O|  |TAMS 0x000000062f000000, 0x000000062ec00000| Untracked 
| 188|0x000000062f000000, 0x000000062f400000, 0x000000062f400000|100%| O|  |TAMS 0x000000062f400000, 0x000000062f000000| Untracked 
| 189|0x000000062f400000, 0x000000062f800000, 0x000000062f800000|100%| O|  |TAMS 0x000000062f800000, 0x000000062f400000| Untracked 
| 190|0x000000062f800000, 0x000000062fc00000, 0x000000062fc00000|100%| O|  |TAMS 0x000000062fc00000, 0x000000062f800000| Untracked 
| 191|0x000000062fc00000, 0x0000000630000000, 0x0000000630000000|100%| O|  |TAMS 0x0000000630000000, 0x000000062fc00000| Untracked 
| 192|0x0000000630000000, 0x0000000630400000, 0x0000000630400000|100%| O|  |TAMS 0x0000000630400000, 0x0000000630000000| Untracked 
| 193|0x0000000630400000, 0x0000000630800000, 0x0000000630800000|100%| O|  |TAMS 0x0000000630800000, 0x0000000630400000| Untracked 
| 194|0x0000000630800000, 0x0000000630c00000, 0x0000000630c00000|100%| O|  |TAMS 0x0000000630c00000, 0x0000000630800000| Untracked 
| 195|0x0000000630c00000, 0x0000000631000000, 0x0000000631000000|100%| O|  |TAMS 0x0000000631000000, 0x0000000630c00000| Untracked 
| 196|0x0000000631000000, 0x0000000631400000, 0x0000000631400000|100%| O|  |TAMS 0x0000000631400000, 0x0000000631000000| Untracked 
| 197|0x0000000631400000, 0x0000000631800000, 0x0000000631800000|100%| O|  |TAMS 0x0000000631800000, 0x0000000631400000| Untracked 
| 198|0x0000000631800000, 0x0000000631c00000, 0x0000000631c00000|100%| O|  |TAMS 0x0000000631c00000, 0x0000000631800000| Untracked 
| 199|0x0000000631c00000, 0x0000000632000000, 0x0000000632000000|100%| O|  |TAMS 0x0000000632000000, 0x0000000631c00000| Untracked 
| 200|0x0000000632000000, 0x0000000632400000, 0x0000000632400000|100%| O|  |TAMS 0x0000000632400000, 0x0000000632000000| Untracked 
| 201|0x0000000632400000, 0x0000000632800000, 0x0000000632800000|100%| O|  |TAMS 0x0000000632800000, 0x0000000632400000| Untracked 
| 202|0x0000000632800000, 0x0000000632c00000, 0x0000000632c00000|100%| O|  |TAMS 0x0000000632c00000, 0x0000000632800000| Untracked 
| 203|0x0000000632c00000, 0x0000000633000000, 0x0000000633000000|100%| O|  |TAMS 0x0000000633000000, 0x0000000632c00000| Untracked 
| 204|0x0000000633000000, 0x0000000633400000, 0x0000000633400000|100%| O|  |TAMS 0x0000000633400000, 0x0000000633000000| Untracked 
| 205|0x0000000633400000, 0x0000000633800000, 0x0000000633800000|100%| O|  |TAMS 0x0000000633800000, 0x0000000633400000| Untracked 
| 206|0x0000000633800000, 0x0000000633c00000, 0x0000000633c00000|100%| O|  |TAMS 0x0000000633c00000, 0x0000000633800000| Untracked 
| 207|0x0000000633c00000, 0x0000000634000000, 0x0000000634000000|100%| O|  |TAMS 0x0000000634000000, 0x0000000633c00000| Untracked 
| 208|0x0000000634000000, 0x0000000634400000, 0x0000000634400000|100%| O|  |TAMS 0x0000000634400000, 0x0000000634000000| Untracked 
| 209|0x0000000634400000, 0x0000000634800000, 0x0000000634800000|100%| O|  |TAMS 0x0000000634800000, 0x0000000634400000| Untracked 
| 210|0x0000000634800000, 0x0000000634c00000, 0x0000000634c00000|100%| O|  |TAMS 0x0000000634c00000, 0x0000000634800000| Untracked 
| 211|0x0000000634c00000, 0x0000000635000000, 0x0000000635000000|100%| O|  |TAMS 0x0000000635000000, 0x0000000634c00000| Untracked 
| 212|0x0000000635000000, 0x0000000635400000, 0x0000000635400000|100%| O|  |TAMS 0x0000000635400000, 0x0000000635000000| Untracked 
| 213|0x0000000635400000, 0x0000000635800000, 0x0000000635800000|100%| O|  |TAMS 0x0000000635800000, 0x0000000635400000| Untracked 
| 214|0x0000000635800000, 0x0000000635c00000, 0x0000000635c00000|100%| O|  |TAMS 0x0000000635c00000, 0x0000000635800000| Untracked 
| 215|0x0000000635c00000, 0x0000000636000000, 0x0000000636000000|100%| O|  |TAMS 0x0000000636000000, 0x0000000635c00000| Untracked 
| 216|0x0000000636000000, 0x0000000636400000, 0x0000000636400000|100%| O|  |TAMS 0x0000000636400000, 0x0000000636000000| Untracked 
| 217|0x0000000636400000, 0x0000000636800000, 0x0000000636800000|100%| O|  |TAMS 0x0000000636800000, 0x0000000636400000| Complete 
| 218|0x0000000636800000, 0x0000000636c00000, 0x0000000636c00000|100%|HS|  |TAMS 0x0000000636800000, 0x0000000636800000| Complete 
| 219|0x0000000636c00000, 0x0000000637000000, 0x0000000637000000|100%|HS|  |TAMS 0x0000000636c00000, 0x0000000636c00000| Complete 
| 220|0x0000000637000000, 0x0000000637400000, 0x0000000637400000|100%|HC|  |TAMS 0x0000000637000000, 0x0000000637000000| Complete 
| 221|0x0000000637400000, 0x0000000637800000, 0x0000000637800000|100%| O|  |TAMS 0x0000000637800000, 0x0000000637400000| Untracked 
| 222|0x0000000637800000, 0x0000000637c00000, 0x0000000637c00000|100%| O|  |TAMS 0x0000000637c00000, 0x0000000637800000| Untracked 
| 223|0x0000000637c00000, 0x0000000638000000, 0x0000000638000000|100%| O|  |TAMS 0x0000000638000000, 0x0000000637c00000| Untracked 
| 224|0x0000000638000000, 0x0000000638400000, 0x0000000638400000|100%| O|  |TAMS 0x0000000638400000, 0x0000000638000000| Untracked 
| 225|0x0000000638400000, 0x0000000638800000, 0x0000000638800000|100%| O|  |TAMS 0x0000000638800000, 0x0000000638400000| Untracked 
| 226|0x0000000638800000, 0x0000000638c00000, 0x0000000638c00000|100%| O|  |TAMS 0x0000000638c00000, 0x0000000638800000| Untracked 
| 227|0x0000000638c00000, 0x0000000639000000, 0x0000000639000000|100%| O|  |TAMS 0x0000000639000000, 0x0000000638c00000| Untracked 
| 228|0x0000000639000000, 0x0000000639400000, 0x0000000639400000|100%| O|  |TAMS 0x0000000639400000, 0x0000000639000000| Untracked 
| 229|0x0000000639400000, 0x0000000639800000, 0x0000000639800000|100%| O|  |TAMS 0x0000000639800000, 0x0000000639400000| Untracked 
| 230|0x0000000639800000, 0x0000000639c00000, 0x0000000639c00000|100%| O|  |TAMS 0x0000000639c00000, 0x0000000639800000| Untracked 
| 231|0x0000000639c00000, 0x000000063a000000, 0x000000063a000000|100%| O|  |TAMS 0x000000063a000000, 0x0000000639c00000| Untracked 
| 232|0x000000063a000000, 0x000000063a400000, 0x000000063a400000|100%| O|  |TAMS 0x000000063a400000, 0x000000063a000000| Untracked 
| 233|0x000000063a400000, 0x000000063a800000, 0x000000063a800000|100%| O|  |TAMS 0x000000063a800000, 0x000000063a400000| Untracked 
| 234|0x000000063a800000, 0x000000063ac00000, 0x000000063ac00000|100%| O|  |TAMS 0x000000063ac00000, 0x000000063a800000| Untracked 
| 235|0x000000063ac00000, 0x000000063b000000, 0x000000063b000000|100%| O|  |TAMS 0x000000063b000000, 0x000000063ac00000| Untracked 
| 236|0x000000063b000000, 0x000000063b400000, 0x000000063b400000|100%| O|  |TAMS 0x000000063b400000, 0x000000063b000000| Untracked 
| 237|0x000000063b400000, 0x000000063b800000, 0x000000063b800000|100%| O|  |TAMS 0x000000063b800000, 0x000000063b400000| Untracked 
| 238|0x000000063b800000, 0x000000063bc00000, 0x000000063bc00000|100%| O|  |TAMS 0x000000063bc00000, 0x000000063b800000| Untracked 
| 239|0x000000063bc00000, 0x000000063c000000, 0x000000063c000000|100%| O|  |TAMS 0x000000063c000000, 0x000000063bc00000| Untracked 
| 240|0x000000063c000000, 0x000000063c400000, 0x000000063c400000|100%| O|  |TAMS 0x000000063c400000, 0x000000063c000000| Untracked 
| 241|0x000000063c400000, 0x000000063c800000, 0x000000063c800000|100%| O|  |TAMS 0x000000063c800000, 0x000000063c400000| Complete 
| 242|0x000000063c800000, 0x000000063cc00000, 0x000000063cc00000|100%| O|  |TAMS 0x000000063cc00000, 0x000000063c800000| Untracked 
| 243|0x000000063cc00000, 0x000000063d000000, 0x000000063d000000|100%| O|  |TAMS 0x000000063d000000, 0x000000063cc00000| Untracked 
| 244|0x000000063d000000, 0x000000063d400000, 0x000000063d400000|100%|HS|  |TAMS 0x000000063d000000, 0x000000063d000000| Complete 
| 245|0x000000063d400000, 0x000000063d800000, 0x000000063d800000|100%| O|  |TAMS 0x000000063d800000, 0x000000063d400000| Untracked 
| 246|0x000000063d800000, 0x000000063dc00000, 0x000000063dc00000|100%| O|  |TAMS 0x000000063dc00000, 0x000000063d800000| Complete 
| 247|0x000000063dc00000, 0x000000063e000000, 0x000000063e000000|100%| O|  |TAMS 0x000000063e000000, 0x000000063dc00000| Untracked 
| 248|0x000000063e000000, 0x000000063e400000, 0x000000063e400000|100%| O|  |TAMS 0x000000063e400000, 0x000000063e000000| Untracked 
| 249|0x000000063e400000, 0x000000063e800000, 0x000000063e800000|100%| O|  |TAMS 0x000000063e800000, 0x000000063e400000| Untracked 
| 250|0x000000063e800000, 0x000000063ec00000, 0x000000063ec00000|100%| O|  |TAMS 0x000000063ec00000, 0x000000063e800000| Complete 
| 251|0x000000063ec00000, 0x000000063f000000, 0x000000063f000000|100%| O|  |TAMS 0x000000063f000000, 0x000000063ec00000| Untracked 
| 252|0x000000063f000000, 0x000000063f400000, 0x000000063f400000|100%| O|  |TAMS 0x000000063f400000, 0x000000063f000000| Untracked 
| 253|0x000000063f400000, 0x000000063f800000, 0x000000063f800000|100%| O|  |TAMS 0x000000063f800000, 0x000000063f400000| Untracked 
| 254|0x000000063f800000, 0x000000063fc00000, 0x000000063fc00000|100%| O|  |TAMS 0x000000063fc00000, 0x000000063f800000| Untracked 
| 255|0x000000063fc00000, 0x0000000640000000, 0x0000000640000000|100%| O|  |TAMS 0x0000000640000000, 0x000000063fc00000| Complete 
| 256|0x0000000640000000, 0x0000000640400000, 0x0000000640400000|100%| O|  |TAMS 0x0000000640400000, 0x0000000640000000| Untracked 
| 257|0x0000000640400000, 0x0000000640800000, 0x0000000640800000|100%| O|  |TAMS 0x0000000640800000, 0x0000000640400000| Untracked 
| 258|0x0000000640800000, 0x0000000640c00000, 0x0000000640c00000|100%| O|  |TAMS 0x0000000640c00000, 0x0000000640800000| Complete 
| 259|0x0000000640c00000, 0x0000000641000000, 0x0000000641000000|100%| O|  |TAMS 0x0000000641000000, 0x0000000640c00000| Untracked 
| 260|0x0000000641000000, 0x0000000641400000, 0x0000000641400000|100%| O|  |TAMS 0x0000000641400000, 0x0000000641000000| Untracked 
| 261|0x0000000641400000, 0x0000000641800000, 0x0000000641800000|100%| O|  |TAMS 0x0000000641800000, 0x0000000641400000| Untracked 
| 262|0x0000000641800000, 0x0000000641c00000, 0x0000000641c00000|100%| O|  |TAMS 0x0000000641c00000, 0x0000000641800000| Untracked 
| 263|0x0000000641c00000, 0x0000000642000000, 0x0000000642000000|100%| O|  |TAMS 0x0000000642000000, 0x0000000641c00000| Untracked 
| 264|0x0000000642000000, 0x0000000642400000, 0x0000000642400000|100%| O|  |TAMS 0x0000000642400000, 0x0000000642000000| Untracked 
| 265|0x0000000642400000, 0x0000000642800000, 0x0000000642800000|100%| O|  |TAMS 0x0000000642800000, 0x0000000642400000| Untracked 
| 266|0x0000000642800000, 0x0000000642c00000, 0x0000000642c00000|100%| O|  |TAMS 0x0000000642c00000, 0x0000000642800000| Complete 
| 267|0x0000000642c00000, 0x0000000642c00000, 0x0000000643000000|  0%| F|  |TAMS 0x0000000642c00000, 0x0000000642c00000| Untracked 
| 268|0x0000000643000000, 0x0000000643400000, 0x0000000643400000|100%|HS|  |TAMS 0x0000000643400000, 0x0000000643000000| Complete 
| 269|0x0000000643400000, 0x0000000643800000, 0x0000000643800000|100%|HC|  |TAMS 0x0000000643800000, 0x0000000643400000| Complete 
| 270|0x0000000643800000, 0x0000000643c00000, 0x0000000643c00000|100%| O|  |TAMS 0x0000000643c00000, 0x0000000643800000| Untracked 
| 271|0x0000000643c00000, 0x0000000644000000, 0x0000000644000000|100%| O|  |TAMS 0x0000000644000000, 0x0000000643c00000| Untracked 
| 272|0x0000000644000000, 0x0000000644400000, 0x0000000644400000|100%| O|  |TAMS 0x0000000644400000, 0x0000000644000000| Untracked 
| 273|0x0000000644400000, 0x0000000644800000, 0x0000000644800000|100%| O|  |TAMS 0x0000000644800000, 0x0000000644400000| Untracked 
| 274|0x0000000644800000, 0x0000000644c00000, 0x0000000644c00000|100%| O|  |TAMS 0x0000000644c00000, 0x0000000644800000| Untracked 
| 275|0x0000000644c00000, 0x0000000645000000, 0x0000000645000000|100%| O|  |TAMS 0x0000000645000000, 0x0000000644c00000| Untracked 
| 276|0x0000000645000000, 0x0000000645400000, 0x0000000645400000|100%| O|  |TAMS 0x0000000645400000, 0x0000000645000000| Untracked 
| 277|0x0000000645400000, 0x0000000645800000, 0x0000000645800000|100%| O|  |TAMS 0x0000000645800000, 0x0000000645400000| Untracked 
| 278|0x0000000645800000, 0x0000000645c00000, 0x0000000645c00000|100%| O|  |TAMS 0x0000000645c00000, 0x0000000645800000| Untracked 
| 279|0x0000000645c00000, 0x0000000646000000, 0x0000000646000000|100%| O|  |TAMS 0x0000000646000000, 0x0000000645c00000| Untracked 
| 280|0x0000000646000000, 0x0000000646400000, 0x0000000646400000|100%| O|  |TAMS 0x0000000646400000, 0x0000000646000000| Untracked 
| 281|0x0000000646400000, 0x0000000646800000, 0x0000000646800000|100%| O|  |TAMS 0x0000000646800000, 0x0000000646400000| Untracked 
| 282|0x0000000646800000, 0x0000000646c00000, 0x0000000646c00000|100%| O|  |TAMS 0x0000000646c00000, 0x0000000646800000| Untracked 
| 283|0x0000000646c00000, 0x0000000647000000, 0x0000000647000000|100%| O|  |TAMS 0x0000000647000000, 0x0000000646c00000| Complete 
| 284|0x0000000647000000, 0x0000000647400000, 0x0000000647400000|100%|HS|  |TAMS 0x0000000647400000, 0x0000000647000000| Complete 
| 285|0x0000000647400000, 0x0000000647800000, 0x0000000647800000|100%|HC|  |TAMS 0x0000000647800000, 0x0000000647400000| Complete 
| 286|0x0000000647800000, 0x0000000647c00000, 0x0000000647c00000|100%| O|  |TAMS 0x0000000647c00000, 0x0000000647800000| Untracked 
| 287|0x0000000647c00000, 0x0000000648000000, 0x0000000648000000|100%| O|  |TAMS 0x0000000648000000, 0x0000000647c00000| Complete 
| 288|0x0000000648000000, 0x0000000648400000, 0x0000000648400000|100%| O|  |TAMS 0x0000000648400000, 0x0000000648000000| Untracked 
| 289|0x0000000648400000, 0x0000000648800000, 0x0000000648800000|100%| O|  |TAMS 0x0000000648800000, 0x0000000648400000| Untracked 
| 290|0x0000000648800000, 0x0000000648c00000, 0x0000000648c00000|100%| O|  |TAMS 0x0000000648c00000, 0x0000000648800000| Untracked 
| 291|0x0000000648c00000, 0x0000000649000000, 0x0000000649000000|100%| O|  |TAMS 0x0000000649000000, 0x0000000648c00000| Untracked 
| 292|0x0000000649000000, 0x0000000649400000, 0x0000000649400000|100%| O|  |TAMS 0x0000000649400000, 0x0000000649000000| Untracked 
| 293|0x0000000649400000, 0x0000000649800000, 0x0000000649800000|100%| O|  |TAMS 0x0000000649800000, 0x0000000649400000| Untracked 
| 294|0x0000000649800000, 0x0000000649c00000, 0x0000000649c00000|100%| O|  |TAMS 0x0000000649c00000, 0x0000000649800000| Untracked 
| 295|0x0000000649c00000, 0x000000064a000000, 0x000000064a000000|100%| O|  |TAMS 0x000000064a000000, 0x0000000649c00000| Untracked 
| 296|0x000000064a000000, 0x000000064a400000, 0x000000064a400000|100%| O|  |TAMS 0x000000064a400000, 0x000000064a000000| Untracked 
| 297|0x000000064a400000, 0x000000064a800000, 0x000000064a800000|100%| O|  |TAMS 0x000000064a800000, 0x000000064a400000| Untracked 
| 298|0x000000064a800000, 0x000000064ac00000, 0x000000064ac00000|100%| O|  |TAMS 0x000000064ac00000, 0x000000064a800000| Untracked 
| 299|0x000000064ac00000, 0x000000064b000000, 0x000000064b000000|100%| O|  |TAMS 0x000000064b000000, 0x000000064ac00000| Untracked 
| 300|0x000000064b000000, 0x000000064b400000, 0x000000064b400000|100%| O|  |TAMS 0x000000064b400000, 0x000000064b000000| Untracked 
| 301|0x000000064b400000, 0x000000064b800000, 0x000000064b800000|100%| O|  |TAMS 0x000000064b800000, 0x000000064b400000| Untracked 
| 302|0x000000064b800000, 0x000000064bc00000, 0x000000064bc00000|100%| O|  |TAMS 0x000000064bc00000, 0x000000064b800000| Untracked 
| 303|0x000000064bc00000, 0x000000064c000000, 0x000000064c000000|100%|HS|  |TAMS 0x000000064c000000, 0x000000064bc00000| Complete 
| 304|0x000000064c000000, 0x000000064c400000, 0x000000064c400000|100%|HC|  |TAMS 0x000000064c400000, 0x000000064c000000| Complete 
| 305|0x000000064c400000, 0x000000064c800000, 0x000000064c800000|100%|HS|  |TAMS 0x000000064c800000, 0x000000064c400000| Complete 
| 306|0x000000064c800000, 0x000000064cc00000, 0x000000064cc00000|100%|HC|  |TAMS 0x000000064cc00000, 0x000000064c800000| Complete 
| 307|0x000000064cc00000, 0x000000064d000000, 0x000000064d000000|100%|HS|  |TAMS 0x000000064d000000, 0x000000064cc00000| Complete 
| 308|0x000000064d000000, 0x000000064d400000, 0x000000064d400000|100%|HC|  |TAMS 0x000000064d400000, 0x000000064d000000| Complete 
| 309|0x000000064d400000, 0x000000064d800000, 0x000000064d800000|100%|HS|  |TAMS 0x000000064d800000, 0x000000064d400000| Complete 
| 310|0x000000064d800000, 0x000000064dc00000, 0x000000064dc00000|100%|HC|  |TAMS 0x000000064dc00000, 0x000000064d800000| Complete 
| 311|0x000000064dc00000, 0x000000064e000000, 0x000000064e000000|100%| O|  |TAMS 0x000000064e000000, 0x000000064dc00000| Untracked 
| 312|0x000000064e000000, 0x000000064e400000, 0x000000064e400000|100%| O|  |TAMS 0x000000064e400000, 0x000000064e000000| Untracked 
| 313|0x000000064e400000, 0x000000064e800000, 0x000000064e800000|100%| O|  |TAMS 0x000000064e800000, 0x000000064e400000| Untracked 
| 314|0x000000064e800000, 0x000000064ec00000, 0x000000064ec00000|100%| O|  |TAMS 0x000000064ec00000, 0x000000064e800000| Untracked 
| 315|0x000000064ec00000, 0x000000064f000000, 0x000000064f000000|100%| O|  |TAMS 0x000000064f000000, 0x000000064ec00000| Untracked 
| 316|0x000000064f000000, 0x000000064f400000, 0x000000064f400000|100%| O|  |TAMS 0x000000064f400000, 0x000000064f000000| Untracked 
| 317|0x000000064f400000, 0x000000064f800000, 0x000000064f800000|100%| O|  |TAMS 0x000000064f800000, 0x000000064f400000| Untracked 
| 318|0x000000064f800000, 0x000000064fc00000, 0x000000064fc00000|100%| O|  |TAMS 0x000000064fc00000, 0x000000064f800000| Untracked 
| 319|0x000000064fc00000, 0x0000000650000000, 0x0000000650000000|100%| O|  |TAMS 0x0000000650000000, 0x000000064fc00000| Untracked 
| 320|0x0000000650000000, 0x0000000650400000, 0x0000000650400000|100%| O|  |TAMS 0x0000000650400000, 0x0000000650000000| Untracked 
| 321|0x0000000650400000, 0x0000000650800000, 0x0000000650800000|100%| O|  |TAMS 0x0000000650800000, 0x0000000650400000| Untracked 
| 322|0x0000000650800000, 0x0000000650c00000, 0x0000000650c00000|100%| O|  |TAMS 0x0000000650c00000, 0x0000000650800000| Untracked 
| 323|0x0000000650c00000, 0x0000000651000000, 0x0000000651000000|100%| O|  |TAMS 0x0000000651000000, 0x0000000650c00000| Untracked 
| 324|0x0000000651000000, 0x0000000651400000, 0x0000000651400000|100%| O|  |TAMS 0x0000000651400000, 0x0000000651000000| Untracked 
| 325|0x0000000651400000, 0x0000000651800000, 0x0000000651800000|100%| O|  |TAMS 0x0000000651800000, 0x0000000651400000| Untracked 
| 326|0x0000000651800000, 0x0000000651c00000, 0x0000000651c00000|100%| O|  |TAMS 0x0000000651c00000, 0x0000000651800000| Untracked 
| 327|0x0000000651c00000, 0x0000000652000000, 0x0000000652000000|100%| O|  |TAMS 0x0000000652000000, 0x0000000651c00000| Untracked 
| 328|0x0000000652000000, 0x0000000652400000, 0x0000000652400000|100%| O|  |TAMS 0x0000000652400000, 0x0000000652000000| Untracked 
| 329|0x0000000652400000, 0x0000000652800000, 0x0000000652800000|100%| O|  |TAMS 0x0000000652800000, 0x0000000652400000| Untracked 
| 330|0x0000000652800000, 0x0000000652c00000, 0x0000000652c00000|100%| O|  |TAMS 0x0000000652c00000, 0x0000000652800000| Untracked 
| 331|0x0000000652c00000, 0x0000000653000000, 0x0000000653000000|100%| O|  |TAMS 0x0000000653000000, 0x0000000652c00000| Untracked 
| 332|0x0000000653000000, 0x0000000653400000, 0x0000000653400000|100%| O|  |TAMS 0x0000000653400000, 0x0000000653000000| Untracked 
| 333|0x0000000653400000, 0x0000000653800000, 0x0000000653800000|100%| O|  |TAMS 0x0000000653800000, 0x0000000653400000| Untracked 
| 334|0x0000000653800000, 0x0000000653c00000, 0x0000000653c00000|100%| O|  |TAMS 0x0000000653c00000, 0x0000000653800000| Untracked 
| 335|0x0000000653c00000, 0x0000000654000000, 0x0000000654000000|100%| O|  |TAMS 0x0000000654000000, 0x0000000653c00000| Untracked 
| 336|0x0000000654000000, 0x0000000654400000, 0x0000000654400000|100%| O|  |TAMS 0x0000000654400000, 0x0000000654000000| Untracked 
| 337|0x0000000654400000, 0x0000000654800000, 0x0000000654800000|100%| O|  |TAMS 0x0000000654800000, 0x0000000654400000| Untracked 
| 338|0x0000000654800000, 0x0000000654c00000, 0x0000000654c00000|100%| O|  |TAMS 0x0000000654c00000, 0x0000000654800000| Untracked 
| 339|0x0000000654c00000, 0x0000000655000000, 0x0000000655000000|100%| O|  |TAMS 0x0000000655000000, 0x0000000654c00000| Untracked 
| 340|0x0000000655000000, 0x0000000655400000, 0x0000000655400000|100%| O|  |TAMS 0x0000000655400000, 0x0000000655000000| Untracked 
| 341|0x0000000655400000, 0x0000000655800000, 0x0000000655800000|100%| O|  |TAMS 0x0000000655800000, 0x0000000655400000| Untracked 
| 342|0x0000000655800000, 0x0000000655c00000, 0x0000000655c00000|100%| O|  |TAMS 0x0000000655c00000, 0x0000000655800000| Untracked 
| 343|0x0000000655c00000, 0x0000000656000000, 0x0000000656000000|100%| O|  |TAMS 0x0000000656000000, 0x0000000655c00000| Untracked 
| 344|0x0000000656000000, 0x0000000656400000, 0x0000000656400000|100%| O|  |TAMS 0x0000000656400000, 0x0000000656000000| Untracked 
| 345|0x0000000656400000, 0x0000000656800000, 0x0000000656800000|100%| O|  |TAMS 0x0000000656800000, 0x0000000656400000| Untracked 
| 346|0x0000000656800000, 0x0000000656c00000, 0x0000000656c00000|100%| O|  |TAMS 0x0000000656c00000, 0x0000000656800000| Untracked 
| 347|0x0000000656c00000, 0x0000000657000000, 0x0000000657000000|100%| O|  |TAMS 0x0000000657000000, 0x0000000656c00000| Untracked 
| 348|0x0000000657000000, 0x0000000657400000, 0x0000000657400000|100%| O|  |TAMS 0x0000000657400000, 0x0000000657000000| Untracked 
| 349|0x0000000657400000, 0x0000000657800000, 0x0000000657800000|100%| O|  |TAMS 0x0000000657800000, 0x0000000657400000| Untracked 
| 350|0x0000000657800000, 0x0000000657c00000, 0x0000000657c00000|100%| O|  |TAMS 0x0000000657c00000, 0x0000000657800000| Untracked 
| 351|0x0000000657c00000, 0x0000000658000000, 0x0000000658000000|100%| O|  |TAMS 0x0000000658000000, 0x0000000657c00000| Untracked 
| 352|0x0000000658000000, 0x0000000658400000, 0x0000000658400000|100%| O|  |TAMS 0x0000000658400000, 0x0000000658000000| Untracked 
| 353|0x0000000658400000, 0x0000000658800000, 0x0000000658800000|100%| O|  |TAMS 0x0000000658800000, 0x0000000658400000| Untracked 
| 354|0x0000000658800000, 0x0000000658c00000, 0x0000000658c00000|100%| O|  |TAMS 0x0000000658c00000, 0x0000000658800000| Untracked 
| 355|0x0000000658c00000, 0x0000000659000000, 0x0000000659000000|100%| O|  |TAMS 0x0000000659000000, 0x0000000658c00000| Untracked 
| 356|0x0000000659000000, 0x0000000659400000, 0x0000000659400000|100%| O|  |TAMS 0x0000000659400000, 0x0000000659000000| Untracked 
| 357|0x0000000659400000, 0x0000000659800000, 0x0000000659800000|100%| O|  |TAMS 0x0000000659800000, 0x0000000659400000| Untracked 
| 358|0x0000000659800000, 0x0000000659c00000, 0x0000000659c00000|100%| O|  |TAMS 0x0000000659c00000, 0x0000000659800000| Untracked 
| 359|0x0000000659c00000, 0x000000065a000000, 0x000000065a000000|100%| O|  |TAMS 0x000000065a000000, 0x0000000659c00000| Untracked 
| 360|0x000000065a000000, 0x000000065a400000, 0x000000065a400000|100%| O|  |TAMS 0x000000065a400000, 0x000000065a000000| Untracked 
| 361|0x000000065a400000, 0x000000065a800000, 0x000000065a800000|100%| O|  |TAMS 0x000000065a800000, 0x000000065a400000| Untracked 
| 362|0x000000065a800000, 0x000000065ac00000, 0x000000065ac00000|100%| O|  |TAMS 0x000000065ac00000, 0x000000065a800000| Untracked 
| 363|0x000000065ac00000, 0x000000065b000000, 0x000000065b000000|100%| O|  |TAMS 0x000000065b000000, 0x000000065ac00000| Untracked 
| 364|0x000000065b000000, 0x000000065b400000, 0x000000065b400000|100%| O|  |TAMS 0x000000065b400000, 0x000000065b000000| Untracked 
| 365|0x000000065b400000, 0x000000065b800000, 0x000000065b800000|100%| O|  |TAMS 0x000000065b800000, 0x000000065b400000| Untracked 
| 366|0x000000065b800000, 0x000000065bc00000, 0x000000065bc00000|100%| O|  |TAMS 0x000000065bc00000, 0x000000065b800000| Untracked 
| 367|0x000000065bc00000, 0x000000065c000000, 0x000000065c000000|100%| O|  |TAMS 0x000000065c000000, 0x000000065bc00000| Untracked 
| 368|0x000000065c000000, 0x000000065c400000, 0x000000065c400000|100%| O|  |TAMS 0x000000065c400000, 0x000000065c000000| Untracked 
| 369|0x000000065c400000, 0x000000065c800000, 0x000000065c800000|100%| O|  |TAMS 0x000000065c800000, 0x000000065c400000| Untracked 
| 370|0x000000065c800000, 0x000000065cc00000, 0x000000065cc00000|100%| O|  |TAMS 0x000000065cc00000, 0x000000065c800000| Untracked 
| 371|0x000000065cc00000, 0x000000065d000000, 0x000000065d000000|100%| O|  |TAMS 0x000000065d000000, 0x000000065cc00000| Untracked 
| 372|0x000000065d000000, 0x000000065d400000, 0x000000065d400000|100%| O|  |TAMS 0x000000065d400000, 0x000000065d000000| Untracked 
| 373|0x000000065d400000, 0x000000065d800000, 0x000000065d800000|100%| O|  |TAMS 0x000000065d800000, 0x000000065d400000| Untracked 
| 374|0x000000065d800000, 0x000000065dc00000, 0x000000065dc00000|100%| O|  |TAMS 0x000000065dc00000, 0x000000065d800000| Untracked 
| 375|0x000000065dc00000, 0x000000065e000000, 0x000000065e000000|100%| O|  |TAMS 0x000000065e000000, 0x000000065dc00000| Untracked 
| 376|0x000000065e000000, 0x000000065e400000, 0x000000065e400000|100%| O|  |TAMS 0x000000065e400000, 0x000000065e000000| Untracked 
| 377|0x000000065e400000, 0x000000065e800000, 0x000000065e800000|100%| O|  |TAMS 0x000000065e800000, 0x000000065e400000| Untracked 
| 378|0x000000065e800000, 0x000000065ec00000, 0x000000065ec00000|100%| O|  |TAMS 0x000000065ec00000, 0x000000065e800000| Untracked 
| 379|0x000000065ec00000, 0x000000065f000000, 0x000000065f000000|100%| O|  |TAMS 0x000000065f000000, 0x000000065ec00000| Untracked 
| 380|0x000000065f000000, 0x000000065f400000, 0x000000065f400000|100%| O|  |TAMS 0x000000065f400000, 0x000000065f000000| Untracked 
| 381|0x000000065f400000, 0x000000065f800000, 0x000000065f800000|100%| O|  |TAMS 0x000000065f800000, 0x000000065f400000| Untracked 
| 382|0x000000065f800000, 0x000000065fc00000, 0x000000065fc00000|100%| O|  |TAMS 0x000000065fc00000, 0x000000065f800000| Untracked 
| 383|0x000000065fc00000, 0x0000000660000000, 0x0000000660000000|100%| O|  |TAMS 0x0000000660000000, 0x000000065fc00000| Untracked 
| 384|0x0000000660000000, 0x0000000660400000, 0x0000000660400000|100%| O|  |TAMS 0x0000000660400000, 0x0000000660000000| Untracked 
| 385|0x0000000660400000, 0x0000000660800000, 0x0000000660800000|100%| O|  |TAMS 0x0000000660800000, 0x0000000660400000| Untracked 
| 386|0x0000000660800000, 0x0000000660c00000, 0x0000000660c00000|100%| O|  |TAMS 0x0000000660c00000, 0x0000000660800000| Untracked 
| 387|0x0000000660c00000, 0x0000000661000000, 0x0000000661000000|100%| O|  |TAMS 0x0000000661000000, 0x0000000660c00000| Untracked 
| 388|0x0000000661000000, 0x0000000661400000, 0x0000000661400000|100%| O|  |TAMS 0x0000000661400000, 0x0000000661000000| Untracked 
| 389|0x0000000661400000, 0x0000000661800000, 0x0000000661800000|100%| O|  |TAMS 0x0000000661800000, 0x0000000661400000| Untracked 
| 390|0x0000000661800000, 0x0000000661c00000, 0x0000000661c00000|100%| O|  |TAMS 0x0000000661c00000, 0x0000000661800000| Untracked 
| 391|0x0000000661c00000, 0x0000000662000000, 0x0000000662000000|100%| O|  |TAMS 0x0000000662000000, 0x0000000661c00000| Untracked 
| 392|0x0000000662000000, 0x0000000662400000, 0x0000000662400000|100%| O|  |TAMS 0x0000000662400000, 0x0000000662000000| Untracked 
| 393|0x0000000662400000, 0x0000000662800000, 0x0000000662800000|100%| O|  |TAMS 0x0000000662800000, 0x0000000662400000| Untracked 
| 394|0x0000000662800000, 0x0000000662c00000, 0x0000000662c00000|100%| O|  |TAMS 0x0000000662c00000, 0x0000000662800000| Untracked 
| 395|0x0000000662c00000, 0x0000000663000000, 0x0000000663000000|100%| O|  |TAMS 0x0000000663000000, 0x0000000662c00000| Untracked 
| 396|0x0000000663000000, 0x0000000663400000, 0x0000000663400000|100%| O|  |TAMS 0x0000000663400000, 0x0000000663000000| Untracked 
| 397|0x0000000663400000, 0x0000000663800000, 0x0000000663800000|100%| O|  |TAMS 0x0000000663800000, 0x0000000663400000| Untracked 
| 398|0x0000000663800000, 0x0000000663c00000, 0x0000000663c00000|100%| O|  |TAMS 0x0000000663c00000, 0x0000000663800000| Untracked 
| 399|0x0000000663c00000, 0x0000000664000000, 0x0000000664000000|100%| O|  |TAMS 0x0000000664000000, 0x0000000663c00000| Untracked 
| 400|0x0000000664000000, 0x0000000664400000, 0x0000000664400000|100%| O|  |TAMS 0x0000000664400000, 0x0000000664000000| Untracked 
| 401|0x0000000664400000, 0x0000000664800000, 0x0000000664800000|100%| O|  |TAMS 0x0000000664800000, 0x0000000664400000| Untracked 
| 402|0x0000000664800000, 0x0000000664c00000, 0x0000000664c00000|100%| O|  |TAMS 0x0000000664c00000, 0x0000000664800000| Complete 
| 403|0x0000000664c00000, 0x0000000665000000, 0x0000000665000000|100%|HS|  |TAMS 0x0000000665000000, 0x0000000664c00000| Complete 
| 404|0x0000000665000000, 0x0000000665400000, 0x0000000665400000|100%|HC|  |TAMS 0x0000000665400000, 0x0000000665000000| Complete 
| 405|0x0000000665400000, 0x0000000665800000, 0x0000000665800000|100%|HS|  |TAMS 0x0000000665800000, 0x0000000665400000| Complete 
| 406|0x0000000665800000, 0x0000000665c00000, 0x0000000665c00000|100%|HC|  |TAMS 0x0000000665c00000, 0x0000000665800000| Complete 
| 407|0x0000000665c00000, 0x0000000666000000, 0x0000000666000000|100%| O|  |TAMS 0x0000000666000000, 0x0000000665c00000| Untracked 
| 408|0x0000000666000000, 0x0000000666400000, 0x0000000666400000|100%| O|  |TAMS 0x0000000666400000, 0x0000000666000000| Untracked 
| 409|0x0000000666400000, 0x0000000666800000, 0x0000000666800000|100%| O|  |TAMS 0x0000000666800000, 0x0000000666400000| Untracked 
| 410|0x0000000666800000, 0x0000000666c00000, 0x0000000666c00000|100%| O|  |TAMS 0x0000000666c00000, 0x0000000666800000| Untracked 
| 411|0x0000000666c00000, 0x0000000667000000, 0x0000000667000000|100%| O|  |TAMS 0x0000000667000000, 0x0000000666c00000| Untracked 
| 412|0x0000000667000000, 0x0000000667400000, 0x0000000667400000|100%| O|  |TAMS 0x0000000667400000, 0x0000000667000000| Untracked 
| 413|0x0000000667400000, 0x0000000667800000, 0x0000000667800000|100%| O|  |TAMS 0x0000000667800000, 0x0000000667400000| Untracked 
| 414|0x0000000667800000, 0x0000000667c00000, 0x0000000667c00000|100%| O|  |TAMS 0x0000000667c00000, 0x0000000667800000| Untracked 
| 415|0x0000000667c00000, 0x0000000668000000, 0x0000000668000000|100%| O|  |TAMS 0x0000000668000000, 0x0000000667c00000| Untracked 
| 416|0x0000000668000000, 0x0000000668400000, 0x0000000668400000|100%| O|  |TAMS 0x0000000668400000, 0x0000000668000000| Untracked 
| 417|0x0000000668400000, 0x0000000668800000, 0x0000000668800000|100%| O|  |TAMS 0x0000000668800000, 0x0000000668400000| Untracked 
| 418|0x0000000668800000, 0x0000000668c00000, 0x0000000668c00000|100%| O|  |TAMS 0x0000000668c00000, 0x0000000668800000| Untracked 
| 419|0x0000000668c00000, 0x0000000669000000, 0x0000000669000000|100%| O|  |TAMS 0x0000000669000000, 0x0000000668c00000| Untracked 
| 420|0x0000000669000000, 0x0000000669400000, 0x0000000669400000|100%| O|  |TAMS 0x0000000669400000, 0x0000000669000000| Untracked 
| 421|0x0000000669400000, 0x0000000669800000, 0x0000000669800000|100%| O|  |TAMS 0x0000000669800000, 0x0000000669400000| Untracked 
| 422|0x0000000669800000, 0x0000000669c00000, 0x0000000669c00000|100%| O|  |TAMS 0x0000000669c00000, 0x0000000669800000| Untracked 
| 423|0x0000000669c00000, 0x000000066a000000, 0x000000066a000000|100%| O|  |TAMS 0x000000066a000000, 0x0000000669c00000| Untracked 
| 424|0x000000066a000000, 0x000000066a400000, 0x000000066a400000|100%| O|  |TAMS 0x000000066a400000, 0x000000066a000000| Untracked 
| 425|0x000000066a400000, 0x000000066a800000, 0x000000066a800000|100%| O|  |TAMS 0x000000066a800000, 0x000000066a400000| Untracked 
| 426|0x000000066a800000, 0x000000066ac00000, 0x000000066ac00000|100%| O|  |TAMS 0x000000066ac00000, 0x000000066a800000| Untracked 
| 427|0x000000066ac00000, 0x000000066b000000, 0x000000066b000000|100%| O|  |TAMS 0x000000066b000000, 0x000000066ac00000| Complete 
| 428|0x000000066b000000, 0x000000066b400000, 0x000000066b400000|100%| O|  |TAMS 0x000000066b400000, 0x000000066b000000| Complete 
| 429|0x000000066b400000, 0x000000066b800000, 0x000000066b800000|100%| O|  |TAMS 0x000000066b800000, 0x000000066b400000| Untracked 
| 430|0x000000066b800000, 0x000000066bc00000, 0x000000066bc00000|100%| O|  |TAMS 0x000000066bc00000, 0x000000066b800000| Untracked 
| 431|0x000000066bc00000, 0x000000066c000000, 0x000000066c000000|100%| O|  |TAMS 0x000000066c000000, 0x000000066bc00000| Untracked 
| 432|0x000000066c000000, 0x000000066c400000, 0x000000066c400000|100%| O|  |TAMS 0x000000066c400000, 0x000000066c000000| Untracked 
| 433|0x000000066c400000, 0x000000066c800000, 0x000000066c800000|100%| O|  |TAMS 0x000000066c800000, 0x000000066c400000| Untracked 
| 434|0x000000066c800000, 0x000000066cc00000, 0x000000066cc00000|100%| O|  |TAMS 0x000000066cc00000, 0x000000066c800000| Untracked 
| 435|0x000000066cc00000, 0x000000066d000000, 0x000000066d000000|100%| O|  |TAMS 0x000000066d000000, 0x000000066cc00000| Untracked 
| 436|0x000000066d000000, 0x000000066d400000, 0x000000066d400000|100%| O|  |TAMS 0x000000066d400000, 0x000000066d000000| Untracked 
| 437|0x000000066d400000, 0x000000066d800000, 0x000000066d800000|100%| O|  |TAMS 0x000000066d800000, 0x000000066d400000| Untracked 
| 438|0x000000066d800000, 0x000000066dc00000, 0x000000066dc00000|100%| O|  |TAMS 0x000000066dc00000, 0x000000066d800000| Untracked 
| 439|0x000000066dc00000, 0x000000066e000000, 0x000000066e000000|100%| O|  |TAMS 0x000000066e000000, 0x000000066dc00000| Untracked 
| 440|0x000000066e000000, 0x000000066e400000, 0x000000066e400000|100%| O|  |TAMS 0x000000066e400000, 0x000000066e000000| Untracked 
| 441|0x000000066e400000, 0x000000066e800000, 0x000000066e800000|100%| O|  |TAMS 0x000000066e800000, 0x000000066e400000| Untracked 
| 442|0x000000066e800000, 0x000000066ec00000, 0x000000066ec00000|100%| O|  |TAMS 0x000000066ec00000, 0x000000066e800000| Untracked 
| 443|0x000000066ec00000, 0x000000066f000000, 0x000000066f000000|100%| O|  |TAMS 0x000000066f000000, 0x000000066ec00000| Untracked 
| 444|0x000000066f000000, 0x000000066f400000, 0x000000066f400000|100%| O|  |TAMS 0x000000066f400000, 0x000000066f000000| Untracked 
| 445|0x000000066f400000, 0x000000066f800000, 0x000000066f800000|100%| O|  |TAMS 0x000000066f800000, 0x000000066f400000| Untracked 
| 446|0x000000066f800000, 0x000000066fc00000, 0x000000066fc00000|100%| O|  |TAMS 0x000000066fc00000, 0x000000066f800000| Untracked 
| 447|0x000000066fc00000, 0x0000000670000000, 0x0000000670000000|100%| O|  |TAMS 0x0000000670000000, 0x000000066fc00000| Untracked 
| 448|0x0000000670000000, 0x0000000670400000, 0x0000000670400000|100%| O|  |TAMS 0x0000000670400000, 0x0000000670000000| Untracked 
| 449|0x0000000670400000, 0x0000000670800000, 0x0000000670800000|100%| O|  |TAMS 0x0000000670800000, 0x0000000670400000| Untracked 
| 450|0x0000000670800000, 0x0000000670c00000, 0x0000000670c00000|100%| O|  |TAMS 0x0000000670c00000, 0x0000000670800000| Untracked 
| 451|0x0000000670c00000, 0x0000000671000000, 0x0000000671000000|100%| O|  |TAMS 0x0000000671000000, 0x0000000670c00000| Complete 
| 452|0x0000000671000000, 0x0000000671400000, 0x0000000671400000|100%| O|  |TAMS 0x0000000671400000, 0x0000000671000000| Untracked 
| 453|0x0000000671400000, 0x0000000671800000, 0x0000000671800000|100%| O|  |TAMS 0x0000000671800000, 0x0000000671400000| Untracked 
| 454|0x0000000671800000, 0x0000000671c00000, 0x0000000671c00000|100%| O|  |TAMS 0x0000000671c00000, 0x0000000671800000| Untracked 
| 455|0x0000000671c00000, 0x0000000672000000, 0x0000000672000000|100%| O|  |TAMS 0x0000000672000000, 0x0000000671c00000| Untracked 
| 456|0x0000000672000000, 0x0000000672400000, 0x0000000672400000|100%| O|  |TAMS 0x0000000672400000, 0x0000000672000000| Untracked 
| 457|0x0000000672400000, 0x0000000672800000, 0x0000000672800000|100%|HS|  |TAMS 0x0000000672800000, 0x0000000672400000| Complete 
| 458|0x0000000672800000, 0x0000000672c00000, 0x0000000672c00000|100%|HC|  |TAMS 0x0000000672c00000, 0x0000000672800000| Complete 
| 459|0x0000000672c00000, 0x0000000673000000, 0x0000000673000000|100%|HS|  |TAMS 0x0000000673000000, 0x0000000672c00000| Complete 
| 460|0x0000000673000000, 0x0000000673400000, 0x0000000673400000|100%|HC|  |TAMS 0x0000000673400000, 0x0000000673000000| Complete 
| 461|0x0000000673400000, 0x0000000673800000, 0x0000000673800000|100%|HC|  |TAMS 0x0000000673800000, 0x0000000673400000| Complete 
| 462|0x0000000673800000, 0x0000000673c00000, 0x0000000673c00000|100%| O|  |TAMS 0x0000000673c00000, 0x0000000673800000| Untracked 
| 463|0x0000000673c00000, 0x0000000674000000, 0x0000000674000000|100%| O|  |TAMS 0x0000000674000000, 0x0000000673c00000| Untracked 
| 464|0x0000000674000000, 0x0000000674400000, 0x0000000674400000|100%| O|  |TAMS 0x0000000674400000, 0x0000000674000000| Untracked 
| 465|0x0000000674400000, 0x0000000674800000, 0x0000000674800000|100%| O|  |TAMS 0x0000000674800000, 0x0000000674400000| Untracked 
| 466|0x0000000674800000, 0x0000000674c00000, 0x0000000674c00000|100%| O|  |TAMS 0x0000000674c00000, 0x0000000674800000| Untracked 
| 467|0x0000000674c00000, 0x0000000675000000, 0x0000000675000000|100%|HS|  |TAMS 0x0000000675000000, 0x0000000674c00000| Complete 
| 468|0x0000000675000000, 0x0000000675400000, 0x0000000675400000|100%|HS|  |TAMS 0x0000000675400000, 0x0000000675000000| Complete 
| 469|0x0000000675400000, 0x0000000675800000, 0x0000000675800000|100%|HC|  |TAMS 0x0000000675800000, 0x0000000675400000| Complete 
| 470|0x0000000675800000, 0x0000000675c00000, 0x0000000675c00000|100%|HS|  |TAMS 0x0000000675c00000, 0x0000000675800000| Complete 
| 471|0x0000000675c00000, 0x0000000676000000, 0x0000000676000000|100%|HC|  |TAMS 0x0000000676000000, 0x0000000675c00000| Complete 
| 472|0x0000000676000000, 0x0000000676400000, 0x0000000676400000|100%| O|  |TAMS 0x0000000676400000, 0x0000000676000000| Untracked 
| 473|0x0000000676400000, 0x0000000676800000, 0x0000000676800000|100%| O|  |TAMS 0x0000000676800000, 0x0000000676400000| Untracked 
| 474|0x0000000676800000, 0x0000000676c00000, 0x0000000676c00000|100%| O|  |TAMS 0x0000000676c00000, 0x0000000676800000| Untracked 
| 475|0x0000000676c00000, 0x0000000677000000, 0x0000000677000000|100%| O|  |TAMS 0x0000000677000000, 0x0000000676c00000| Untracked 
| 476|0x0000000677000000, 0x0000000677400000, 0x0000000677400000|100%| O|  |TAMS 0x0000000677400000, 0x0000000677000000| Untracked 
| 477|0x0000000677400000, 0x0000000677800000, 0x0000000677800000|100%| O|  |TAMS 0x0000000677800000, 0x0000000677400000| Untracked 
| 478|0x0000000677800000, 0x0000000677c00000, 0x0000000677c00000|100%| O|  |TAMS 0x0000000677c00000, 0x0000000677800000| Untracked 
| 479|0x0000000677c00000, 0x0000000678000000, 0x0000000678000000|100%| O|  |TAMS 0x0000000678000000, 0x0000000677c00000| Untracked 
| 480|0x0000000678000000, 0x0000000678400000, 0x0000000678400000|100%| O|  |TAMS 0x0000000678400000, 0x0000000678000000| Untracked 
| 481|0x0000000678400000, 0x0000000678800000, 0x0000000678800000|100%| O|  |TAMS 0x0000000678800000, 0x0000000678400000| Untracked 
| 482|0x0000000678800000, 0x0000000678c00000, 0x0000000678c00000|100%| O|  |TAMS 0x0000000678c00000, 0x0000000678800000| Untracked 
| 483|0x0000000678c00000, 0x0000000679000000, 0x0000000679000000|100%| O|  |TAMS 0x0000000679000000, 0x0000000678c00000| Untracked 
| 484|0x0000000679000000, 0x0000000679400000, 0x0000000679400000|100%| O|  |TAMS 0x0000000679400000, 0x0000000679000000| Untracked 
| 485|0x0000000679400000, 0x0000000679800000, 0x0000000679800000|100%| O|  |TAMS 0x0000000679800000, 0x0000000679400000| Untracked 
| 486|0x0000000679800000, 0x0000000679c00000, 0x0000000679c00000|100%| O|  |TAMS 0x0000000679c00000, 0x0000000679800000| Untracked 
| 487|0x0000000679c00000, 0x000000067a000000, 0x000000067a000000|100%| O|  |TAMS 0x000000067a000000, 0x0000000679c00000| Untracked 
| 488|0x000000067a000000, 0x000000067a400000, 0x000000067a400000|100%| O|  |TAMS 0x000000067a400000, 0x000000067a000000| Complete 
| 489|0x000000067a400000, 0x000000067a800000, 0x000000067a800000|100%| O|  |TAMS 0x000000067a800000, 0x000000067a400000| Untracked 
| 490|0x000000067a800000, 0x000000067ac00000, 0x000000067ac00000|100%| O|  |TAMS 0x000000067ac00000, 0x000000067a800000| Untracked 
| 491|0x000000067ac00000, 0x000000067b000000, 0x000000067b000000|100%| O|  |TAMS 0x000000067b000000, 0x000000067ac00000| Untracked 
| 492|0x000000067b000000, 0x000000067b400000, 0x000000067b400000|100%| O|  |TAMS 0x000000067b400000, 0x000000067b000000| Untracked 
| 493|0x000000067b400000, 0x000000067b800000, 0x000000067b800000|100%| O|  |TAMS 0x000000067b800000, 0x000000067b400000| Untracked 
| 494|0x000000067b800000, 0x000000067bc00000, 0x000000067bc00000|100%| O|  |TAMS 0x000000067bc00000, 0x000000067b800000| Untracked 
| 495|0x000000067bc00000, 0x000000067c000000, 0x000000067c000000|100%| O|  |TAMS 0x000000067c000000, 0x000000067bc00000| Untracked 
| 496|0x000000067c000000, 0x000000067c400000, 0x000000067c400000|100%| O|  |TAMS 0x000000067c400000, 0x000000067c000000| Untracked 
| 497|0x000000067c400000, 0x000000067c800000, 0x000000067c800000|100%| O|  |TAMS 0x000000067c800000, 0x000000067c400000| Untracked 
| 498|0x000000067c800000, 0x000000067cc00000, 0x000000067cc00000|100%| O|  |TAMS 0x000000067cc00000, 0x000000067c800000| Untracked 
| 499|0x000000067cc00000, 0x000000067d000000, 0x000000067d000000|100%| O|  |TAMS 0x000000067d000000, 0x000000067cc00000| Untracked 
| 500|0x000000067d000000, 0x000000067d400000, 0x000000067d400000|100%| O|  |TAMS 0x000000067d400000, 0x000000067d000000| Untracked 
| 501|0x000000067d400000, 0x000000067d800000, 0x000000067d800000|100%| O|  |TAMS 0x000000067d800000, 0x000000067d400000| Untracked 
| 502|0x000000067d800000, 0x000000067dc00000, 0x000000067dc00000|100%| O|  |TAMS 0x000000067dc00000, 0x000000067d800000| Untracked 
| 503|0x000000067dc00000, 0x000000067e000000, 0x000000067e000000|100%| O|  |TAMS 0x000000067e000000, 0x000000067dc00000| Untracked 
| 504|0x000000067e000000, 0x000000067e400000, 0x000000067e400000|100%| O|  |TAMS 0x000000067e400000, 0x000000067e000000| Complete 
| 505|0x000000067e400000, 0x000000067e800000, 0x000000067e800000|100%|HS|  |TAMS 0x000000067e800000, 0x000000067e400000| Complete 
| 506|0x000000067e800000, 0x000000067ec00000, 0x000000067ec00000|100%|HC|  |TAMS 0x000000067ec00000, 0x000000067e800000| Complete 
| 507|0x000000067ec00000, 0x000000067f000000, 0x000000067f000000|100%| O|  |TAMS 0x000000067f000000, 0x000000067ec00000| Untracked 
| 508|0x000000067f000000, 0x000000067f400000, 0x000000067f400000|100%|HS|  |TAMS 0x000000067f400000, 0x000000067f000000| Complete 
| 509|0x000000067f400000, 0x000000067f800000, 0x000000067f800000|100%|HC|  |TAMS 0x000000067f800000, 0x000000067f400000| Complete 
| 510|0x000000067f800000, 0x000000067fc00000, 0x000000067fc00000|100%| O|  |TAMS 0x000000067fc00000, 0x000000067f800000| Untracked 
| 511|0x000000067fc00000, 0x0000000680000000, 0x0000000680000000|100%| O|  |TAMS 0x0000000680000000, 0x000000067fc00000| Untracked 
| 512|0x0000000680000000, 0x0000000680400000, 0x0000000680400000|100%|HS|  |TAMS 0x0000000680400000, 0x0000000680000000| Complete 
| 513|0x0000000680400000, 0x0000000680800000, 0x0000000680800000|100%| O|  |TAMS 0x0000000680800000, 0x0000000680400000| Untracked 
| 514|0x0000000680800000, 0x0000000680c00000, 0x0000000680c00000|100%| O|  |TAMS 0x0000000680c00000, 0x0000000680800000| Untracked 
| 515|0x0000000680c00000, 0x0000000681000000, 0x0000000681000000|100%| O|  |TAMS 0x0000000681000000, 0x0000000680c00000| Untracked 
| 516|0x0000000681000000, 0x0000000681400000, 0x0000000681400000|100%| O|  |TAMS 0x0000000681400000, 0x0000000681000000| Untracked 
| 517|0x0000000681400000, 0x0000000681800000, 0x0000000681800000|100%| O|  |TAMS 0x0000000681800000, 0x0000000681400000| Untracked 
| 518|0x0000000681800000, 0x0000000681c00000, 0x0000000681c00000|100%| O|  |TAMS 0x0000000681c00000, 0x0000000681800000| Untracked 
| 519|0x0000000681c00000, 0x0000000682000000, 0x0000000682000000|100%| O|  |TAMS 0x0000000682000000, 0x0000000681c00000| Untracked 
| 520|0x0000000682000000, 0x0000000682400000, 0x0000000682400000|100%| O|  |TAMS 0x0000000682400000, 0x0000000682000000| Untracked 
| 521|0x0000000682400000, 0x0000000682800000, 0x0000000682800000|100%| O|  |TAMS 0x0000000682800000, 0x0000000682400000| Untracked 
| 522|0x0000000682800000, 0x0000000682c00000, 0x0000000682c00000|100%| O|  |TAMS 0x0000000682c00000, 0x0000000682800000| Untracked 
| 523|0x0000000682c00000, 0x0000000683000000, 0x0000000683000000|100%| O|  |TAMS 0x0000000683000000, 0x0000000682c00000| Untracked 
| 524|0x0000000683000000, 0x0000000683400000, 0x0000000683400000|100%| O|  |TAMS 0x0000000683400000, 0x0000000683000000| Untracked 
| 525|0x0000000683400000, 0x0000000683800000, 0x0000000683800000|100%| O|  |TAMS 0x0000000683800000, 0x0000000683400000| Untracked 
| 526|0x0000000683800000, 0x0000000683c00000, 0x0000000683c00000|100%| O|  |TAMS 0x0000000683c00000, 0x0000000683800000| Untracked 
| 527|0x0000000683c00000, 0x0000000684000000, 0x0000000684000000|100%| O|  |TAMS 0x0000000684000000, 0x0000000683c00000| Untracked 
| 528|0x0000000684000000, 0x0000000684400000, 0x0000000684400000|100%| O|  |TAMS 0x0000000684400000, 0x0000000684000000| Untracked 
| 529|0x0000000684400000, 0x0000000684800000, 0x0000000684800000|100%| O|  |TAMS 0x0000000684800000, 0x0000000684400000| Untracked 
| 530|0x0000000684800000, 0x0000000684c00000, 0x0000000684c00000|100%| O|  |TAMS 0x0000000684c00000, 0x0000000684800000| Untracked 
| 531|0x0000000684c00000, 0x0000000685000000, 0x0000000685000000|100%| O|  |TAMS 0x0000000685000000, 0x0000000684c00000| Untracked 
| 532|0x0000000685000000, 0x0000000685400000, 0x0000000685400000|100%| O|  |TAMS 0x0000000685400000, 0x0000000685000000| Untracked 
| 533|0x0000000685400000, 0x0000000685800000, 0x0000000685800000|100%| O|  |TAMS 0x0000000685800000, 0x0000000685400000| Untracked 
| 534|0x0000000685800000, 0x0000000685c00000, 0x0000000685c00000|100%| O|  |TAMS 0x0000000685c00000, 0x0000000685800000| Untracked 
| 535|0x0000000685c00000, 0x0000000686000000, 0x0000000686000000|100%|HS|  |TAMS 0x0000000686000000, 0x0000000685c00000| Complete 
| 536|0x0000000686000000, 0x0000000686400000, 0x0000000686400000|100%|HC|  |TAMS 0x0000000686400000, 0x0000000686000000| Complete 
| 537|0x0000000686400000, 0x0000000686800000, 0x0000000686800000|100%|HC|  |TAMS 0x0000000686800000, 0x0000000686400000| Complete 
| 538|0x0000000686800000, 0x0000000686c00000, 0x0000000686c00000|100%| O|  |TAMS 0x0000000686c00000, 0x0000000686800000| Untracked 
| 539|0x0000000686c00000, 0x0000000687000000, 0x0000000687000000|100%| O|  |TAMS 0x0000000687000000, 0x0000000686c00000| Untracked 
| 540|0x0000000687000000, 0x0000000687400000, 0x0000000687400000|100%| O|  |TAMS 0x0000000687400000, 0x0000000687000000| Untracked 
| 541|0x0000000687400000, 0x0000000687800000, 0x0000000687800000|100%| O|  |TAMS 0x0000000687800000, 0x0000000687400000| Untracked 
| 542|0x0000000687800000, 0x0000000687c00000, 0x0000000687c00000|100%| O|  |TAMS 0x0000000687c00000, 0x0000000687800000| Untracked 
| 543|0x0000000687c00000, 0x0000000688000000, 0x0000000688000000|100%| O|  |TAMS 0x0000000688000000, 0x0000000687c00000| Untracked 
| 544|0x0000000688000000, 0x0000000688400000, 0x0000000688400000|100%| O|  |TAMS 0x0000000688400000, 0x0000000688000000| Untracked 
| 545|0x0000000688400000, 0x0000000688800000, 0x0000000688800000|100%| O|  |TAMS 0x0000000688800000, 0x0000000688400000| Untracked 
| 546|0x0000000688800000, 0x0000000688c00000, 0x0000000688c00000|100%| O|  |TAMS 0x0000000688c00000, 0x0000000688800000| Untracked 
| 547|0x0000000688c00000, 0x0000000689000000, 0x0000000689000000|100%| O|  |TAMS 0x0000000689000000, 0x0000000688c00000| Untracked 
| 548|0x0000000689000000, 0x0000000689400000, 0x0000000689400000|100%| O|  |TAMS 0x0000000689400000, 0x0000000689000000| Untracked 
| 549|0x0000000689400000, 0x0000000689800000, 0x0000000689800000|100%| O|  |TAMS 0x0000000689800000, 0x0000000689400000| Untracked 
| 550|0x0000000689800000, 0x0000000689c00000, 0x0000000689c00000|100%| O|  |TAMS 0x0000000689c00000, 0x0000000689800000| Untracked 
| 551|0x0000000689c00000, 0x000000068a000000, 0x000000068a000000|100%| O|  |TAMS 0x000000068a000000, 0x0000000689c00000| Untracked 
| 552|0x000000068a000000, 0x000000068a400000, 0x000000068a400000|100%| O|  |TAMS 0x000000068a400000, 0x000000068a000000| Untracked 
| 553|0x000000068a400000, 0x000000068a800000, 0x000000068a800000|100%| O|  |TAMS 0x000000068a800000, 0x000000068a400000| Untracked 
| 554|0x000000068a800000, 0x000000068ac00000, 0x000000068ac00000|100%| O|  |TAMS 0x000000068ac00000, 0x000000068a800000| Untracked 
| 555|0x000000068ac00000, 0x000000068b000000, 0x000000068b000000|100%| O|  |TAMS 0x000000068b000000, 0x000000068ac00000| Untracked 
| 556|0x000000068b000000, 0x000000068b400000, 0x000000068b400000|100%| O|  |TAMS 0x000000068b400000, 0x000000068b000000| Untracked 
| 557|0x000000068b400000, 0x000000068b800000, 0x000000068b800000|100%| O|  |TAMS 0x000000068b800000, 0x000000068b400000| Untracked 
| 558|0x000000068b800000, 0x000000068bc00000, 0x000000068bc00000|100%| O|  |TAMS 0x000000068bc00000, 0x000000068b800000| Untracked 
| 559|0x000000068bc00000, 0x000000068c000000, 0x000000068c000000|100%| O|  |TAMS 0x000000068c000000, 0x000000068bc00000| Untracked 
| 560|0x000000068c000000, 0x000000068c400000, 0x000000068c400000|100%| O|  |TAMS 0x000000068c400000, 0x000000068c000000| Untracked 
| 561|0x000000068c400000, 0x000000068c800000, 0x000000068c800000|100%| O|  |TAMS 0x000000068c800000, 0x000000068c400000| Untracked 
| 562|0x000000068c800000, 0x000000068cc00000, 0x000000068cc00000|100%| O|  |TAMS 0x000000068cc00000, 0x000000068c800000| Untracked 
| 563|0x000000068cc00000, 0x000000068d000000, 0x000000068d000000|100%| O|  |TAMS 0x000000068d000000, 0x000000068cc00000| Untracked 
| 564|0x000000068d000000, 0x000000068d400000, 0x000000068d400000|100%| O|  |TAMS 0x000000068d400000, 0x000000068d000000| Untracked 
| 565|0x000000068d400000, 0x000000068d800000, 0x000000068d800000|100%| O|  |TAMS 0x000000068d800000, 0x000000068d400000| Untracked 
| 566|0x000000068d800000, 0x000000068dc00000, 0x000000068dc00000|100%| O|  |TAMS 0x000000068dc00000, 0x000000068d800000| Untracked 
| 567|0x000000068dc00000, 0x000000068e000000, 0x000000068e000000|100%| O|  |TAMS 0x000000068e000000, 0x000000068dc00000| Untracked 
| 568|0x000000068e000000, 0x000000068e400000, 0x000000068e400000|100%| O|  |TAMS 0x000000068e400000, 0x000000068e000000| Untracked 
| 569|0x000000068e400000, 0x000000068e800000, 0x000000068e800000|100%| O|  |TAMS 0x000000068e800000, 0x000000068e400000| Untracked 
| 570|0x000000068e800000, 0x000000068ec00000, 0x000000068ec00000|100%| O|  |TAMS 0x000000068ec00000, 0x000000068e800000| Untracked 
| 571|0x000000068ec00000, 0x000000068f000000, 0x000000068f000000|100%| O|  |TAMS 0x000000068f000000, 0x000000068ec00000| Untracked 
| 572|0x000000068f000000, 0x000000068f400000, 0x000000068f400000|100%| O|  |TAMS 0x000000068f400000, 0x000000068f000000| Untracked 
| 573|0x000000068f400000, 0x000000068f800000, 0x000000068f800000|100%| O|  |TAMS 0x000000068f800000, 0x000000068f400000| Untracked 
| 574|0x000000068f800000, 0x000000068fc00000, 0x000000068fc00000|100%| O|  |TAMS 0x000000068fc00000, 0x000000068f800000| Untracked 
| 575|0x000000068fc00000, 0x0000000690000000, 0x0000000690000000|100%| O|  |TAMS 0x0000000690000000, 0x000000068fc00000| Untracked 
| 576|0x0000000690000000, 0x0000000690400000, 0x0000000690400000|100%| O|  |TAMS 0x0000000690400000, 0x0000000690000000| Untracked 
| 577|0x0000000690400000, 0x0000000690800000, 0x0000000690800000|100%| O|  |TAMS 0x0000000690800000, 0x0000000690400000| Untracked 
| 578|0x0000000690800000, 0x0000000690c00000, 0x0000000690c00000|100%| O|  |TAMS 0x0000000690c00000, 0x0000000690800000| Untracked 
| 579|0x0000000690c00000, 0x0000000691000000, 0x0000000691000000|100%| O|  |TAMS 0x0000000691000000, 0x0000000690c00000| Untracked 
| 580|0x0000000691000000, 0x0000000691400000, 0x0000000691400000|100%| O|  |TAMS 0x0000000691400000, 0x0000000691000000| Untracked 
| 581|0x0000000691400000, 0x0000000691800000, 0x0000000691800000|100%| O|  |TAMS 0x0000000691800000, 0x0000000691400000| Untracked 
| 582|0x0000000691800000, 0x0000000691c00000, 0x0000000691c00000|100%| O|  |TAMS 0x0000000691c00000, 0x0000000691800000| Untracked 
| 583|0x0000000691c00000, 0x0000000692000000, 0x0000000692000000|100%| O|  |TAMS 0x0000000692000000, 0x0000000691c00000| Untracked 
| 584|0x0000000692000000, 0x0000000692400000, 0x0000000692400000|100%| O|  |TAMS 0x0000000692400000, 0x0000000692000000| Untracked 
| 585|0x0000000692400000, 0x0000000692800000, 0x0000000692800000|100%| O|  |TAMS 0x0000000692800000, 0x0000000692400000| Untracked 
| 586|0x0000000692800000, 0x0000000692c00000, 0x0000000692c00000|100%| O|  |TAMS 0x0000000692c00000, 0x0000000692800000| Untracked 
| 587|0x0000000692c00000, 0x0000000693000000, 0x0000000693000000|100%| O|  |TAMS 0x0000000693000000, 0x0000000692c00000| Untracked 
| 588|0x0000000693000000, 0x0000000693400000, 0x0000000693400000|100%| O|  |TAMS 0x0000000693400000, 0x0000000693000000| Untracked 
| 589|0x0000000693400000, 0x0000000693800000, 0x0000000693800000|100%| O|  |TAMS 0x0000000693800000, 0x0000000693400000| Untracked 
| 590|0x0000000693800000, 0x0000000693c00000, 0x0000000693c00000|100%| O|  |TAMS 0x0000000693c00000, 0x0000000693800000| Complete 
| 591|0x0000000693c00000, 0x0000000694000000, 0x0000000694000000|100%| O|  |TAMS 0x0000000694000000, 0x0000000693c00000| Untracked 
| 592|0x0000000694000000, 0x0000000694400000, 0x0000000694400000|100%| O|  |TAMS 0x0000000694400000, 0x0000000694000000| Untracked 
| 593|0x0000000694400000, 0x0000000694800000, 0x0000000694800000|100%| O|  |TAMS 0x0000000694800000, 0x0000000694400000| Untracked 
| 594|0x0000000694800000, 0x0000000694c00000, 0x0000000694c00000|100%| O|  |TAMS 0x0000000694c00000, 0x0000000694800000| Complete 
| 595|0x0000000694c00000, 0x0000000695000000, 0x0000000695000000|100%| O|  |TAMS 0x0000000695000000, 0x0000000694c00000| Untracked 
| 596|0x0000000695000000, 0x0000000695400000, 0x0000000695400000|100%| O|  |TAMS 0x0000000695400000, 0x0000000695000000| Untracked 
| 597|0x0000000695400000, 0x0000000695800000, 0x0000000695800000|100%| O|  |TAMS 0x0000000695800000, 0x0000000695400000| Untracked 
| 598|0x0000000695800000, 0x0000000695c00000, 0x0000000695c00000|100%| O|  |TAMS 0x0000000695c00000, 0x0000000695800000| Untracked 
| 599|0x0000000695c00000, 0x0000000696000000, 0x0000000696000000|100%| O|  |TAMS 0x0000000696000000, 0x0000000695c00000| Untracked 
| 600|0x0000000696000000, 0x0000000696400000, 0x0000000696400000|100%| O|  |TAMS 0x0000000696400000, 0x0000000696000000| Untracked 
| 601|0x0000000696400000, 0x0000000696800000, 0x0000000696800000|100%| O|  |TAMS 0x0000000696800000, 0x0000000696400000| Untracked 
| 602|0x0000000696800000, 0x0000000696c00000, 0x0000000696c00000|100%| O|  |TAMS 0x0000000696c00000, 0x0000000696800000| Untracked 
| 603|0x0000000696c00000, 0x0000000697000000, 0x0000000697000000|100%| O|  |TAMS 0x0000000697000000, 0x0000000696c00000| Untracked 
| 604|0x0000000697000000, 0x0000000697400000, 0x0000000697400000|100%| O|  |TAMS 0x0000000697400000, 0x0000000697000000| Untracked 
| 605|0x0000000697400000, 0x0000000697800000, 0x0000000697800000|100%| O|  |TAMS 0x0000000697800000, 0x0000000697400000| Untracked 
| 606|0x0000000697800000, 0x0000000697c00000, 0x0000000697c00000|100%| O|  |TAMS 0x0000000697c00000, 0x0000000697800000| Untracked 
| 607|0x0000000697c00000, 0x0000000698000000, 0x0000000698000000|100%| O|  |TAMS 0x0000000698000000, 0x0000000697c00000| Untracked 
| 608|0x0000000698000000, 0x0000000698400000, 0x0000000698400000|100%| O|  |TAMS 0x0000000698400000, 0x0000000698000000| Untracked 
| 609|0x0000000698400000, 0x0000000698800000, 0x0000000698800000|100%| O|  |TAMS 0x0000000698800000, 0x0000000698400000| Untracked 
| 610|0x0000000698800000, 0x0000000698c00000, 0x0000000698c00000|100%| O|  |TAMS 0x0000000698c00000, 0x0000000698800000| Untracked 
| 611|0x0000000698c00000, 0x0000000699000000, 0x0000000699000000|100%| O|  |TAMS 0x0000000699000000, 0x0000000698c00000| Untracked 
| 612|0x0000000699000000, 0x0000000699400000, 0x0000000699400000|100%| O|  |TAMS 0x0000000699400000, 0x0000000699000000| Untracked 
| 613|0x0000000699400000, 0x0000000699800000, 0x0000000699800000|100%| O|  |TAMS 0x0000000699800000, 0x0000000699400000| Untracked 
| 614|0x0000000699800000, 0x0000000699c00000, 0x0000000699c00000|100%| O|  |TAMS 0x0000000699c00000, 0x0000000699800000| Untracked 
| 615|0x0000000699c00000, 0x000000069a000000, 0x000000069a000000|100%| O|  |TAMS 0x000000069a000000, 0x0000000699c00000| Untracked 
| 616|0x000000069a000000, 0x000000069a400000, 0x000000069a400000|100%| O|  |TAMS 0x000000069a400000, 0x000000069a000000| Untracked 
| 617|0x000000069a400000, 0x000000069a800000, 0x000000069a800000|100%| O|  |TAMS 0x000000069a800000, 0x000000069a400000| Untracked 
| 618|0x000000069a800000, 0x000000069ac00000, 0x000000069ac00000|100%| O|  |TAMS 0x000000069ac00000, 0x000000069a800000| Untracked 
| 619|0x000000069ac00000, 0x000000069b000000, 0x000000069b000000|100%| O|  |TAMS 0x000000069b000000, 0x000000069ac00000| Untracked 
| 620|0x000000069b000000, 0x000000069b400000, 0x000000069b400000|100%| O|  |TAMS 0x000000069b400000, 0x000000069b000000| Untracked 
| 621|0x000000069b400000, 0x000000069b800000, 0x000000069b800000|100%| O|  |TAMS 0x000000069b800000, 0x000000069b400000| Untracked 
| 622|0x000000069b800000, 0x000000069bc00000, 0x000000069bc00000|100%| O|  |TAMS 0x000000069bc00000, 0x000000069b800000| Untracked 
| 623|0x000000069bc00000, 0x000000069c000000, 0x000000069c000000|100%| O|  |TAMS 0x000000069c000000, 0x000000069bc00000| Untracked 
| 624|0x000000069c000000, 0x000000069c400000, 0x000000069c400000|100%| O|  |TAMS 0x000000069c400000, 0x000000069c000000| Untracked 
| 625|0x000000069c400000, 0x000000069c800000, 0x000000069c800000|100%| O|  |TAMS 0x000000069c800000, 0x000000069c400000| Untracked 
| 626|0x000000069c800000, 0x000000069cc00000, 0x000000069cc00000|100%| O|  |TAMS 0x000000069cc00000, 0x000000069c800000| Untracked 
| 627|0x000000069cc00000, 0x000000069d000000, 0x000000069d000000|100%| O|  |TAMS 0x000000069d000000, 0x000000069cc00000| Untracked 
| 628|0x000000069d000000, 0x000000069d400000, 0x000000069d400000|100%| O|  |TAMS 0x000000069d400000, 0x000000069d000000| Untracked 
| 629|0x000000069d400000, 0x000000069d60d600, 0x000000069d800000| 51%| O|  |TAMS 0x000000069d60d600, 0x000000069d400000| Untracked 
| 630|0x000000069d800000, 0x000000069d800000, 0x000000069dc00000|  0%| F|  |TAMS 0x000000069d800000, 0x000000069d800000| Untracked 
| 631|0x000000069dc00000, 0x000000069dc00000, 0x000000069e000000|  0%| F|  |TAMS 0x000000069dc00000, 0x000000069dc00000| Untracked 
| 632|0x000000069e000000, 0x000000069e400000, 0x000000069e400000|100%|HS|  |TAMS 0x000000069e400000, 0x000000069e000000| Complete 
| 633|0x000000069e400000, 0x000000069e800000, 0x000000069e800000|100%|HC|  |TAMS 0x000000069e800000, 0x000000069e400000| Complete 
| 634|0x000000069e800000, 0x000000069ec00000, 0x000000069ec00000|100%|HS|  |TAMS 0x000000069ec00000, 0x000000069e800000| Complete 
| 635|0x000000069ec00000, 0x000000069f000000, 0x000000069f000000|100%|HC|  |TAMS 0x000000069f000000, 0x000000069ec00000| Complete 
| 636|0x000000069f000000, 0x000000069f400000, 0x000000069f400000|100%| O|  |TAMS 0x000000069f400000, 0x000000069f000000| Untracked 
| 637|0x000000069f400000, 0x000000069f800000, 0x000000069f800000|100%| O|  |TAMS 0x000000069f800000, 0x000000069f400000| Untracked 
| 638|0x000000069f800000, 0x000000069fc00000, 0x000000069fc00000|100%| O|  |TAMS 0x000000069fc00000, 0x000000069f800000| Untracked 
| 639|0x000000069fc00000, 0x00000006a0000000, 0x00000006a0000000|100%| O|  |TAMS 0x00000006a0000000, 0x000000069fc00000| Untracked 
| 640|0x00000006a0000000, 0x00000006a0400000, 0x00000006a0400000|100%| O|  |TAMS 0x00000006a0400000, 0x00000006a0000000| Untracked 
| 641|0x00000006a0400000, 0x00000006a0800000, 0x00000006a0800000|100%| O|  |TAMS 0x00000006a0800000, 0x00000006a0400000| Untracked 
| 642|0x00000006a0800000, 0x00000006a0c00000, 0x00000006a0c00000|100%| O|  |TAMS 0x00000006a0c00000, 0x00000006a0800000| Untracked 
| 643|0x00000006a0c00000, 0x00000006a1000000, 0x00000006a1000000|100%| O|  |TAMS 0x00000006a1000000, 0x00000006a0c00000| Untracked 
| 644|0x00000006a1000000, 0x00000006a1400000, 0x00000006a1400000|100%| O|  |TAMS 0x00000006a1400000, 0x00000006a1000000| Untracked 
| 645|0x00000006a1400000, 0x00000006a1800000, 0x00000006a1800000|100%| O|  |TAMS 0x00000006a1800000, 0x00000006a1400000| Untracked 
| 646|0x00000006a1800000, 0x00000006a1c00000, 0x00000006a1c00000|100%| O|  |TAMS 0x00000006a1c00000, 0x00000006a1800000| Untracked 
| 647|0x00000006a1c00000, 0x00000006a2000000, 0x00000006a2000000|100%| O|  |TAMS 0x00000006a2000000, 0x00000006a1c00000| Untracked 
| 648|0x00000006a2000000, 0x00000006a2400000, 0x00000006a2400000|100%| O|  |TAMS 0x00000006a2400000, 0x00000006a2000000| Untracked 
| 649|0x00000006a2400000, 0x00000006a2800000, 0x00000006a2800000|100%|HS|  |TAMS 0x00000006a2400000, 0x00000006a2400000| Complete 
| 650|0x00000006a2800000, 0x00000006a2c00000, 0x00000006a2c00000|100%|HC|  |TAMS 0x00000006a2800000, 0x00000006a2800000| Complete 
| 651|0x00000006a2c00000, 0x00000006a3000000, 0x00000006a3000000|100%|HC|  |TAMS 0x00000006a2c00000, 0x00000006a2c00000| Complete 
| 652|0x00000006a3000000, 0x00000006a3400000, 0x00000006a3400000|100%| O|  |TAMS 0x00000006a3400000, 0x00000006a3000000| Untracked 
| 653|0x00000006a3400000, 0x00000006a3400000, 0x00000006a3800000|  0%| F|  |TAMS 0x00000006a3400000, 0x00000006a3400000| Untracked 
| 654|0x00000006a3800000, 0x00000006a3c00000, 0x00000006a3c00000|100%| O|  |TAMS 0x00000006a3c00000, 0x00000006a3800000| Untracked 
| 655|0x00000006a3c00000, 0x00000006a4000000, 0x00000006a4000000|100%| O|  |TAMS 0x00000006a4000000, 0x00000006a3c00000| Untracked 
| 656|0x00000006a4000000, 0x00000006a4400000, 0x00000006a4400000|100%| O|  |TAMS 0x00000006a4400000, 0x00000006a4000000| Untracked 
| 657|0x00000006a4400000, 0x00000006a4800000, 0x00000006a4800000|100%| O|  |TAMS 0x00000006a4800000, 0x00000006a4400000| Untracked 
| 658|0x00000006a4800000, 0x00000006a4c00000, 0x00000006a4c00000|100%| O|  |TAMS 0x00000006a4c00000, 0x00000006a4800000| Untracked 
| 659|0x00000006a4c00000, 0x00000006a5000000, 0x00000006a5000000|100%| O|  |TAMS 0x00000006a5000000, 0x00000006a4c00000| Untracked 
| 660|0x00000006a5000000, 0x00000006a5400000, 0x00000006a5400000|100%| O|  |TAMS 0x00000006a5400000, 0x00000006a5000000| Untracked 
| 661|0x00000006a5400000, 0x00000006a5800000, 0x00000006a5800000|100%| O|  |TAMS 0x00000006a5800000, 0x00000006a5400000| Untracked 
| 662|0x00000006a5800000, 0x00000006a5c00000, 0x00000006a5c00000|100%| O|  |TAMS 0x00000006a5c00000, 0x00000006a5800000| Untracked 
| 663|0x00000006a5c00000, 0x00000006a5c00000, 0x00000006a6000000|  0%| F|  |TAMS 0x00000006a5c00000, 0x00000006a5c00000| Untracked 
| 664|0x00000006a6000000, 0x00000006a6000000, 0x00000006a6400000|  0%| F|  |TAMS 0x00000006a6000000, 0x00000006a6000000| Untracked 
| 665|0x00000006a6400000, 0x00000006a6400000, 0x00000006a6800000|  0%| F|  |TAMS 0x00000006a6400000, 0x00000006a6400000| Untracked 
| 666|0x00000006a6800000, 0x00000006a6800000, 0x00000006a6c00000|  0%| F|  |TAMS 0x00000006a6800000, 0x00000006a6800000| Untracked 
| 667|0x00000006a6c00000, 0x00000006a7000000, 0x00000006a7000000|100%| O|  |TAMS 0x00000006a7000000, 0x00000006a6c00000| Untracked 
| 668|0x00000006a7000000, 0x00000006a7400000, 0x00000006a7400000|100%| O|  |TAMS 0x00000006a7400000, 0x00000006a7000000| Untracked 
| 669|0x00000006a7400000, 0x00000006a7800000, 0x00000006a7800000|100%| O|  |TAMS 0x00000006a7800000, 0x00000006a7400000| Untracked 
| 670|0x00000006a7800000, 0x00000006a7c00000, 0x00000006a7c00000|100%| O|  |TAMS 0x00000006a7c00000, 0x00000006a7800000| Untracked 
| 671|0x00000006a7c00000, 0x00000006a7c00000, 0x00000006a8000000|  0%| F|  |TAMS 0x00000006a7c00000, 0x00000006a7c00000| Untracked 
| 672|0x00000006a8000000, 0x00000006a8400000, 0x00000006a8400000|100%| O|  |TAMS 0x00000006a8400000, 0x00000006a8000000| Untracked 
| 673|0x00000006a8400000, 0x00000006a8800000, 0x00000006a8800000|100%| O|  |TAMS 0x00000006a8800000, 0x00000006a8400000| Untracked 
| 674|0x00000006a8800000, 0x00000006a8c00000, 0x00000006a8c00000|100%| O|  |TAMS 0x00000006a8c00000, 0x00000006a8800000| Untracked 
| 675|0x00000006a8c00000, 0x00000006a9000000, 0x00000006a9000000|100%| O|  |TAMS 0x00000006a9000000, 0x00000006a8c00000| Untracked 
| 676|0x00000006a9000000, 0x00000006a9400000, 0x00000006a9400000|100%| O|  |TAMS 0x00000006a9400000, 0x00000006a9000000| Untracked 
| 677|0x00000006a9400000, 0x00000006a9800000, 0x00000006a9800000|100%| O|  |TAMS 0x00000006a9800000, 0x00000006a9400000| Untracked 
| 678|0x00000006a9800000, 0x00000006a9c00000, 0x00000006a9c00000|100%| O|  |TAMS 0x00000006a9c00000, 0x00000006a9800000| Untracked 
| 679|0x00000006a9c00000, 0x00000006aa000000, 0x00000006aa000000|100%| O|  |TAMS 0x00000006aa000000, 0x00000006a9c00000| Untracked 
| 680|0x00000006aa000000, 0x00000006aa400000, 0x00000006aa400000|100%| O|  |TAMS 0x00000006aa400000, 0x00000006aa000000| Untracked 
| 681|0x00000006aa400000, 0x00000006aa800000, 0x00000006aa800000|100%| O|  |TAMS 0x00000006aa800000, 0x00000006aa400000| Untracked 
| 682|0x00000006aa800000, 0x00000006aac00000, 0x00000006aac00000|100%| O|  |TAMS 0x00000006aac00000, 0x00000006aa800000| Untracked 
| 683|0x00000006aac00000, 0x00000006ab000000, 0x00000006ab000000|100%| O|  |TAMS 0x00000006ab000000, 0x00000006aac00000| Untracked 
| 684|0x00000006ab000000, 0x00000006ab400000, 0x00000006ab400000|100%| O|  |TAMS 0x00000006ab400000, 0x00000006ab000000| Untracked 
| 685|0x00000006ab400000, 0x00000006ab800000, 0x00000006ab800000|100%| O|  |TAMS 0x00000006ab800000, 0x00000006ab400000| Untracked 
| 686|0x00000006ab800000, 0x00000006abc00000, 0x00000006abc00000|100%| O|  |TAMS 0x00000006abc00000, 0x00000006ab800000| Untracked 
| 687|0x00000006abc00000, 0x00000006abc00000, 0x00000006ac000000|  0%| F|  |TAMS 0x00000006abc00000, 0x00000006abc00000| Untracked 
| 688|0x00000006ac000000, 0x00000006ac400000, 0x00000006ac400000|100%| O|  |TAMS 0x00000006ac400000, 0x00000006ac000000| Untracked 
| 689|0x00000006ac400000, 0x00000006ac800000, 0x00000006ac800000|100%| O|  |TAMS 0x00000006ac800000, 0x00000006ac400000| Untracked 
| 690|0x00000006ac800000, 0x00000006acc00000, 0x00000006acc00000|100%| O|  |TAMS 0x00000006acc00000, 0x00000006ac800000| Untracked 
| 691|0x00000006acc00000, 0x00000006ad000000, 0x00000006ad000000|100%| O|  |TAMS 0x00000006ad000000, 0x00000006acc00000| Untracked 
| 692|0x00000006ad000000, 0x00000006ad400000, 0x00000006ad400000|100%| O|  |TAMS 0x00000006ad400000, 0x00000006ad000000| Untracked 
| 693|0x00000006ad400000, 0x00000006ad800000, 0x00000006ad800000|100%| O|  |TAMS 0x00000006ad800000, 0x00000006ad400000| Untracked 
| 694|0x00000006ad800000, 0x00000006adc00000, 0x00000006adc00000|100%| O|  |TAMS 0x00000006adc00000, 0x00000006ad800000| Untracked 
| 695|0x00000006adc00000, 0x00000006ae000000, 0x00000006ae000000|100%| O|  |TAMS 0x00000006ae000000, 0x00000006adc00000| Untracked 
| 696|0x00000006ae000000, 0x00000006ae400000, 0x00000006ae400000|100%| O|  |TAMS 0x00000006ae400000, 0x00000006ae000000| Untracked 
| 697|0x00000006ae400000, 0x00000006ae800000, 0x00000006ae800000|100%| O|  |TAMS 0x00000006ae800000, 0x00000006ae400000| Untracked 
| 698|0x00000006ae800000, 0x00000006aec00000, 0x00000006aec00000|100%| O|  |TAMS 0x00000006aec00000, 0x00000006ae800000| Untracked 
| 699|0x00000006aec00000, 0x00000006af000000, 0x00000006af000000|100%| O|  |TAMS 0x00000006af000000, 0x00000006aec00000| Untracked 
| 700|0x00000006af000000, 0x00000006af000000, 0x00000006af400000|  0%| F|  |TAMS 0x00000006af000000, 0x00000006af000000| Untracked 
| 701|0x00000006af400000, 0x00000006af400000, 0x00000006af800000|  0%| F|  |TAMS 0x00000006af400000, 0x00000006af400000| Untracked 
| 702|0x00000006af800000, 0x00000006af800000, 0x00000006afc00000|  0%| F|  |TAMS 0x00000006af800000, 0x00000006af800000| Untracked 
| 703|0x00000006afc00000, 0x00000006afc00000, 0x00000006b0000000|  0%| F|  |TAMS 0x00000006afc00000, 0x00000006afc00000| Untracked 
| 704|0x00000006b0000000, 0x00000006b0000000, 0x00000006b0400000|  0%| F|  |TAMS 0x00000006b0000000, 0x00000006b0000000| Untracked 
| 705|0x00000006b0400000, 0x00000006b0400000, 0x00000006b0800000|  0%| F|  |TAMS 0x00000006b0400000, 0x00000006b0400000| Untracked 
| 706|0x00000006b0800000, 0x00000006b0800000, 0x00000006b0c00000|  0%| F|  |TAMS 0x00000006b0800000, 0x00000006b0800000| Untracked 
| 707|0x00000006b0c00000, 0x00000006b0c00000, 0x00000006b1000000|  0%| F|  |TAMS 0x00000006b0c00000, 0x00000006b0c00000| Untracked 
| 708|0x00000006b1000000, 0x00000006b1000000, 0x00000006b1400000|  0%| F|  |TAMS 0x00000006b1000000, 0x00000006b1000000| Untracked 
| 709|0x00000006b1400000, 0x00000006b1400000, 0x00000006b1800000|  0%| F|  |TAMS 0x00000006b1400000, 0x00000006b1400000| Untracked 
| 710|0x00000006b1800000, 0x00000006b1800000, 0x00000006b1c00000|  0%| F|  |TAMS 0x00000006b1800000, 0x00000006b1800000| Untracked 
| 711|0x00000006b1c00000, 0x00000006b1c00000, 0x00000006b2000000|  0%| F|  |TAMS 0x00000006b1c00000, 0x00000006b1c00000| Untracked 
| 712|0x00000006b2000000, 0x00000006b2000000, 0x00000006b2400000|  0%| F|  |TAMS 0x00000006b2000000, 0x00000006b2000000| Untracked 
| 713|0x00000006b2400000, 0x00000006b2400000, 0x00000006b2800000|  0%| F|  |TAMS 0x00000006b2400000, 0x00000006b2400000| Untracked 
| 714|0x00000006b2800000, 0x00000006b2800000, 0x00000006b2c00000|  0%| F|  |TAMS 0x00000006b2800000, 0x00000006b2800000| Untracked 
| 715|0x00000006b2c00000, 0x00000006b2c00000, 0x00000006b3000000|  0%| F|  |TAMS 0x00000006b2c00000, 0x00000006b2c00000| Untracked 
| 716|0x00000006b3000000, 0x00000006b3400000, 0x00000006b3400000|100%| O|  |TAMS 0x00000006b3400000, 0x00000006b3000000| Complete 
| 717|0x00000006b3400000, 0x00000006b3400000, 0x00000006b3800000|  0%| F|  |TAMS 0x00000006b3400000, 0x00000006b3400000| Untracked 
| 718|0x00000006b3800000, 0x00000006b3800000, 0x00000006b3c00000|  0%| F|  |TAMS 0x00000006b3800000, 0x00000006b3800000| Untracked 
| 719|0x00000006b3c00000, 0x00000006b4000000, 0x00000006b4000000|100%| O|  |TAMS 0x00000006b4000000, 0x00000006b3c00000| Complete 
| 720|0x00000006b4000000, 0x00000006b4000000, 0x00000006b4400000|  0%| F|  |TAMS 0x00000006b4000000, 0x00000006b4000000| Untracked 
| 721|0x00000006b4400000, 0x00000006b4400000, 0x00000006b4800000|  0%| F|  |TAMS 0x00000006b4400000, 0x00000006b4400000| Untracked 
| 722|0x00000006b4800000, 0x00000006b4800000, 0x00000006b4c00000|  0%| F|  |TAMS 0x00000006b4800000, 0x00000006b4800000| Untracked 
| 723|0x00000006b4c00000, 0x00000006b4c00000, 0x00000006b5000000|  0%| F|  |TAMS 0x00000006b4c00000, 0x00000006b4c00000| Untracked 
| 724|0x00000006b5000000, 0x00000006b5000000, 0x00000006b5400000|  0%| F|  |TAMS 0x00000006b5000000, 0x00000006b5000000| Untracked 
| 725|0x00000006b5400000, 0x00000006b5400000, 0x00000006b5800000|  0%| F|  |TAMS 0x00000006b5400000, 0x00000006b5400000| Untracked 
| 726|0x00000006b5800000, 0x00000006b5800000, 0x00000006b5c00000|  0%| F|  |TAMS 0x00000006b5800000, 0x00000006b5800000| Untracked 
| 727|0x00000006b5c00000, 0x00000006b5c00000, 0x00000006b6000000|  0%| F|  |TAMS 0x00000006b5c00000, 0x00000006b5c00000| Untracked 
| 728|0x00000006b6000000, 0x00000006b6000000, 0x00000006b6400000|  0%| F|  |TAMS 0x00000006b6000000, 0x00000006b6000000| Untracked 
| 729|0x00000006b6400000, 0x00000006b6400000, 0x00000006b6800000|  0%| F|  |TAMS 0x00000006b6400000, 0x00000006b6400000| Untracked 
| 730|0x00000006b6800000, 0x00000006b6800000, 0x00000006b6c00000|  0%| F|  |TAMS 0x00000006b6800000, 0x00000006b6800000| Untracked 
| 731|0x00000006b6c00000, 0x00000006b6c00000, 0x00000006b7000000|  0%| F|  |TAMS 0x00000006b6c00000, 0x00000006b6c00000| Untracked 
| 732|0x00000006b7000000, 0x00000006b7000000, 0x00000006b7400000|  0%| F|  |TAMS 0x00000006b7000000, 0x00000006b7000000| Untracked 
| 733|0x00000006b7400000, 0x00000006b7400000, 0x00000006b7800000|  0%| F|  |TAMS 0x00000006b7400000, 0x00000006b7400000| Untracked 
| 734|0x00000006b7800000, 0x00000006b7800000, 0x00000006b7c00000|  0%| F|  |TAMS 0x00000006b7800000, 0x00000006b7800000| Untracked 
| 735|0x00000006b7c00000, 0x00000006b7c00000, 0x00000006b8000000|  0%| F|  |TAMS 0x00000006b7c00000, 0x00000006b7c00000| Untracked 
| 736|0x00000006b8000000, 0x00000006b8000000, 0x00000006b8400000|  0%| F|  |TAMS 0x00000006b8000000, 0x00000006b8000000| Untracked 
| 737|0x00000006b8400000, 0x00000006b8400000, 0x00000006b8800000|  0%| F|  |TAMS 0x00000006b8400000, 0x00000006b8400000| Untracked 
| 738|0x00000006b8800000, 0x00000006b8800000, 0x00000006b8c00000|  0%| F|  |TAMS 0x00000006b8800000, 0x00000006b8800000| Untracked 
| 739|0x00000006b8c00000, 0x00000006b8c00000, 0x00000006b9000000|  0%| F|  |TAMS 0x00000006b8c00000, 0x00000006b8c00000| Untracked 
| 740|0x00000006b9000000, 0x00000006b9000000, 0x00000006b9400000|  0%| F|  |TAMS 0x00000006b9000000, 0x00000006b9000000| Untracked 
| 741|0x00000006b9400000, 0x00000006b9400000, 0x00000006b9800000|  0%| F|  |TAMS 0x00000006b9400000, 0x00000006b9400000| Untracked 
| 742|0x00000006b9800000, 0x00000006b9800000, 0x00000006b9c00000|  0%| F|  |TAMS 0x00000006b9800000, 0x00000006b9800000| Untracked 
| 743|0x00000006b9c00000, 0x00000006b9c00000, 0x00000006ba000000|  0%| F|  |TAMS 0x00000006b9c00000, 0x00000006b9c00000| Untracked 
| 744|0x00000006ba000000, 0x00000006ba000000, 0x00000006ba400000|  0%| F|  |TAMS 0x00000006ba000000, 0x00000006ba000000| Untracked 
| 745|0x00000006ba400000, 0x00000006ba400000, 0x00000006ba800000|  0%| F|  |TAMS 0x00000006ba400000, 0x00000006ba400000| Untracked 
| 746|0x00000006ba800000, 0x00000006ba800000, 0x00000006bac00000|  0%| F|  |TAMS 0x00000006ba800000, 0x00000006ba800000| Untracked 
| 747|0x00000006bac00000, 0x00000006bac00000, 0x00000006bb000000|  0%| F|  |TAMS 0x00000006bac00000, 0x00000006bac00000| Untracked 
| 748|0x00000006bb000000, 0x00000006bb000000, 0x00000006bb400000|  0%| F|  |TAMS 0x00000006bb000000, 0x00000006bb000000| Untracked 
| 749|0x00000006bb400000, 0x00000006bb400000, 0x00000006bb800000|  0%| F|  |TAMS 0x00000006bb400000, 0x00000006bb400000| Untracked 
| 750|0x00000006bb800000, 0x00000006bb800000, 0x00000006bbc00000|  0%| F|  |TAMS 0x00000006bb800000, 0x00000006bb800000| Untracked 
| 751|0x00000006bbc00000, 0x00000006bbc00000, 0x00000006bc000000|  0%| F|  |TAMS 0x00000006bbc00000, 0x00000006bbc00000| Untracked 
| 752|0x00000006bc000000, 0x00000006bc000000, 0x00000006bc400000|  0%| F|  |TAMS 0x00000006bc000000, 0x00000006bc000000| Untracked 
| 753|0x00000006bc400000, 0x00000006bc400000, 0x00000006bc800000|  0%| F|  |TAMS 0x00000006bc400000, 0x00000006bc400000| Untracked 
| 754|0x00000006bc800000, 0x00000006bc800000, 0x00000006bcc00000|  0%| F|  |TAMS 0x00000006bc800000, 0x00000006bc800000| Untracked 
| 755|0x00000006bcc00000, 0x00000006bcc00000, 0x00000006bd000000|  0%| F|  |TAMS 0x00000006bcc00000, 0x00000006bcc00000| Untracked 
| 756|0x00000006bd000000, 0x00000006bd000000, 0x00000006bd400000|  0%| F|  |TAMS 0x00000006bd000000, 0x00000006bd000000| Untracked 
| 757|0x00000006bd400000, 0x00000006bd400000, 0x00000006bd800000|  0%| F|  |TAMS 0x00000006bd400000, 0x00000006bd400000| Untracked 
| 758|0x00000006bd800000, 0x00000006bd800000, 0x00000006bdc00000|  0%| F|  |TAMS 0x00000006bd800000, 0x00000006bd800000| Untracked 
| 759|0x00000006bdc00000, 0x00000006bdc00000, 0x00000006be000000|  0%| F|  |TAMS 0x00000006bdc00000, 0x00000006bdc00000| Untracked 
| 760|0x00000006be000000, 0x00000006be000000, 0x00000006be400000|  0%| F|  |TAMS 0x00000006be000000, 0x00000006be000000| Untracked 
| 761|0x00000006be400000, 0x00000006be400000, 0x00000006be800000|  0%| F|  |TAMS 0x00000006be400000, 0x00000006be400000| Untracked 
| 762|0x00000006be800000, 0x00000006be800000, 0x00000006bec00000|  0%| F|  |TAMS 0x00000006be800000, 0x00000006be800000| Untracked 
| 763|0x00000006bec00000, 0x00000006bec00000, 0x00000006bf000000|  0%| F|  |TAMS 0x00000006bec00000, 0x00000006bec00000| Untracked 
| 764|0x00000006bf000000, 0x00000006bf000000, 0x00000006bf400000|  0%| F|  |TAMS 0x00000006bf000000, 0x00000006bf000000| Untracked 
| 765|0x00000006bf400000, 0x00000006bf400000, 0x00000006bf800000|  0%| F|  |TAMS 0x00000006bf400000, 0x00000006bf400000| Untracked 
| 766|0x00000006bf800000, 0x00000006bfc00000, 0x00000006bfc00000|100%| O|  |TAMS 0x00000006bfc00000, 0x00000006bf800000| Untracked 
| 767|0x00000006bfc00000, 0x00000006bfc00000, 0x00000006c0000000|  0%| F|  |TAMS 0x00000006bfc00000, 0x00000006bfc00000| Untracked 
| 768|0x00000006c0000000, 0x00000006c0000000, 0x00000006c0400000|  0%| F|  |TAMS 0x00000006c0000000, 0x00000006c0000000| Untracked 
| 769|0x00000006c0400000, 0x00000006c0400000, 0x00000006c0800000|  0%| F|  |TAMS 0x00000006c0400000, 0x00000006c0400000| Untracked 
| 770|0x00000006c0800000, 0x00000006c0800000, 0x00000006c0c00000|  0%| F|  |TAMS 0x00000006c0800000, 0x00000006c0800000| Untracked 
| 771|0x00000006c0c00000, 0x00000006c0c00000, 0x00000006c1000000|  0%| F|  |TAMS 0x00000006c0c00000, 0x00000006c0c00000| Untracked 
| 772|0x00000006c1000000, 0x00000006c1400000, 0x00000006c1400000|100%| O|  |TAMS 0x00000006c1400000, 0x00000006c1000000| Untracked 
| 773|0x00000006c1400000, 0x00000006c1400000, 0x00000006c1800000|  0%| F|  |TAMS 0x00000006c1400000, 0x00000006c1400000| Untracked 
| 774|0x00000006c1800000, 0x00000006c1800000, 0x00000006c1c00000|  0%| F|  |TAMS 0x00000006c1800000, 0x00000006c1800000| Untracked 
| 775|0x00000006c1c00000, 0x00000006c2000000, 0x00000006c2000000|100%| O|  |TAMS 0x00000006c2000000, 0x00000006c1c00000| Untracked 
| 776|0x00000006c2000000, 0x00000006c2400000, 0x00000006c2400000|100%| O|  |TAMS 0x00000006c2400000, 0x00000006c2000000| Untracked 
| 777|0x00000006c2400000, 0x00000006c2400000, 0x00000006c2800000|  0%| F|  |TAMS 0x00000006c2400000, 0x00000006c2400000| Untracked 
| 778|0x00000006c2800000, 0x00000006c2c00000, 0x00000006c2c00000|100%| O|  |TAMS 0x00000006c2c00000, 0x00000006c2800000| Untracked 
| 779|0x00000006c2c00000, 0x00000006c2c00000, 0x00000006c3000000|  0%| F|  |TAMS 0x00000006c2c00000, 0x00000006c2c00000| Untracked 
| 780|0x00000006c3000000, 0x00000006c3000000, 0x00000006c3400000|  0%| F|  |TAMS 0x00000006c3000000, 0x00000006c3000000| Untracked 
| 781|0x00000006c3400000, 0x00000006c3800000, 0x00000006c3800000|100%| O|  |TAMS 0x00000006c3800000, 0x00000006c3400000| Complete 
| 782|0x00000006c3800000, 0x00000006c3800000, 0x00000006c3c00000|  0%| F|  |TAMS 0x00000006c3800000, 0x00000006c3800000| Untracked 
| 783|0x00000006c3c00000, 0x00000006c3c00000, 0x00000006c4000000|  0%| F|  |TAMS 0x00000006c3c00000, 0x00000006c3c00000| Untracked 
| 784|0x00000006c4000000, 0x00000006c4000000, 0x00000006c4400000|  0%| F|  |TAMS 0x00000006c4000000, 0x00000006c4000000| Untracked 
| 785|0x00000006c4400000, 0x00000006c4400000, 0x00000006c4800000|  0%| F|  |TAMS 0x00000006c4400000, 0x00000006c4400000| Untracked 
| 786|0x00000006c4800000, 0x00000006c4800000, 0x00000006c4c00000|  0%| F|  |TAMS 0x00000006c4800000, 0x00000006c4800000| Untracked 
| 787|0x00000006c4c00000, 0x00000006c4c00000, 0x00000006c5000000|  0%| F|  |TAMS 0x00000006c4c00000, 0x00000006c4c00000| Untracked 
| 788|0x00000006c5000000, 0x00000006c5000000, 0x00000006c5400000|  0%| F|  |TAMS 0x00000006c5000000, 0x00000006c5000000| Untracked 
| 789|0x00000006c5400000, 0x00000006c5400000, 0x00000006c5800000|  0%| F|  |TAMS 0x00000006c5400000, 0x00000006c5400000| Untracked 
| 790|0x00000006c5800000, 0x00000006c5800000, 0x00000006c5c00000|  0%| F|  |TAMS 0x00000006c5800000, 0x00000006c5800000| Untracked 
| 791|0x00000006c5c00000, 0x00000006c5c00000, 0x00000006c6000000|  0%| F|  |TAMS 0x00000006c5c00000, 0x00000006c5c00000| Untracked 
| 792|0x00000006c6000000, 0x00000006c6000000, 0x00000006c6400000|  0%| F|  |TAMS 0x00000006c6000000, 0x00000006c6000000| Untracked 
| 793|0x00000006c6400000, 0x00000006c6800000, 0x00000006c6800000|100%| O|  |TAMS 0x00000006c6800000, 0x00000006c6400000| Complete 
| 794|0x00000006c6800000, 0x00000006c6c00000, 0x00000006c6c00000|100%| O|  |TAMS 0x00000006c6c00000, 0x00000006c6800000| Untracked 
| 795|0x00000006c6c00000, 0x00000006c7000000, 0x00000006c7000000|100%| O|  |TAMS 0x00000006c7000000, 0x00000006c6c00000| Untracked 
| 796|0x00000006c7000000, 0x00000006c7400000, 0x00000006c7400000|100%| O|  |TAMS 0x00000006c7400000, 0x00000006c7000000| Untracked 
| 797|0x00000006c7400000, 0x00000006c7800000, 0x00000006c7800000|100%| O|  |TAMS 0x00000006c7800000, 0x00000006c7400000| Untracked 
| 798|0x00000006c7800000, 0x00000006c7c00000, 0x00000006c7c00000|100%| O|  |TAMS 0x00000006c7c00000, 0x00000006c7800000| Untracked 
| 799|0x00000006c7c00000, 0x00000006c8000000, 0x00000006c8000000|100%| O|  |TAMS 0x00000006c8000000, 0x00000006c7c00000| Untracked 
| 800|0x00000006c8000000, 0x00000006c8400000, 0x00000006c8400000|100%| O|  |TAMS 0x00000006c8400000, 0x00000006c8000000| Untracked 
| 801|0x00000006c8400000, 0x00000006c8800000, 0x00000006c8800000|100%| O|  |TAMS 0x00000006c8800000, 0x00000006c8400000| Untracked 
| 802|0x00000006c8800000, 0x00000006c8c00000, 0x00000006c8c00000|100%| O|  |TAMS 0x00000006c8c00000, 0x00000006c8800000| Untracked 
| 803|0x00000006c8c00000, 0x00000006c9000000, 0x00000006c9000000|100%| O|  |TAMS 0x00000006c9000000, 0x00000006c8c00000| Untracked 
| 804|0x00000006c9000000, 0x00000006c9400000, 0x00000006c9400000|100%| O|  |TAMS 0x00000006c9400000, 0x00000006c9000000| Untracked 
| 805|0x00000006c9400000, 0x00000006c9800000, 0x00000006c9800000|100%| O|  |TAMS 0x00000006c9800000, 0x00000006c9400000| Untracked 
| 806|0x00000006c9800000, 0x00000006c9c00000, 0x00000006c9c00000|100%| O|  |TAMS 0x00000006c9c00000, 0x00000006c9800000| Untracked 
| 807|0x00000006c9c00000, 0x00000006ca000000, 0x00000006ca000000|100%| O|  |TAMS 0x00000006ca000000, 0x00000006c9c00000| Untracked 
| 808|0x00000006ca000000, 0x00000006ca400000, 0x00000006ca400000|100%| O|  |TAMS 0x00000006ca400000, 0x00000006ca000000| Untracked 
| 809|0x00000006ca400000, 0x00000006ca800000, 0x00000006ca800000|100%| O|  |TAMS 0x00000006ca800000, 0x00000006ca400000| Untracked 
| 810|0x00000006ca800000, 0x00000006cac00000, 0x00000006cac00000|100%| O|  |TAMS 0x00000006cac00000, 0x00000006ca800000| Untracked 
| 811|0x00000006cac00000, 0x00000006cb000000, 0x00000006cb000000|100%| O|  |TAMS 0x00000006cb000000, 0x00000006cac00000| Untracked 
| 812|0x00000006cb000000, 0x00000006cb400000, 0x00000006cb400000|100%| O|  |TAMS 0x00000006cb400000, 0x00000006cb000000| Untracked 
| 813|0x00000006cb400000, 0x00000006cb800000, 0x00000006cb800000|100%| O|  |TAMS 0x00000006cb800000, 0x00000006cb400000| Untracked 
| 814|0x00000006cb800000, 0x00000006cbc00000, 0x00000006cbc00000|100%| O|  |TAMS 0x00000006cbc00000, 0x00000006cb800000| Untracked 
| 815|0x00000006cbc00000, 0x00000006cc000000, 0x00000006cc000000|100%| O|  |TAMS 0x00000006cc000000, 0x00000006cbc00000| Untracked 
| 816|0x00000006cc000000, 0x00000006cc400000, 0x00000006cc400000|100%| O|  |TAMS 0x00000006cc400000, 0x00000006cc000000| Untracked 
| 817|0x00000006cc400000, 0x00000006cc800000, 0x00000006cc800000|100%| O|  |TAMS 0x00000006cc800000, 0x00000006cc400000| Untracked 
| 818|0x00000006cc800000, 0x00000006ccc00000, 0x00000006ccc00000|100%| O|  |TAMS 0x00000006ccc00000, 0x00000006cc800000| Untracked 
| 819|0x00000006ccc00000, 0x00000006cd000000, 0x00000006cd000000|100%| O|  |TAMS 0x00000006cd000000, 0x00000006ccc00000| Untracked 
| 820|0x00000006cd000000, 0x00000006cd400000, 0x00000006cd400000|100%| O|  |TAMS 0x00000006cd400000, 0x00000006cd000000| Untracked 
| 821|0x00000006cd400000, 0x00000006cd800000, 0x00000006cd800000|100%| O|  |TAMS 0x00000006cd800000, 0x00000006cd400000| Untracked 
| 822|0x00000006cd800000, 0x00000006cdc00000, 0x00000006cdc00000|100%| O|  |TAMS 0x00000006cdc00000, 0x00000006cd800000| Untracked 
| 823|0x00000006cdc00000, 0x00000006ce000000, 0x00000006ce000000|100%| O|  |TAMS 0x00000006ce000000, 0x00000006cdc00000| Untracked 
| 824|0x00000006ce000000, 0x00000006ce400000, 0x00000006ce400000|100%| O|  |TAMS 0x00000006ce400000, 0x00000006ce000000| Untracked 
| 825|0x00000006ce400000, 0x00000006ce800000, 0x00000006ce800000|100%| O|  |TAMS 0x00000006ce800000, 0x00000006ce400000| Untracked 
| 826|0x00000006ce800000, 0x00000006cec00000, 0x00000006cec00000|100%| O|  |TAMS 0x00000006cec00000, 0x00000006ce800000| Untracked 
| 827|0x00000006cec00000, 0x00000006cf000000, 0x00000006cf000000|100%| O|  |TAMS 0x00000006cf000000, 0x00000006cec00000| Untracked 
| 828|0x00000006cf000000, 0x00000006cf400000, 0x00000006cf400000|100%| O|  |TAMS 0x00000006cf400000, 0x00000006cf000000| Untracked 
| 829|0x00000006cf400000, 0x00000006cf800000, 0x00000006cf800000|100%| O|  |TAMS 0x00000006cf800000, 0x00000006cf400000| Untracked 
| 830|0x00000006cf800000, 0x00000006cfc00000, 0x00000006cfc00000|100%| O|  |TAMS 0x00000006cfc00000, 0x00000006cf800000| Untracked 
| 831|0x00000006cfc00000, 0x00000006d0000000, 0x00000006d0000000|100%| O|  |TAMS 0x00000006d0000000, 0x00000006cfc00000| Untracked 
| 832|0x00000006d0000000, 0x00000006d0400000, 0x00000006d0400000|100%| O|  |TAMS 0x00000006d0400000, 0x00000006d0000000| Untracked 
| 833|0x00000006d0400000, 0x00000006d0800000, 0x00000006d0800000|100%| O|  |TAMS 0x00000006d0800000, 0x00000006d0400000| Untracked 
| 834|0x00000006d0800000, 0x00000006d0c00000, 0x00000006d0c00000|100%| O|  |TAMS 0x00000006d0c00000, 0x00000006d0800000| Untracked 
| 835|0x00000006d0c00000, 0x00000006d1000000, 0x00000006d1000000|100%| O|  |TAMS 0x00000006d1000000, 0x00000006d0c00000| Untracked 
| 836|0x00000006d1000000, 0x00000006d1400000, 0x00000006d1400000|100%| O|  |TAMS 0x00000006d1400000, 0x00000006d1000000| Untracked 
| 837|0x00000006d1400000, 0x00000006d1800000, 0x00000006d1800000|100%| O|  |TAMS 0x00000006d1800000, 0x00000006d1400000| Untracked 
| 838|0x00000006d1800000, 0x00000006d1c00000, 0x00000006d1c00000|100%| O|  |TAMS 0x00000006d1c00000, 0x00000006d1800000| Untracked 
| 839|0x00000006d1c00000, 0x00000006d2000000, 0x00000006d2000000|100%| O|  |TAMS 0x00000006d2000000, 0x00000006d1c00000| Untracked 
| 840|0x00000006d2000000, 0x00000006d2400000, 0x00000006d2400000|100%| O|  |TAMS 0x00000006d2400000, 0x00000006d2000000| Untracked 
| 841|0x00000006d2400000, 0x00000006d2800000, 0x00000006d2800000|100%| O|  |TAMS 0x00000006d2800000, 0x00000006d2400000| Untracked 
| 842|0x00000006d2800000, 0x00000006d2c00000, 0x00000006d2c00000|100%| O|  |TAMS 0x00000006d2c00000, 0x00000006d2800000| Untracked 
| 843|0x00000006d2c00000, 0x00000006d3000000, 0x00000006d3000000|100%| O|  |TAMS 0x00000006d3000000, 0x00000006d2c00000| Untracked 
| 844|0x00000006d3000000, 0x00000006d3400000, 0x00000006d3400000|100%| O|  |TAMS 0x00000006d3400000, 0x00000006d3000000| Untracked 
| 845|0x00000006d3400000, 0x00000006d3800000, 0x00000006d3800000|100%| O|  |TAMS 0x00000006d3800000, 0x00000006d3400000| Untracked 
| 846|0x00000006d3800000, 0x00000006d3c00000, 0x00000006d3c00000|100%| O|  |TAMS 0x00000006d3c00000, 0x00000006d3800000| Untracked 
| 847|0x00000006d3c00000, 0x00000006d4000000, 0x00000006d4000000|100%| O|  |TAMS 0x00000006d4000000, 0x00000006d3c00000| Untracked 
| 848|0x00000006d4000000, 0x00000006d4400000, 0x00000006d4400000|100%| O|  |TAMS 0x00000006d4400000, 0x00000006d4000000| Untracked 
| 849|0x00000006d4400000, 0x00000006d4400000, 0x00000006d4800000|  0%| F|  |TAMS 0x00000006d4400000, 0x00000006d4400000| Untracked 
| 850|0x00000006d4800000, 0x00000006d4800000, 0x00000006d4c00000|  0%| F|  |TAMS 0x00000006d4800000, 0x00000006d4800000| Untracked 
| 851|0x00000006d4c00000, 0x00000006d4c00000, 0x00000006d5000000|  0%| F|  |TAMS 0x00000006d4c00000, 0x00000006d4c00000| Untracked 
| 852|0x00000006d5000000, 0x00000006d5000000, 0x00000006d5400000|  0%| F|  |TAMS 0x00000006d5000000, 0x00000006d5000000| Untracked 
| 853|0x00000006d5400000, 0x00000006d5800000, 0x00000006d5800000|100%|HS|  |TAMS 0x00000006d5800000, 0x00000006d5400000| Complete 
| 854|0x00000006d5800000, 0x00000006d5c00000, 0x00000006d5c00000|100%|HC|  |TAMS 0x00000006d5c00000, 0x00000006d5800000| Complete 
| 855|0x00000006d5c00000, 0x00000006d6000000, 0x00000006d6000000|100%| O|  |TAMS 0x00000006d6000000, 0x00000006d5c00000| Untracked 
| 856|0x00000006d6000000, 0x00000006d6400000, 0x00000006d6400000|100%| O|  |TAMS 0x00000006d6400000, 0x00000006d6000000| Untracked 
| 857|0x00000006d6400000, 0x00000006d6800000, 0x00000006d6800000|100%| O|  |TAMS 0x00000006d6800000, 0x00000006d6400000| Untracked 
| 858|0x00000006d6800000, 0x00000006d6c00000, 0x00000006d6c00000|100%| O|  |TAMS 0x00000006d6c00000, 0x00000006d6800000| Untracked 
| 859|0x00000006d6c00000, 0x00000006d7000000, 0x00000006d7000000|100%| O|  |TAMS 0x00000006d7000000, 0x00000006d6c00000| Untracked 
| 860|0x00000006d7000000, 0x00000006d7400000, 0x00000006d7400000|100%| O|  |TAMS 0x00000006d7400000, 0x00000006d7000000| Untracked 
| 861|0x00000006d7400000, 0x00000006d7800000, 0x00000006d7800000|100%| O|  |TAMS 0x00000006d7800000, 0x00000006d7400000| Untracked 
| 862|0x00000006d7800000, 0x00000006d7c00000, 0x00000006d7c00000|100%| O|  |TAMS 0x00000006d7c00000, 0x00000006d7800000| Untracked 
| 863|0x00000006d7c00000, 0x00000006d8000000, 0x00000006d8000000|100%| O|  |TAMS 0x00000006d8000000, 0x00000006d7c00000| Untracked 
| 864|0x00000006d8000000, 0x00000006d8400000, 0x00000006d8400000|100%|HS|  |TAMS 0x00000006d8400000, 0x00000006d8000000| Complete 
| 865|0x00000006d8400000, 0x00000006d8800000, 0x00000006d8800000|100%|HC|  |TAMS 0x00000006d8800000, 0x00000006d8400000| Complete 
| 866|0x00000006d8800000, 0x00000006d8c00000, 0x00000006d8c00000|100%|HS|  |TAMS 0x00000006d8c00000, 0x00000006d8800000| Complete 
| 867|0x00000006d8c00000, 0x00000006d9000000, 0x00000006d9000000|100%|HC|  |TAMS 0x00000006d9000000, 0x00000006d8c00000| Complete 
| 868|0x00000006d9000000, 0x00000006d9400000, 0x00000006d9400000|100%|HS|  |TAMS 0x00000006d9400000, 0x00000006d9000000| Complete 
| 869|0x00000006d9400000, 0x00000006d9800000, 0x00000006d9800000|100%|HC|  |TAMS 0x00000006d9800000, 0x00000006d9400000| Complete 
| 870|0x00000006d9800000, 0x00000006d9c00000, 0x00000006d9c00000|100%| O|  |TAMS 0x00000006d9c00000, 0x00000006d9800000| Untracked 
| 871|0x00000006d9c00000, 0x00000006da000000, 0x00000006da000000|100%| O|  |TAMS 0x00000006da000000, 0x00000006d9c00000| Untracked 
| 872|0x00000006da000000, 0x00000006da400000, 0x00000006da400000|100%| O|  |TAMS 0x00000006da400000, 0x00000006da000000| Untracked 
| 873|0x00000006da400000, 0x00000006da800000, 0x00000006da800000|100%| O|  |TAMS 0x00000006da800000, 0x00000006da400000| Untracked 
| 874|0x00000006da800000, 0x00000006dac00000, 0x00000006dac00000|100%| O|  |TAMS 0x00000006dac00000, 0x00000006da800000| Untracked 
| 875|0x00000006dac00000, 0x00000006db000000, 0x00000006db000000|100%| O|  |TAMS 0x00000006db000000, 0x00000006dac00000| Untracked 
| 876|0x00000006db000000, 0x00000006db400000, 0x00000006db400000|100%| O|  |TAMS 0x00000006db400000, 0x00000006db000000| Untracked 
| 877|0x00000006db400000, 0x00000006db800000, 0x00000006db800000|100%| O|  |TAMS 0x00000006db800000, 0x00000006db400000| Untracked 
| 878|0x00000006db800000, 0x00000006dbc00000, 0x00000006dbc00000|100%| O|  |TAMS 0x00000006dbc00000, 0x00000006db800000| Untracked 
| 879|0x00000006dbc00000, 0x00000006dc000000, 0x00000006dc000000|100%| O|  |TAMS 0x00000006dc000000, 0x00000006dbc00000| Untracked 
| 880|0x00000006dc000000, 0x00000006dc400000, 0x00000006dc400000|100%| O|  |TAMS 0x00000006dc400000, 0x00000006dc000000| Untracked 
| 881|0x00000006dc400000, 0x00000006dc800000, 0x00000006dc800000|100%| O|  |TAMS 0x00000006dc800000, 0x00000006dc400000| Untracked 
| 882|0x00000006dc800000, 0x00000006dcc00000, 0x00000006dcc00000|100%| O|  |TAMS 0x00000006dcc00000, 0x00000006dc800000| Untracked 
| 883|0x00000006dcc00000, 0x00000006dd000000, 0x00000006dd000000|100%| O|  |TAMS 0x00000006dd000000, 0x00000006dcc00000| Untracked 
| 884|0x00000006dd000000, 0x00000006dd400000, 0x00000006dd400000|100%| O|  |TAMS 0x00000006dd400000, 0x00000006dd000000| Untracked 
| 885|0x00000006dd400000, 0x00000006dd800000, 0x00000006dd800000|100%| O|  |TAMS 0x00000006dd800000, 0x00000006dd400000| Untracked 
| 886|0x00000006dd800000, 0x00000006ddc00000, 0x00000006ddc00000|100%| O|  |TAMS 0x00000006ddc00000, 0x00000006dd800000| Untracked 
| 887|0x00000006ddc00000, 0x00000006de000000, 0x00000006de000000|100%| O|  |TAMS 0x00000006de000000, 0x00000006ddc00000| Untracked 
| 888|0x00000006de000000, 0x00000006de400000, 0x00000006de400000|100%| O|  |TAMS 0x00000006de400000, 0x00000006de000000| Untracked 
| 889|0x00000006de400000, 0x00000006de800000, 0x00000006de800000|100%| O|  |TAMS 0x00000006de800000, 0x00000006de400000| Untracked 
| 890|0x00000006de800000, 0x00000006dec00000, 0x00000006dec00000|100%| O|  |TAMS 0x00000006dec00000, 0x00000006de800000| Untracked 
| 891|0x00000006dec00000, 0x00000006df000000, 0x00000006df000000|100%| O|  |TAMS 0x00000006df000000, 0x00000006dec00000| Untracked 
| 892|0x00000006df000000, 0x00000006df400000, 0x00000006df400000|100%| O|  |TAMS 0x00000006df400000, 0x00000006df000000| Untracked 
| 893|0x00000006df400000, 0x00000006df800000, 0x00000006df800000|100%| O|  |TAMS 0x00000006df800000, 0x00000006df400000| Untracked 
| 894|0x00000006df800000, 0x00000006dfc00000, 0x00000006dfc00000|100%| O|  |TAMS 0x00000006dfc00000, 0x00000006df800000| Untracked 
| 895|0x00000006dfc00000, 0x00000006e0000000, 0x00000006e0000000|100%| O|  |TAMS 0x00000006e0000000, 0x00000006dfc00000| Untracked 
| 896|0x00000006e0000000, 0x00000006e0400000, 0x00000006e0400000|100%| O|  |TAMS 0x00000006e0400000, 0x00000006e0000000| Untracked 
| 897|0x00000006e0400000, 0x00000006e0800000, 0x00000006e0800000|100%| O|  |TAMS 0x00000006e0800000, 0x00000006e0400000| Untracked 
| 898|0x00000006e0800000, 0x00000006e0c00000, 0x00000006e0c00000|100%| O|  |TAMS 0x00000006e0c00000, 0x00000006e0800000| Untracked 
| 899|0x00000006e0c00000, 0x00000006e1000000, 0x00000006e1000000|100%| O|  |TAMS 0x00000006e1000000, 0x00000006e0c00000| Untracked 
| 900|0x00000006e1000000, 0x00000006e1400000, 0x00000006e1400000|100%| O|  |TAMS 0x00000006e1400000, 0x00000006e1000000| Untracked 
| 901|0x00000006e1400000, 0x00000006e1800000, 0x00000006e1800000|100%| O|  |TAMS 0x00000006e1800000, 0x00000006e1400000| Complete 
| 902|0x00000006e1800000, 0x00000006e1c00000, 0x00000006e1c00000|100%| O|  |TAMS 0x00000006e1c00000, 0x00000006e1800000| Untracked 
| 903|0x00000006e1c00000, 0x00000006e1c00000, 0x00000006e2000000|  0%| F|  |TAMS 0x00000006e1c00000, 0x00000006e1c00000| Untracked 
| 904|0x00000006e2000000, 0x00000006e2000000, 0x00000006e2400000|  0%| F|  |TAMS 0x00000006e2000000, 0x00000006e2000000| Untracked 
| 905|0x00000006e2400000, 0x00000006e2400000, 0x00000006e2800000|  0%| F|  |TAMS 0x00000006e2400000, 0x00000006e2400000| Untracked 
| 906|0x00000006e2800000, 0x00000006e2c00000, 0x00000006e2c00000|100%| O|  |TAMS 0x00000006e2c00000, 0x00000006e2800000| Untracked 
| 907|0x00000006e2c00000, 0x00000006e3000000, 0x00000006e3000000|100%| O|  |TAMS 0x00000006e3000000, 0x00000006e2c00000| Untracked 
| 908|0x00000006e3000000, 0x00000006e3400000, 0x00000006e3400000|100%| O|  |TAMS 0x00000006e3400000, 0x00000006e3000000| Untracked 
| 909|0x00000006e3400000, 0x00000006e3800000, 0x00000006e3800000|100%| O|  |TAMS 0x00000006e3800000, 0x00000006e3400000| Untracked 
| 910|0x00000006e3800000, 0x00000006e3c00000, 0x00000006e3c00000|100%| O|  |TAMS 0x00000006e3c00000, 0x00000006e3800000| Untracked 
| 911|0x00000006e3c00000, 0x00000006e4000000, 0x00000006e4000000|100%| O|  |TAMS 0x00000006e4000000, 0x00000006e3c00000| Untracked 
| 912|0x00000006e4000000, 0x00000006e4400000, 0x00000006e4400000|100%| O|  |TAMS 0x00000006e4400000, 0x00000006e4000000| Untracked 
| 913|0x00000006e4400000, 0x00000006e4800000, 0x00000006e4800000|100%| O|  |TAMS 0x00000006e4800000, 0x00000006e4400000| Untracked 
| 914|0x00000006e4800000, 0x00000006e4c00000, 0x00000006e4c00000|100%| O|  |TAMS 0x00000006e4c00000, 0x00000006e4800000| Untracked 
| 915|0x00000006e4c00000, 0x00000006e5000000, 0x00000006e5000000|100%| O|  |TAMS 0x00000006e5000000, 0x00000006e4c00000| Untracked 
| 916|0x00000006e5000000, 0x00000006e5400000, 0x00000006e5400000|100%| O|  |TAMS 0x00000006e5400000, 0x00000006e5000000| Untracked 
| 917|0x00000006e5400000, 0x00000006e5800000, 0x00000006e5800000|100%| O|  |TAMS 0x00000006e5800000, 0x00000006e5400000| Untracked 
| 918|0x00000006e5800000, 0x00000006e5c00000, 0x00000006e5c00000|100%| O|  |TAMS 0x00000006e5c00000, 0x00000006e5800000| Untracked 
| 919|0x00000006e5c00000, 0x00000006e6000000, 0x00000006e6000000|100%| O|  |TAMS 0x00000006e6000000, 0x00000006e5c00000| Untracked 
| 920|0x00000006e6000000, 0x00000006e6400000, 0x00000006e6400000|100%| O|  |TAMS 0x00000006e6400000, 0x00000006e6000000| Untracked 
| 921|0x00000006e6400000, 0x00000006e6800000, 0x00000006e6800000|100%| O|  |TAMS 0x00000006e6800000, 0x00000006e6400000| Untracked 
| 922|0x00000006e6800000, 0x00000006e6c00000, 0x00000006e6c00000|100%| O|  |TAMS 0x00000006e6c00000, 0x00000006e6800000| Untracked 
| 923|0x00000006e6c00000, 0x00000006e7000000, 0x00000006e7000000|100%| O|  |TAMS 0x00000006e7000000, 0x00000006e6c00000| Untracked 
| 924|0x00000006e7000000, 0x00000006e7400000, 0x00000006e7400000|100%| O|  |TAMS 0x00000006e7400000, 0x00000006e7000000| Untracked 
| 925|0x00000006e7400000, 0x00000006e7800000, 0x00000006e7800000|100%| O|  |TAMS 0x00000006e7800000, 0x00000006e7400000| Untracked 
| 926|0x00000006e7800000, 0x00000006e7c00000, 0x00000006e7c00000|100%| O|  |TAMS 0x00000006e7c00000, 0x00000006e7800000| Untracked 
| 927|0x00000006e7c00000, 0x00000006e8000000, 0x00000006e8000000|100%| O|  |TAMS 0x00000006e8000000, 0x00000006e7c00000| Untracked 
| 928|0x00000006e8000000, 0x00000006e8400000, 0x00000006e8400000|100%| O|  |TAMS 0x00000006e8400000, 0x00000006e8000000| Untracked 
| 929|0x00000006e8400000, 0x00000006e8800000, 0x00000006e8800000|100%| O|  |TAMS 0x00000006e8800000, 0x00000006e8400000| Untracked 
| 930|0x00000006e8800000, 0x00000006e8c00000, 0x00000006e8c00000|100%| O|  |TAMS 0x00000006e8c00000, 0x00000006e8800000| Untracked 
| 931|0x00000006e8c00000, 0x00000006e9000000, 0x00000006e9000000|100%| O|  |TAMS 0x00000006e9000000, 0x00000006e8c00000| Untracked 
| 932|0x00000006e9000000, 0x00000006e9400000, 0x00000006e9400000|100%| O|  |TAMS 0x00000006e9400000, 0x00000006e9000000| Untracked 
| 933|0x00000006e9400000, 0x00000006e9800000, 0x00000006e9800000|100%| O|  |TAMS 0x00000006e9800000, 0x00000006e9400000| Complete 
| 934|0x00000006e9800000, 0x00000006e9c00000, 0x00000006e9c00000|100%| O|  |TAMS 0x00000006e9c00000, 0x00000006e9800000| Untracked 
| 935|0x00000006e9c00000, 0x00000006e9c00000, 0x00000006ea000000|  0%| F|  |TAMS 0x00000006e9c00000, 0x00000006e9c00000| Untracked 
| 936|0x00000006ea000000, 0x00000006ea400000, 0x00000006ea400000|100%| O|  |TAMS 0x00000006ea400000, 0x00000006ea000000| Untracked 
| 937|0x00000006ea400000, 0x00000006ea800000, 0x00000006ea800000|100%| O|  |TAMS 0x00000006ea800000, 0x00000006ea400000| Untracked 
| 938|0x00000006ea800000, 0x00000006eac00000, 0x00000006eac00000|100%| O|  |TAMS 0x00000006eac00000, 0x00000006ea800000| Untracked 
| 939|0x00000006eac00000, 0x00000006eb000000, 0x00000006eb000000|100%| O|  |TAMS 0x00000006eb000000, 0x00000006eac00000| Untracked 
| 940|0x00000006eb000000, 0x00000006eb400000, 0x00000006eb400000|100%| O|  |TAMS 0x00000006eb400000, 0x00000006eb000000| Untracked 
| 941|0x00000006eb400000, 0x00000006eb800000, 0x00000006eb800000|100%| O|  |TAMS 0x00000006eb800000, 0x00000006eb400000| Untracked 
| 942|0x00000006eb800000, 0x00000006ebc00000, 0x00000006ebc00000|100%| O|  |TAMS 0x00000006ebc00000, 0x00000006eb800000| Untracked 
| 943|0x00000006ebc00000, 0x00000006ec000000, 0x00000006ec000000|100%| O|  |TAMS 0x00000006ec000000, 0x00000006ebc00000| Untracked 
| 944|0x00000006ec000000, 0x00000006ec400000, 0x00000006ec400000|100%| O|  |TAMS 0x00000006ec400000, 0x00000006ec000000| Untracked 
| 945|0x00000006ec400000, 0x00000006ec800000, 0x00000006ec800000|100%| O|  |TAMS 0x00000006ec800000, 0x00000006ec400000| Untracked 
| 946|0x00000006ec800000, 0x00000006ecc00000, 0x00000006ecc00000|100%| O|  |TAMS 0x00000006ecc00000, 0x00000006ec800000| Untracked 
| 947|0x00000006ecc00000, 0x00000006ed000000, 0x00000006ed000000|100%| O|  |TAMS 0x00000006ed000000, 0x00000006ecc00000| Untracked 
| 948|0x00000006ed000000, 0x00000006ed400000, 0x00000006ed400000|100%| O|  |TAMS 0x00000006ed400000, 0x00000006ed000000| Untracked 
| 949|0x00000006ed400000, 0x00000006ed800000, 0x00000006ed800000|100%| O|  |TAMS 0x00000006ed800000, 0x00000006ed400000| Untracked 
| 950|0x00000006ed800000, 0x00000006edc00000, 0x00000006edc00000|100%| O|  |TAMS 0x00000006edc00000, 0x00000006ed800000| Untracked 
| 951|0x00000006edc00000, 0x00000006ee000000, 0x00000006ee000000|100%| O|  |TAMS 0x00000006ee000000, 0x00000006edc00000| Untracked 
| 952|0x00000006ee000000, 0x00000006ee400000, 0x00000006ee400000|100%| O|  |TAMS 0x00000006ee400000, 0x00000006ee000000| Untracked 
| 953|0x00000006ee400000, 0x00000006ee800000, 0x00000006ee800000|100%| O|  |TAMS 0x00000006ee800000, 0x00000006ee400000| Untracked 
| 954|0x00000006ee800000, 0x00000006eec00000, 0x00000006eec00000|100%| O|  |TAMS 0x00000006eec00000, 0x00000006ee800000| Complete 
| 955|0x00000006eec00000, 0x00000006ef000000, 0x00000006ef000000|100%|HS|  |TAMS 0x00000006ef000000, 0x00000006eec00000| Complete 
| 956|0x00000006ef000000, 0x00000006ef400000, 0x00000006ef400000|100%|HC|  |TAMS 0x00000006ef400000, 0x00000006ef000000| Complete 
| 957|0x00000006ef400000, 0x00000006ef800000, 0x00000006ef800000|100%|HS|  |TAMS 0x00000006ef800000, 0x00000006ef400000| Complete 
| 958|0x00000006ef800000, 0x00000006efc00000, 0x00000006efc00000|100%|HC|  |TAMS 0x00000006efc00000, 0x00000006ef800000| Complete 
| 959|0x00000006efc00000, 0x00000006f0000000, 0x00000006f0000000|100%| O|  |TAMS 0x00000006f0000000, 0x00000006efc00000| Untracked 
| 960|0x00000006f0000000, 0x00000006f0400000, 0x00000006f0400000|100%| O|  |TAMS 0x00000006f0400000, 0x00000006f0000000| Untracked 
| 961|0x00000006f0400000, 0x00000006f0800000, 0x00000006f0800000|100%| O|  |TAMS 0x00000006f0800000, 0x00000006f0400000| Untracked 
| 962|0x00000006f0800000, 0x00000006f0c00000, 0x00000006f0c00000|100%| O|  |TAMS 0x00000006f0c00000, 0x00000006f0800000| Untracked 
| 963|0x00000006f0c00000, 0x00000006f1000000, 0x00000006f1000000|100%| O|  |TAMS 0x00000006f1000000, 0x00000006f0c00000| Untracked 
| 964|0x00000006f1000000, 0x00000006f1400000, 0x00000006f1400000|100%| O|  |TAMS 0x00000006f1400000, 0x00000006f1000000| Untracked 
| 965|0x00000006f1400000, 0x00000006f1800000, 0x00000006f1800000|100%| O|  |TAMS 0x00000006f1800000, 0x00000006f1400000| Untracked 
| 966|0x00000006f1800000, 0x00000006f1c00000, 0x00000006f1c00000|100%| O|  |TAMS 0x00000006f1c00000, 0x00000006f1800000| Untracked 
| 967|0x00000006f1c00000, 0x00000006f2000000, 0x00000006f2000000|100%| O|  |TAMS 0x00000006f2000000, 0x00000006f1c00000| Untracked 
| 968|0x00000006f2000000, 0x00000006f2400000, 0x00000006f2400000|100%| O|  |TAMS 0x00000006f2400000, 0x00000006f2000000| Untracked 
| 969|0x00000006f2400000, 0x00000006f2800000, 0x00000006f2800000|100%| O|  |TAMS 0x00000006f2800000, 0x00000006f2400000| Untracked 
| 970|0x00000006f2800000, 0x00000006f2c00000, 0x00000006f2c00000|100%| O|  |TAMS 0x00000006f2c00000, 0x00000006f2800000| Untracked 
| 971|0x00000006f2c00000, 0x00000006f3000000, 0x00000006f3000000|100%| O|  |TAMS 0x00000006f3000000, 0x00000006f2c00000| Untracked 
| 972|0x00000006f3000000, 0x00000006f3400000, 0x00000006f3400000|100%| O|  |TAMS 0x00000006f3400000, 0x00000006f3000000| Untracked 
| 973|0x00000006f3400000, 0x00000006f3800000, 0x00000006f3800000|100%| O|  |TAMS 0x00000006f3800000, 0x00000006f3400000| Untracked 
| 974|0x00000006f3800000, 0x00000006f3c00000, 0x00000006f3c00000|100%| O|  |TAMS 0x00000006f3c00000, 0x00000006f3800000| Untracked 
| 975|0x00000006f3c00000, 0x00000006f4000000, 0x00000006f4000000|100%| O|  |TAMS 0x00000006f4000000, 0x00000006f3c00000| Untracked 
| 976|0x00000006f4000000, 0x00000006f4000000, 0x00000006f4400000|  0%| F|  |TAMS 0x00000006f4000000, 0x00000006f4000000| Untracked 
| 977|0x00000006f4400000, 0x00000006f4400000, 0x00000006f4800000|  0%| F|  |TAMS 0x00000006f4400000, 0x00000006f4400000| Untracked 
| 978|0x00000006f4800000, 0x00000006f4800000, 0x00000006f4c00000|  0%| F|  |TAMS 0x00000006f4800000, 0x00000006f4800000| Untracked 
| 979|0x00000006f4c00000, 0x00000006f5000000, 0x00000006f5000000|100%| O|  |TAMS 0x00000006f5000000, 0x00000006f4c00000| Untracked 
| 980|0x00000006f5000000, 0x00000006f5400000, 0x00000006f5400000|100%| O|  |TAMS 0x00000006f5400000, 0x00000006f5000000| Untracked 
| 981|0x00000006f5400000, 0x00000006f5800000, 0x00000006f5800000|100%| O|  |TAMS 0x00000006f5800000, 0x00000006f5400000| Untracked 
| 982|0x00000006f5800000, 0x00000006f5c00000, 0x00000006f5c00000|100%| O|  |TAMS 0x00000006f5c00000, 0x00000006f5800000| Untracked 
| 983|0x00000006f5c00000, 0x00000006f6000000, 0x00000006f6000000|100%| O|  |TAMS 0x00000006f6000000, 0x00000006f5c00000| Untracked 
| 984|0x00000006f6000000, 0x00000006f6400000, 0x00000006f6400000|100%| O|  |TAMS 0x00000006f6400000, 0x00000006f6000000| Untracked 
| 985|0x00000006f6400000, 0x00000006f6800000, 0x00000006f6800000|100%| O|  |TAMS 0x00000006f6800000, 0x00000006f6400000| Untracked 
| 986|0x00000006f6800000, 0x00000006f6c00000, 0x00000006f6c00000|100%| O|  |TAMS 0x00000006f6c00000, 0x00000006f6800000| Untracked 
| 987|0x00000006f6c00000, 0x00000006f7000000, 0x00000006f7000000|100%| O|  |TAMS 0x00000006f7000000, 0x00000006f6c00000| Untracked 
| 988|0x00000006f7000000, 0x00000006f7400000, 0x00000006f7400000|100%| O|  |TAMS 0x00000006f7400000, 0x00000006f7000000| Untracked 
| 989|0x00000006f7400000, 0x00000006f7800000, 0x00000006f7800000|100%| O|  |TAMS 0x00000006f7800000, 0x00000006f7400000| Untracked 
| 990|0x00000006f7800000, 0x00000006f7c00000, 0x00000006f7c00000|100%| O|  |TAMS 0x00000006f7c00000, 0x00000006f7800000| Untracked 
| 991|0x00000006f7c00000, 0x00000006f8000000, 0x00000006f8000000|100%| O|  |TAMS 0x00000006f8000000, 0x00000006f7c00000| Untracked 
| 992|0x00000006f8000000, 0x00000006f8400000, 0x00000006f8400000|100%| O|  |TAMS 0x00000006f8400000, 0x00000006f8000000| Untracked 
| 993|0x00000006f8400000, 0x00000006f8400000, 0x00000006f8800000|  0%| F|  |TAMS 0x00000006f8400000, 0x00000006f8400000| Untracked 
| 994|0x00000006f8800000, 0x00000006f8800000, 0x00000006f8c00000|  0%| F|  |TAMS 0x00000006f8800000, 0x00000006f8800000| Untracked 
| 995|0x00000006f8c00000, 0x00000006f8c00000, 0x00000006f9000000|  0%| F|  |TAMS 0x00000006f8c00000, 0x00000006f8c00000| Untracked 
| 996|0x00000006f9000000, 0x00000006f9000000, 0x00000006f9400000|  0%| F|  |TAMS 0x00000006f9000000, 0x00000006f9000000| Untracked 
| 997|0x00000006f9400000, 0x00000006f9800000, 0x00000006f9800000|100%|HS|  |TAMS 0x00000006f9800000, 0x00000006f9400000| Complete 
| 998|0x00000006f9800000, 0x00000006f9c00000, 0x00000006f9c00000|100%|HC|  |TAMS 0x00000006f9c00000, 0x00000006f9800000| Complete 
| 999|0x00000006f9c00000, 0x00000006fa000000, 0x00000006fa000000|100%|HC|  |TAMS 0x00000006fa000000, 0x00000006f9c00000| Complete 
|1000|0x00000006fa000000, 0x00000006fa000000, 0x00000006fa400000|  0%| F|  |TAMS 0x00000006fa000000, 0x00000006fa000000| Untracked 
|1001|0x00000006fa400000, 0x00000006fa800000, 0x00000006fa800000|100%| O|  |TAMS 0x00000006fa800000, 0x00000006fa400000| Untracked 
|1002|0x00000006fa800000, 0x00000006fac00000, 0x00000006fac00000|100%| O|  |TAMS 0x00000006fac00000, 0x00000006fa800000| Untracked 
|1003|0x00000006fac00000, 0x00000006fb000000, 0x00000006fb000000|100%| O|  |TAMS 0x00000006fb000000, 0x00000006fac00000| Untracked 
|1004|0x00000006fb000000, 0x00000006fb400000, 0x00000006fb400000|100%| O|  |TAMS 0x00000006fb400000, 0x00000006fb000000| Untracked 
|1005|0x00000006fb400000, 0x00000006fb800000, 0x00000006fb800000|100%| O|  |TAMS 0x00000006fb800000, 0x00000006fb400000| Untracked 
|1006|0x00000006fb800000, 0x00000006fbc00000, 0x00000006fbc00000|100%| O|  |TAMS 0x00000006fbc00000, 0x00000006fb800000| Untracked 
|1007|0x00000006fbc00000, 0x00000006fc000000, 0x00000006fc000000|100%| O|  |TAMS 0x00000006fc000000, 0x00000006fbc00000| Untracked 
|1008|0x00000006fc000000, 0x00000006fc400000, 0x00000006fc400000|100%| O|  |TAMS 0x00000006fc400000, 0x00000006fc000000| Untracked 
|1009|0x00000006fc400000, 0x00000006fc800000, 0x00000006fc800000|100%| O|  |TAMS 0x00000006fc800000, 0x00000006fc400000| Untracked 
|1010|0x00000006fc800000, 0x00000006fcc00000, 0x00000006fcc00000|100%| O|  |TAMS 0x00000006fcc00000, 0x00000006fc800000| Untracked 
|1011|0x00000006fcc00000, 0x00000006fcc00000, 0x00000006fd000000|  0%| F|  |TAMS 0x00000006fcc00000, 0x00000006fcc00000| Untracked 
|1012|0x00000006fd000000, 0x00000006fd000000, 0x00000006fd400000|  0%| F|  |TAMS 0x00000006fd000000, 0x00000006fd000000| Untracked 
|1013|0x00000006fd400000, 0x00000006fd400000, 0x00000006fd800000|  0%| F|  |TAMS 0x00000006fd400000, 0x00000006fd400000| Untracked 
|1014|0x00000006fd800000, 0x00000006fd800000, 0x00000006fdc00000|  0%| F|  |TAMS 0x00000006fd800000, 0x00000006fd800000| Untracked 
|1015|0x00000006fdc00000, 0x00000006fdc00000, 0x00000006fe000000|  0%| F|  |TAMS 0x00000006fdc00000, 0x00000006fdc00000| Untracked 
|1016|0x00000006fe000000, 0x00000006fe400000, 0x00000006fe400000|100%| O|  |TAMS 0x00000006fe400000, 0x00000006fe000000| Untracked 
|1017|0x00000006fe400000, 0x00000006fe800000, 0x00000006fe800000|100%| O|  |TAMS 0x00000006fe800000, 0x00000006fe400000| Untracked 
|1018|0x00000006fe800000, 0x00000006fec00000, 0x00000006fec00000|100%| O|  |TAMS 0x00000006fec00000, 0x00000006fe800000| Untracked 
|1019|0x00000006fec00000, 0x00000006fec00000, 0x00000006ff000000|  0%| F|  |TAMS 0x00000006fec00000, 0x00000006fec00000| Untracked 
|1020|0x00000006ff000000, 0x00000006ff400000, 0x00000006ff400000|100%| O|  |TAMS 0x00000006ff400000, 0x00000006ff000000| Untracked 
|1021|0x00000006ff400000, 0x00000006ff800000, 0x00000006ff800000|100%| O|  |TAMS 0x00000006ff800000, 0x00000006ff400000| Untracked 
|1022|0x00000006ff800000, 0x00000006ffc00000, 0x00000006ffc00000|100%| O|  |TAMS 0x00000006ffc00000, 0x00000006ff800000| Untracked 
|1023|0x00000006ffc00000, 0x0000000700000000, 0x0000000700000000|100%| O|  |TAMS 0x0000000700000000, 0x00000006ffc00000| Untracked 
|1024|0x0000000700000000, 0x0000000700400000, 0x0000000700400000|100%| O|  |TAMS 0x0000000700400000, 0x0000000700000000| Untracked 
|1025|0x0000000700400000, 0x0000000700800000, 0x0000000700800000|100%| O|  |TAMS 0x0000000700800000, 0x0000000700400000| Untracked 
|1026|0x0000000700800000, 0x0000000700c00000, 0x0000000700c00000|100%| O|  |TAMS 0x0000000700c00000, 0x0000000700800000| Untracked 
|1027|0x0000000700c00000, 0x0000000701000000, 0x0000000701000000|100%| O|  |TAMS 0x0000000701000000, 0x0000000700c00000| Untracked 
|1028|0x0000000701000000, 0x0000000701400000, 0x0000000701400000|100%| O|  |TAMS 0x0000000701400000, 0x0000000701000000| Untracked 
|1029|0x0000000701400000, 0x0000000701800000, 0x0000000701800000|100%| O|  |TAMS 0x0000000701800000, 0x0000000701400000| Untracked 
|1030|0x0000000701800000, 0x0000000701c00000, 0x0000000701c00000|100%| O|  |TAMS 0x0000000701c00000, 0x0000000701800000| Untracked 
|1031|0x0000000701c00000, 0x0000000702000000, 0x0000000702000000|100%| O|  |TAMS 0x0000000702000000, 0x0000000701c00000| Untracked 
|1032|0x0000000702000000, 0x0000000702400000, 0x0000000702400000|100%| O|  |TAMS 0x0000000702400000, 0x0000000702000000| Untracked 
|1033|0x0000000702400000, 0x0000000702800000, 0x0000000702800000|100%| O|  |TAMS 0x0000000702800000, 0x0000000702400000| Untracked 
|1034|0x0000000702800000, 0x0000000702c00000, 0x0000000702c00000|100%| O|  |TAMS 0x0000000702c00000, 0x0000000702800000| Untracked 
|1035|0x0000000702c00000, 0x0000000703000000, 0x0000000703000000|100%| O|  |TAMS 0x0000000703000000, 0x0000000702c00000| Untracked 
|1036|0x0000000703000000, 0x0000000703400000, 0x0000000703400000|100%| O|  |TAMS 0x0000000703400000, 0x0000000703000000| Untracked 
|1037|0x0000000703400000, 0x0000000703800000, 0x0000000703800000|100%| O|  |TAMS 0x0000000703800000, 0x0000000703400000| Untracked 
|1038|0x0000000703800000, 0x0000000703c00000, 0x0000000703c00000|100%| O|  |TAMS 0x0000000703c00000, 0x0000000703800000| Untracked 
|1039|0x0000000703c00000, 0x0000000704000000, 0x0000000704000000|100%| O|  |TAMS 0x0000000704000000, 0x0000000703c00000| Untracked 
|1040|0x0000000704000000, 0x0000000704400000, 0x0000000704400000|100%| O|  |TAMS 0x0000000704400000, 0x0000000704000000| Untracked 
|1041|0x0000000704400000, 0x0000000704800000, 0x0000000704800000|100%| O|  |TAMS 0x0000000704800000, 0x0000000704400000| Untracked 
|1042|0x0000000704800000, 0x0000000704c00000, 0x0000000704c00000|100%| O|  |TAMS 0x0000000704c00000, 0x0000000704800000| Untracked 
|1043|0x0000000704c00000, 0x0000000705000000, 0x0000000705000000|100%| O|  |TAMS 0x0000000705000000, 0x0000000704c00000| Untracked 
|1044|0x0000000705000000, 0x0000000705400000, 0x0000000705400000|100%| O|  |TAMS 0x0000000705400000, 0x0000000705000000| Untracked 
|1045|0x0000000705400000, 0x0000000705800000, 0x0000000705800000|100%| O|  |TAMS 0x0000000705800000, 0x0000000705400000| Untracked 
|1046|0x0000000705800000, 0x0000000705c00000, 0x0000000705c00000|100%| O|  |TAMS 0x0000000705c00000, 0x0000000705800000| Untracked 
|1047|0x0000000705c00000, 0x0000000706000000, 0x0000000706000000|100%| O|  |TAMS 0x0000000706000000, 0x0000000705c00000| Untracked 
|1048|0x0000000706000000, 0x0000000706400000, 0x0000000706400000|100%| O|  |TAMS 0x0000000706400000, 0x0000000706000000| Untracked 
|1049|0x0000000706400000, 0x0000000706800000, 0x0000000706800000|100%| O|  |TAMS 0x0000000706800000, 0x0000000706400000| Untracked 
|1050|0x0000000706800000, 0x0000000706c00000, 0x0000000706c00000|100%| O|  |TAMS 0x0000000706c00000, 0x0000000706800000| Untracked 
|1051|0x0000000706c00000, 0x0000000707000000, 0x0000000707000000|100%| O|  |TAMS 0x0000000707000000, 0x0000000706c00000| Untracked 
|1052|0x0000000707000000, 0x0000000707400000, 0x0000000707400000|100%| O|  |TAMS 0x0000000707400000, 0x0000000707000000| Untracked 
|1053|0x0000000707400000, 0x0000000707800000, 0x0000000707800000|100%| O|  |TAMS 0x0000000707800000, 0x0000000707400000| Untracked 
|1054|0x0000000707800000, 0x0000000707c00000, 0x0000000707c00000|100%| O|  |TAMS 0x0000000707c00000, 0x0000000707800000| Untracked 
|1055|0x0000000707c00000, 0x0000000708000000, 0x0000000708000000|100%| O|  |TAMS 0x0000000708000000, 0x0000000707c00000| Untracked 
|1056|0x0000000708000000, 0x0000000708400000, 0x0000000708400000|100%| O|  |TAMS 0x0000000708400000, 0x0000000708000000| Untracked 
|1057|0x0000000708400000, 0x0000000708800000, 0x0000000708800000|100%| O|  |TAMS 0x0000000708800000, 0x0000000708400000| Untracked 
|1058|0x0000000708800000, 0x0000000708c00000, 0x0000000708c00000|100%| O|  |TAMS 0x0000000708c00000, 0x0000000708800000| Untracked 
|1059|0x0000000708c00000, 0x0000000709000000, 0x0000000709000000|100%| O|  |TAMS 0x0000000709000000, 0x0000000708c00000| Untracked 
|1060|0x0000000709000000, 0x0000000709400000, 0x0000000709400000|100%| O|  |TAMS 0x0000000709400000, 0x0000000709000000| Untracked 
|1061|0x0000000709400000, 0x0000000709400000, 0x0000000709800000|  0%| F|  |TAMS 0x0000000709400000, 0x0000000709400000| Untracked 
|1062|0x0000000709800000, 0x0000000709800000, 0x0000000709c00000|  0%| F|  |TAMS 0x0000000709800000, 0x0000000709800000| Untracked 
|1063|0x0000000709c00000, 0x000000070a000000, 0x000000070a000000|100%| O|  |TAMS 0x000000070a000000, 0x0000000709c00000| Untracked 
|1064|0x000000070a000000, 0x000000070a400000, 0x000000070a400000|100%| O|  |TAMS 0x000000070a400000, 0x000000070a000000| Untracked 
|1065|0x000000070a400000, 0x000000070a800000, 0x000000070a800000|100%| O|  |TAMS 0x000000070a800000, 0x000000070a400000| Untracked 
|1066|0x000000070a800000, 0x000000070ac00000, 0x000000070ac00000|100%| O|  |TAMS 0x000000070ac00000, 0x000000070a800000| Untracked 
|1067|0x000000070ac00000, 0x000000070b000000, 0x000000070b000000|100%| O|  |TAMS 0x000000070b000000, 0x000000070ac00000| Untracked 
|1068|0x000000070b000000, 0x000000070b400000, 0x000000070b400000|100%| O|  |TAMS 0x000000070b400000, 0x000000070b000000| Untracked 
|1069|0x000000070b400000, 0x000000070b800000, 0x000000070b800000|100%| O|  |TAMS 0x000000070b800000, 0x000000070b400000| Untracked 
|1070|0x000000070b800000, 0x000000070bc00000, 0x000000070bc00000|100%| O|  |TAMS 0x000000070bc00000, 0x000000070b800000| Untracked 
|1071|0x000000070bc00000, 0x000000070c000000, 0x000000070c000000|100%| O|  |TAMS 0x000000070c000000, 0x000000070bc00000| Untracked 
|1072|0x000000070c000000, 0x000000070c400000, 0x000000070c400000|100%| O|  |TAMS 0x000000070c400000, 0x000000070c000000| Untracked 
|1073|0x000000070c400000, 0x000000070c800000, 0x000000070c800000|100%| O|  |TAMS 0x000000070c800000, 0x000000070c400000| Untracked 
|1074|0x000000070c800000, 0x000000070cc00000, 0x000000070cc00000|100%| O|  |TAMS 0x000000070cc00000, 0x000000070c800000| Untracked 
|1075|0x000000070cc00000, 0x000000070d000000, 0x000000070d000000|100%| O|  |TAMS 0x000000070d000000, 0x000000070cc00000| Untracked 
|1076|0x000000070d000000, 0x000000070d400000, 0x000000070d400000|100%| O|  |TAMS 0x000000070d400000, 0x000000070d000000| Untracked 
|1077|0x000000070d400000, 0x000000070d800000, 0x000000070d800000|100%| O|  |TAMS 0x000000070d800000, 0x000000070d400000| Untracked 
|1078|0x000000070d800000, 0x000000070dc00000, 0x000000070dc00000|100%| O|  |TAMS 0x000000070dc00000, 0x000000070d800000| Untracked 
|1079|0x000000070dc00000, 0x000000070e000000, 0x000000070e000000|100%| O|  |TAMS 0x000000070e000000, 0x000000070dc00000| Untracked 
|1080|0x000000070e000000, 0x000000070e400000, 0x000000070e400000|100%| O|  |TAMS 0x000000070e400000, 0x000000070e000000| Untracked 
|1081|0x000000070e400000, 0x000000070e800000, 0x000000070e800000|100%| O|  |TAMS 0x000000070e800000, 0x000000070e400000| Untracked 
|1082|0x000000070e800000, 0x000000070e800000, 0x000000070ec00000|  0%| F|  |TAMS 0x000000070e800000, 0x000000070e800000| Untracked 
|1083|0x000000070ec00000, 0x000000070f000000, 0x000000070f000000|100%| O|  |TAMS 0x000000070f000000, 0x000000070ec00000| Untracked 
|1084|0x000000070f000000, 0x000000070f400000, 0x000000070f400000|100%| O|  |TAMS 0x000000070f400000, 0x000000070f000000| Untracked 
|1085|0x000000070f400000, 0x000000070f800000, 0x000000070f800000|100%| O|  |TAMS 0x000000070f800000, 0x000000070f400000| Untracked 
|1086|0x000000070f800000, 0x000000070fc00000, 0x000000070fc00000|100%| O|  |TAMS 0x000000070fc00000, 0x000000070f800000| Untracked 
|1087|0x000000070fc00000, 0x0000000710000000, 0x0000000710000000|100%| O|  |TAMS 0x0000000710000000, 0x000000070fc00000| Untracked 
|1088|0x0000000710000000, 0x0000000710400000, 0x0000000710400000|100%| O|  |TAMS 0x0000000710400000, 0x0000000710000000| Untracked 
|1089|0x0000000710400000, 0x0000000710800000, 0x0000000710800000|100%| O|  |TAMS 0x0000000710800000, 0x0000000710400000| Untracked 
|1090|0x0000000710800000, 0x0000000710c00000, 0x0000000710c00000|100%| O|  |TAMS 0x0000000710c00000, 0x0000000710800000| Untracked 
|1091|0x0000000710c00000, 0x0000000711000000, 0x0000000711000000|100%| O|  |TAMS 0x0000000711000000, 0x0000000710c00000| Untracked 
|1092|0x0000000711000000, 0x0000000711400000, 0x0000000711400000|100%| O|  |TAMS 0x0000000711400000, 0x0000000711000000| Untracked 
|1093|0x0000000711400000, 0x0000000711800000, 0x0000000711800000|100%| O|  |TAMS 0x0000000711800000, 0x0000000711400000| Untracked 
|1094|0x0000000711800000, 0x0000000711800000, 0x0000000711c00000|  0%| F|  |TAMS 0x0000000711800000, 0x0000000711800000| Untracked 
|1095|0x0000000711c00000, 0x0000000712000000, 0x0000000712000000|100%| O|  |TAMS 0x0000000712000000, 0x0000000711c00000| Untracked 
|1096|0x0000000712000000, 0x0000000712400000, 0x0000000712400000|100%| O|  |TAMS 0x0000000712400000, 0x0000000712000000| Untracked 
|1097|0x0000000712400000, 0x0000000712800000, 0x0000000712800000|100%| O|  |TAMS 0x0000000712800000, 0x0000000712400000| Untracked 
|1098|0x0000000712800000, 0x0000000712c00000, 0x0000000712c00000|100%| O|  |TAMS 0x0000000712c00000, 0x0000000712800000| Untracked 
|1099|0x0000000712c00000, 0x0000000713000000, 0x0000000713000000|100%| O|  |TAMS 0x0000000713000000, 0x0000000712c00000| Untracked 
|1100|0x0000000713000000, 0x0000000713400000, 0x0000000713400000|100%| O|  |TAMS 0x0000000713400000, 0x0000000713000000| Untracked 
|1101|0x0000000713400000, 0x0000000713800000, 0x0000000713800000|100%| O|  |TAMS 0x0000000713800000, 0x0000000713400000| Untracked 
|1102|0x0000000713800000, 0x0000000713c00000, 0x0000000713c00000|100%| O|  |TAMS 0x0000000713c00000, 0x0000000713800000| Untracked 
|1103|0x0000000713c00000, 0x0000000714000000, 0x0000000714000000|100%| O|  |TAMS 0x0000000714000000, 0x0000000713c00000| Untracked 
|1104|0x0000000714000000, 0x0000000714400000, 0x0000000714400000|100%| O|  |TAMS 0x0000000714400000, 0x0000000714000000| Untracked 
|1105|0x0000000714400000, 0x0000000714800000, 0x0000000714800000|100%| O|  |TAMS 0x0000000714800000, 0x0000000714400000| Complete 
|1106|0x0000000714800000, 0x0000000714800000, 0x0000000714c00000|  0%| F|  |TAMS 0x0000000714800000, 0x0000000714800000| Untracked 
|1107|0x0000000714c00000, 0x0000000715000000, 0x0000000715000000|100%| O|  |TAMS 0x0000000715000000, 0x0000000714c00000| Untracked 
|1108|0x0000000715000000, 0x0000000715400000, 0x0000000715400000|100%| O|  |TAMS 0x0000000715400000, 0x0000000715000000| Untracked 
|1109|0x0000000715400000, 0x0000000715800000, 0x0000000715800000|100%| O|  |TAMS 0x0000000715800000, 0x0000000715400000| Untracked 
|1110|0x0000000715800000, 0x0000000715c00000, 0x0000000715c00000|100%| O|  |TAMS 0x0000000715c00000, 0x0000000715800000| Untracked 
|1111|0x0000000715c00000, 0x0000000716000000, 0x0000000716000000|100%| O|  |TAMS 0x0000000716000000, 0x0000000715c00000| Untracked 
|1112|0x0000000716000000, 0x0000000716400000, 0x0000000716400000|100%| O|  |TAMS 0x0000000716400000, 0x0000000716000000| Untracked 
|1113|0x0000000716400000, 0x0000000716800000, 0x0000000716800000|100%| O|  |TAMS 0x0000000716800000, 0x0000000716400000| Untracked 
|1114|0x0000000716800000, 0x0000000716c00000, 0x0000000716c00000|100%| O|  |TAMS 0x0000000716c00000, 0x0000000716800000| Untracked 
|1115|0x0000000716c00000, 0x0000000717000000, 0x0000000717000000|100%| O|  |TAMS 0x0000000717000000, 0x0000000716c00000| Untracked 
|1116|0x0000000717000000, 0x0000000717400000, 0x0000000717400000|100%| O|  |TAMS 0x0000000717400000, 0x0000000717000000| Complete 
|1117|0x0000000717400000, 0x0000000717800000, 0x0000000717800000|100%| O|  |TAMS 0x0000000717800000, 0x0000000717400000| Untracked 
|1118|0x0000000717800000, 0x0000000717c00000, 0x0000000717c00000|100%| O|  |TAMS 0x0000000717c00000, 0x0000000717800000| Untracked 
|1119|0x0000000717c00000, 0x0000000718000000, 0x0000000718000000|100%| O|  |TAMS 0x0000000718000000, 0x0000000717c00000| Untracked 
|1120|0x0000000718000000, 0x0000000718400000, 0x0000000718400000|100%| O|  |TAMS 0x0000000718400000, 0x0000000718000000| Untracked 
|1121|0x0000000718400000, 0x0000000718800000, 0x0000000718800000|100%| O|  |TAMS 0x0000000718800000, 0x0000000718400000| Untracked 
|1122|0x0000000718800000, 0x0000000718c00000, 0x0000000718c00000|100%| O|  |TAMS 0x0000000718c00000, 0x0000000718800000| Untracked 
|1123|0x0000000718c00000, 0x0000000719000000, 0x0000000719000000|100%| O|  |TAMS 0x0000000719000000, 0x0000000718c00000| Untracked 
|1124|0x0000000719000000, 0x0000000719400000, 0x0000000719400000|100%| O|  |TAMS 0x0000000719400000, 0x0000000719000000| Untracked 
|1125|0x0000000719400000, 0x0000000719800000, 0x0000000719800000|100%| O|  |TAMS 0x0000000719800000, 0x0000000719400000| Untracked 
|1126|0x0000000719800000, 0x0000000719800000, 0x0000000719c00000|  0%| F|  |TAMS 0x0000000719800000, 0x0000000719800000| Untracked 
|1127|0x0000000719c00000, 0x000000071a000000, 0x000000071a000000|100%| O|  |TAMS 0x000000071a000000, 0x0000000719c00000| Untracked 
|1128|0x000000071a000000, 0x000000071a400000, 0x000000071a400000|100%| O|  |TAMS 0x000000071a400000, 0x000000071a000000| Untracked 
|1129|0x000000071a400000, 0x000000071a800000, 0x000000071a800000|100%| O|  |TAMS 0x000000071a800000, 0x000000071a400000| Untracked 
|1130|0x000000071a800000, 0x000000071a800000, 0x000000071ac00000|  0%| F|  |TAMS 0x000000071a800000, 0x000000071a800000| Untracked 
|1131|0x000000071ac00000, 0x000000071b000000, 0x000000071b000000|100%| O|  |TAMS 0x000000071b000000, 0x000000071ac00000| Untracked 
|1132|0x000000071b000000, 0x000000071b400000, 0x000000071b400000|100%| O|  |TAMS 0x000000071b400000, 0x000000071b000000| Untracked 
|1133|0x000000071b400000, 0x000000071b800000, 0x000000071b800000|100%| O|  |TAMS 0x000000071b800000, 0x000000071b400000| Untracked 
|1134|0x000000071b800000, 0x000000071bc00000, 0x000000071bc00000|100%| O|  |TAMS 0x000000071bc00000, 0x000000071b800000| Untracked 
|1135|0x000000071bc00000, 0x000000071c000000, 0x000000071c000000|100%| O|  |TAMS 0x000000071c000000, 0x000000071bc00000| Untracked 
|1136|0x000000071c000000, 0x000000071c400000, 0x000000071c400000|100%| O|  |TAMS 0x000000071c400000, 0x000000071c000000| Untracked 
|1137|0x000000071c400000, 0x000000071c800000, 0x000000071c800000|100%| O|  |TAMS 0x000000071c800000, 0x000000071c400000| Untracked 
|1138|0x000000071c800000, 0x000000071cc00000, 0x000000071cc00000|100%| O|  |TAMS 0x000000071cc00000, 0x000000071c800000| Untracked 
|1139|0x000000071cc00000, 0x000000071d000000, 0x000000071d000000|100%| O|  |TAMS 0x000000071d000000, 0x000000071cc00000| Untracked 
|1140|0x000000071d000000, 0x000000071d400000, 0x000000071d400000|100%| O|  |TAMS 0x000000071d400000, 0x000000071d000000| Untracked 
|1141|0x000000071d400000, 0x000000071d800000, 0x000000071d800000|100%| O|  |TAMS 0x000000071d800000, 0x000000071d400000| Untracked 
|1142|0x000000071d800000, 0x000000071dc00000, 0x000000071dc00000|100%| O|  |TAMS 0x000000071dc00000, 0x000000071d800000| Untracked 
|1143|0x000000071dc00000, 0x000000071e000000, 0x000000071e000000|100%| O|  |TAMS 0x000000071e000000, 0x000000071dc00000| Untracked 
|1144|0x000000071e000000, 0x000000071e400000, 0x000000071e400000|100%| O|  |TAMS 0x000000071e400000, 0x000000071e000000| Untracked 
|1145|0x000000071e400000, 0x000000071e800000, 0x000000071e800000|100%| O|  |TAMS 0x000000071e800000, 0x000000071e400000| Untracked 
|1146|0x000000071e800000, 0x000000071ec00000, 0x000000071ec00000|100%| O|  |TAMS 0x000000071ec00000, 0x000000071e800000| Untracked 
|1147|0x000000071ec00000, 0x000000071f000000, 0x000000071f000000|100%| O|  |TAMS 0x000000071f000000, 0x000000071ec00000| Untracked 
|1148|0x000000071f000000, 0x000000071f400000, 0x000000071f400000|100%| O|  |TAMS 0x000000071f400000, 0x000000071f000000| Untracked 
|1149|0x000000071f400000, 0x000000071f800000, 0x000000071f800000|100%| O|  |TAMS 0x000000071f800000, 0x000000071f400000| Untracked 
|1150|0x000000071f800000, 0x000000071fc00000, 0x000000071fc00000|100%| O|  |TAMS 0x000000071fc00000, 0x000000071f800000| Untracked 
|1151|0x000000071fc00000, 0x0000000720000000, 0x0000000720000000|100%| O|  |TAMS 0x0000000720000000, 0x000000071fc00000| Untracked 
|1152|0x0000000720000000, 0x0000000720400000, 0x0000000720400000|100%| O|  |TAMS 0x0000000720400000, 0x0000000720000000| Untracked 
|1153|0x0000000720400000, 0x0000000720800000, 0x0000000720800000|100%| O|  |TAMS 0x0000000720800000, 0x0000000720400000| Untracked 
|1154|0x0000000720800000, 0x0000000720c00000, 0x0000000720c00000|100%| O|  |TAMS 0x0000000720c00000, 0x0000000720800000| Untracked 
|1155|0x0000000720c00000, 0x0000000721000000, 0x0000000721000000|100%| O|  |TAMS 0x0000000721000000, 0x0000000720c00000| Untracked 
|1156|0x0000000721000000, 0x0000000721400000, 0x0000000721400000|100%| O|  |TAMS 0x0000000721400000, 0x0000000721000000| Untracked 
|1157|0x0000000721400000, 0x0000000721800000, 0x0000000721800000|100%| O|  |TAMS 0x0000000721800000, 0x0000000721400000| Untracked 
|1158|0x0000000721800000, 0x0000000721c00000, 0x0000000721c00000|100%| O|  |TAMS 0x0000000721c00000, 0x0000000721800000| Untracked 
|1159|0x0000000721c00000, 0x0000000722000000, 0x0000000722000000|100%| O|  |TAMS 0x0000000722000000, 0x0000000721c00000| Untracked 
|1160|0x0000000722000000, 0x0000000722400000, 0x0000000722400000|100%| O|  |TAMS 0x0000000722400000, 0x0000000722000000| Untracked 
|1161|0x0000000722400000, 0x0000000722800000, 0x0000000722800000|100%| O|  |TAMS 0x0000000722800000, 0x0000000722400000| Untracked 
|1162|0x0000000722800000, 0x0000000722c00000, 0x0000000722c00000|100%| O|  |TAMS 0x0000000722c00000, 0x0000000722800000| Untracked 
|1163|0x0000000722c00000, 0x0000000723000000, 0x0000000723000000|100%| O|  |TAMS 0x0000000723000000, 0x0000000722c00000| Untracked 
|1164|0x0000000723000000, 0x0000000723400000, 0x0000000723400000|100%| O|  |TAMS 0x0000000723400000, 0x0000000723000000| Untracked 
|1165|0x0000000723400000, 0x0000000723800000, 0x0000000723800000|100%| O|  |TAMS 0x0000000723800000, 0x0000000723400000| Untracked 
|1166|0x0000000723800000, 0x0000000723c00000, 0x0000000723c00000|100%| O|  |TAMS 0x0000000723c00000, 0x0000000723800000| Untracked 
|1167|0x0000000723c00000, 0x0000000724000000, 0x0000000724000000|100%| O|  |TAMS 0x0000000724000000, 0x0000000723c00000| Untracked 
|1168|0x0000000724000000, 0x0000000724000000, 0x0000000724400000|  0%| F|  |TAMS 0x0000000724000000, 0x0000000724000000| Untracked 
|1169|0x0000000724400000, 0x0000000724400000, 0x0000000724800000|  0%| F|  |TAMS 0x0000000724400000, 0x0000000724400000| Untracked 
|1170|0x0000000724800000, 0x0000000724800000, 0x0000000724c00000|  0%| F|  |TAMS 0x0000000724800000, 0x0000000724800000| Untracked 
|1171|0x0000000724c00000, 0x0000000725000000, 0x0000000725000000|100%| O|  |TAMS 0x0000000725000000, 0x0000000724c00000| Untracked 
|1172|0x0000000725000000, 0x0000000725000000, 0x0000000725400000|  0%| F|  |TAMS 0x0000000725000000, 0x0000000725000000| Untracked 
|1173|0x0000000725400000, 0x0000000725800000, 0x0000000725800000|100%| O|  |TAMS 0x0000000725800000, 0x0000000725400000| Untracked 
|1174|0x0000000725800000, 0x0000000725c00000, 0x0000000725c00000|100%| O|  |TAMS 0x0000000725c00000, 0x0000000725800000| Untracked 
|1175|0x0000000725c00000, 0x0000000726000000, 0x0000000726000000|100%| O|  |TAMS 0x0000000726000000, 0x0000000725c00000| Untracked 
|1176|0x0000000726000000, 0x0000000726400000, 0x0000000726400000|100%| O|  |TAMS 0x0000000726400000, 0x0000000726000000| Untracked 
|1177|0x0000000726400000, 0x0000000726800000, 0x0000000726800000|100%| O|  |TAMS 0x0000000726800000, 0x0000000726400000| Complete 
|1178|0x0000000726800000, 0x0000000726c00000, 0x0000000726c00000|100%| O|  |TAMS 0x0000000726c00000, 0x0000000726800000| Complete 
|1179|0x0000000726c00000, 0x0000000727000000, 0x0000000727000000|100%| O|  |TAMS 0x0000000727000000, 0x0000000726c00000| Complete 
|1180|0x0000000727000000, 0x0000000727400000, 0x0000000727400000|100%| O|  |TAMS 0x0000000727400000, 0x0000000727000000| Complete 
|1181|0x0000000727400000, 0x0000000727400000, 0x0000000727800000|  0%| F|  |TAMS 0x0000000727400000, 0x0000000727400000| Untracked 
|1182|0x0000000727800000, 0x0000000727c00000, 0x0000000727c00000|100%| O|  |TAMS 0x0000000727c00000, 0x0000000727800000| Untracked 
|1183|0x0000000727c00000, 0x0000000727c00000, 0x0000000728000000|  0%| F|  |TAMS 0x0000000727c00000, 0x0000000727c00000| Untracked 
|1184|0x0000000728000000, 0x0000000728000000, 0x0000000728400000|  0%| F|  |TAMS 0x0000000728000000, 0x0000000728000000| Untracked 
|1185|0x0000000728400000, 0x0000000728400000, 0x0000000728800000|  0%| F|  |TAMS 0x0000000728400000, 0x0000000728400000| Untracked 
|1186|0x0000000728800000, 0x0000000728800000, 0x0000000728c00000|  0%| F|  |TAMS 0x0000000728800000, 0x0000000728800000| Untracked 
|1187|0x0000000728c00000, 0x0000000728c00000, 0x0000000729000000|  0%| F|  |TAMS 0x0000000728c00000, 0x0000000728c00000| Untracked 
|1188|0x0000000729000000, 0x0000000729000000, 0x0000000729400000|  0%| F|  |TAMS 0x0000000729000000, 0x0000000729000000| Untracked 
|1189|0x0000000729400000, 0x0000000729400000, 0x0000000729800000|  0%| F|  |TAMS 0x0000000729400000, 0x0000000729400000| Untracked 
|1190|0x0000000729800000, 0x0000000729800000, 0x0000000729c00000|  0%| F|  |TAMS 0x0000000729800000, 0x0000000729800000| Untracked 
|1191|0x0000000729c00000, 0x0000000729c00000, 0x000000072a000000|  0%| F|  |TAMS 0x0000000729c00000, 0x0000000729c00000| Untracked 
|1192|0x000000072a000000, 0x000000072a000000, 0x000000072a400000|  0%| F|  |TAMS 0x000000072a000000, 0x000000072a000000| Untracked 
|1193|0x000000072a400000, 0x000000072a800000, 0x000000072a800000|100%|HS|  |TAMS 0x000000072a800000, 0x000000072a400000| Complete 
|1194|0x000000072a800000, 0x000000072ac00000, 0x000000072ac00000|100%|HS|  |TAMS 0x000000072ac00000, 0x000000072a800000| Complete 
|1195|0x000000072ac00000, 0x000000072b000000, 0x000000072b000000|100%|HS|  |TAMS 0x000000072b000000, 0x000000072ac00000| Complete 
|1196|0x000000072b000000, 0x000000072b000000, 0x000000072b400000|  0%| F|  |TAMS 0x000000072b000000, 0x000000072b000000| Untracked 
|1197|0x000000072b400000, 0x000000072b400000, 0x000000072b800000|  0%| F|  |TAMS 0x000000072b400000, 0x000000072b400000| Untracked 
|1198|0x000000072b800000, 0x000000072b800000, 0x000000072bc00000|  0%| F|  |TAMS 0x000000072b800000, 0x000000072b800000| Untracked 
|1199|0x000000072bc00000, 0x000000072bc00000, 0x000000072c000000|  0%| F|  |TAMS 0x000000072bc00000, 0x000000072bc00000| Untracked 
|1200|0x000000072c000000, 0x000000072c400000, 0x000000072c400000|100%| O|  |TAMS 0x000000072c400000, 0x000000072c000000| Untracked 
|1201|0x000000072c400000, 0x000000072c800000, 0x000000072c800000|100%| O|  |TAMS 0x000000072c800000, 0x000000072c400000| Complete 
|1202|0x000000072c800000, 0x000000072c800000, 0x000000072cc00000|  0%| F|  |TAMS 0x000000072c800000, 0x000000072c800000| Untracked 
|1203|0x000000072cc00000, 0x000000072cc00000, 0x000000072d000000|  0%| F|  |TAMS 0x000000072cc00000, 0x000000072cc00000| Untracked 
|1204|0x000000072d000000, 0x000000072d000000, 0x000000072d400000|  0%| F|  |TAMS 0x000000072d000000, 0x000000072d000000| Untracked 
|1205|0x000000072d400000, 0x000000072d800000, 0x000000072d800000|100%|HS|  |TAMS 0x000000072d800000, 0x000000072d400000| Complete 
|1206|0x000000072d800000, 0x000000072dc00000, 0x000000072dc00000|100%|HC|  |TAMS 0x000000072dc00000, 0x000000072d800000| Complete 
|1207|0x000000072dc00000, 0x000000072dc00000, 0x000000072e000000|  0%| F|  |TAMS 0x000000072dc00000, 0x000000072dc00000| Untracked 
|1208|0x000000072e000000, 0x000000072e000000, 0x000000072e400000|  0%| F|  |TAMS 0x000000072e000000, 0x000000072e000000| Untracked 
|1209|0x000000072e400000, 0x000000072e400000, 0x000000072e800000|  0%| F|  |TAMS 0x000000072e400000, 0x000000072e400000| Untracked 
|1210|0x000000072e800000, 0x000000072e800000, 0x000000072ec00000|  0%| F|  |TAMS 0x000000072e800000, 0x000000072e800000| Untracked 
|1211|0x000000072ec00000, 0x000000072f000000, 0x000000072f000000|100%|HS|  |TAMS 0x000000072f000000, 0x000000072ec00000| Complete 
|1212|0x000000072f000000, 0x000000072f400000, 0x000000072f400000|100%|HC|  |TAMS 0x000000072f400000, 0x000000072f000000| Complete 
|1213|0x000000072f400000, 0x000000072f400000, 0x000000072f800000|  0%| F|  |TAMS 0x000000072f400000, 0x000000072f400000| Untracked 
|1214|0x000000072f800000, 0x000000072fc00000, 0x000000072fc00000|100%| O|  |TAMS 0x000000072fc00000, 0x000000072f800000| Complete 
|1215|0x000000072fc00000, 0x0000000730000000, 0x0000000730000000|100%| O|  |TAMS 0x0000000730000000, 0x000000072fc00000| Untracked 
|1216|0x0000000730000000, 0x0000000730400000, 0x0000000730400000|100%|HS|  |TAMS 0x0000000730400000, 0x0000000730000000| Complete 
|1217|0x0000000730400000, 0x0000000730800000, 0x0000000730800000|100%|HS|  |TAMS 0x0000000730800000, 0x0000000730400000| Complete 
|1218|0x0000000730800000, 0x0000000730c00000, 0x0000000730c00000|100%| O|  |TAMS 0x0000000730c00000, 0x0000000730800000| Untracked 
|1219|0x0000000730c00000, 0x0000000731000000, 0x0000000731000000|100%| O|  |TAMS 0x0000000731000000, 0x0000000730c00000| Untracked 
|1220|0x0000000731000000, 0x0000000731400000, 0x0000000731400000|100%| O|  |TAMS 0x0000000731400000, 0x0000000731000000| Untracked 
|1221|0x0000000731400000, 0x0000000731800000, 0x0000000731800000|100%| O|  |TAMS 0x0000000731800000, 0x0000000731400000| Untracked 
|1222|0x0000000731800000, 0x0000000731c00000, 0x0000000731c00000|100%|HS|  |TAMS 0x0000000731c00000, 0x0000000731800000| Complete 
|1223|0x0000000731c00000, 0x0000000732000000, 0x0000000732000000|100%|HS|  |TAMS 0x0000000732000000, 0x0000000731c00000| Complete 
|1224|0x0000000732000000, 0x0000000732400000, 0x0000000732400000|100%| O|  |TAMS 0x0000000732400000, 0x0000000732000000| Untracked 
|1225|0x0000000732400000, 0x0000000732800000, 0x0000000732800000|100%| O|  |TAMS 0x0000000732800000, 0x0000000732400000| Untracked 
|1226|0x0000000732800000, 0x0000000732c00000, 0x0000000732c00000|100%| O|  |TAMS 0x0000000732c00000, 0x0000000732800000| Untracked 
|1227|0x0000000732c00000, 0x0000000733000000, 0x0000000733000000|100%| O|  |TAMS 0x0000000733000000, 0x0000000732c00000| Untracked 
|1228|0x0000000733000000, 0x0000000733400000, 0x0000000733400000|100%| O|  |TAMS 0x0000000733400000, 0x0000000733000000| Untracked 
|1229|0x0000000733400000, 0x0000000733800000, 0x0000000733800000|100%| O|  |TAMS 0x0000000733800000, 0x0000000733400000| Untracked 
|1230|0x0000000733800000, 0x0000000733c00000, 0x0000000733c00000|100%| O|  |TAMS 0x0000000733c00000, 0x0000000733800000| Untracked 
|1231|0x0000000733c00000, 0x0000000734000000, 0x0000000734000000|100%| O|  |TAMS 0x0000000734000000, 0x0000000733c00000| Untracked 
|1232|0x0000000734000000, 0x0000000734400000, 0x0000000734400000|100%| O|  |TAMS 0x0000000734400000, 0x0000000734000000| Untracked 
|1233|0x0000000734400000, 0x0000000734800000, 0x0000000734800000|100%| O|  |TAMS 0x0000000734800000, 0x0000000734400000| Untracked 
|1234|0x0000000734800000, 0x0000000734c00000, 0x0000000734c00000|100%| O|  |TAMS 0x0000000734c00000, 0x0000000734800000| Untracked 
|1235|0x0000000734c00000, 0x0000000735000000, 0x0000000735000000|100%| O|  |TAMS 0x0000000735000000, 0x0000000734c00000| Complete 
|1236|0x0000000735000000, 0x0000000735400000, 0x0000000735400000|100%| O|  |TAMS 0x0000000735400000, 0x0000000735000000| Untracked 
|1237|0x0000000735400000, 0x0000000735800000, 0x0000000735800000|100%| O|  |TAMS 0x0000000735800000, 0x0000000735400000| Untracked 
|1238|0x0000000735800000, 0x0000000735800000, 0x0000000735c00000|  0%| F|  |TAMS 0x0000000735800000, 0x0000000735800000| Untracked 
|1239|0x0000000735c00000, 0x0000000736000000, 0x0000000736000000|100%| O|  |TAMS 0x0000000736000000, 0x0000000735c00000| Complete 
|1240|0x0000000736000000, 0x0000000736400000, 0x0000000736400000|100%| O|  |TAMS 0x0000000736400000, 0x0000000736000000| Untracked 
|1241|0x0000000736400000, 0x0000000736800000, 0x0000000736800000|100%| O|  |TAMS 0x0000000736800000, 0x0000000736400000| Untracked 
|1242|0x0000000736800000, 0x0000000736c00000, 0x0000000736c00000|100%| O|  |TAMS 0x0000000736c00000, 0x0000000736800000| Untracked 
|1243|0x0000000736c00000, 0x0000000737000000, 0x0000000737000000|100%| O|  |TAMS 0x0000000737000000, 0x0000000736c00000| Untracked 
|1244|0x0000000737000000, 0x0000000737400000, 0x0000000737400000|100%| O|  |TAMS 0x0000000737400000, 0x0000000737000000| Untracked 
|1245|0x0000000737400000, 0x0000000737800000, 0x0000000737800000|100%| O|  |TAMS 0x0000000737800000, 0x0000000737400000| Untracked 
|1246|0x0000000737800000, 0x0000000737c00000, 0x0000000737c00000|100%| O|  |TAMS 0x0000000737c00000, 0x0000000737800000| Untracked 
|1247|0x0000000737c00000, 0x0000000738000000, 0x0000000738000000|100%| O|  |TAMS 0x0000000738000000, 0x0000000737c00000| Untracked 
|1248|0x0000000738000000, 0x0000000738400000, 0x0000000738400000|100%| O|  |TAMS 0x0000000738400000, 0x0000000738000000| Complete 
|1249|0x0000000738400000, 0x0000000738800000, 0x0000000738800000|100%| O|  |TAMS 0x0000000738800000, 0x0000000738400000| Complete 
|1250|0x0000000738800000, 0x0000000738c00000, 0x0000000738c00000|100%| O|  |TAMS 0x0000000738c00000, 0x0000000738800000| Untracked 
|1251|0x0000000738c00000, 0x0000000739000000, 0x0000000739000000|100%| O|  |TAMS 0x0000000739000000, 0x0000000738c00000| Untracked 
|1252|0x0000000739000000, 0x0000000739400000, 0x0000000739400000|100%| O|  |TAMS 0x0000000739400000, 0x0000000739000000| Untracked 
|1253|0x0000000739400000, 0x0000000739800000, 0x0000000739800000|100%| O|  |TAMS 0x0000000739800000, 0x0000000739400000| Untracked 
|1254|0x0000000739800000, 0x0000000739c00000, 0x0000000739c00000|100%| O|  |TAMS 0x0000000739c00000, 0x0000000739800000| Untracked 
|1255|0x0000000739c00000, 0x000000073a000000, 0x000000073a000000|100%| O|  |TAMS 0x000000073a000000, 0x0000000739c00000| Untracked 
|1256|0x000000073a000000, 0x000000073a400000, 0x000000073a400000|100%| O|  |TAMS 0x000000073a400000, 0x000000073a000000| Complete 
|1257|0x000000073a400000, 0x000000073a800000, 0x000000073a800000|100%| O|  |TAMS 0x000000073a800000, 0x000000073a400000| Untracked 
|1258|0x000000073a800000, 0x000000073ac00000, 0x000000073ac00000|100%| O|  |TAMS 0x000000073ac00000, 0x000000073a800000| Untracked 
|1259|0x000000073ac00000, 0x000000073b000000, 0x000000073b000000|100%| O|  |TAMS 0x000000073b000000, 0x000000073ac00000| Untracked 
|1260|0x000000073b000000, 0x000000073b400000, 0x000000073b400000|100%| O|  |TAMS 0x000000073b400000, 0x000000073b000000| Complete 
|1261|0x000000073b400000, 0x000000073b800000, 0x000000073b800000|100%| O|  |TAMS 0x000000073b800000, 0x000000073b400000| Untracked 
|1262|0x000000073b800000, 0x000000073bc00000, 0x000000073bc00000|100%| O|  |TAMS 0x000000073bc00000, 0x000000073b800000| Untracked 
|1263|0x000000073bc00000, 0x000000073c000000, 0x000000073c000000|100%| O|  |TAMS 0x000000073c000000, 0x000000073bc00000| Untracked 
|1264|0x000000073c000000, 0x000000073c400000, 0x000000073c400000|100%| O|  |TAMS 0x000000073c400000, 0x000000073c000000| Untracked 
|1265|0x000000073c400000, 0x000000073c800000, 0x000000073c800000|100%| O|  |TAMS 0x000000073c800000, 0x000000073c400000| Untracked 
|1266|0x000000073c800000, 0x000000073cc00000, 0x000000073cc00000|100%| O|  |TAMS 0x000000073cc00000, 0x000000073c800000| Untracked 
|1267|0x000000073cc00000, 0x000000073d000000, 0x000000073d000000|100%| O|  |TAMS 0x000000073d000000, 0x000000073cc00000| Untracked 
|1268|0x000000073d000000, 0x000000073d400000, 0x000000073d400000|100%| O|  |TAMS 0x000000073d400000, 0x000000073d000000| Untracked 
|1269|0x000000073d400000, 0x000000073d800000, 0x000000073d800000|100%| O|  |TAMS 0x000000073d800000, 0x000000073d400000| Untracked 
|1270|0x000000073d800000, 0x000000073dc00000, 0x000000073dc00000|100%| O|  |TAMS 0x000000073dc00000, 0x000000073d800000| Untracked 
|1271|0x000000073dc00000, 0x000000073e000000, 0x000000073e000000|100%| O|  |TAMS 0x000000073e000000, 0x000000073dc00000| Untracked 
|1272|0x000000073e000000, 0x000000073e400000, 0x000000073e400000|100%| O|  |TAMS 0x000000073e400000, 0x000000073e000000| Untracked 
|1273|0x000000073e400000, 0x000000073e800000, 0x000000073e800000|100%| O|  |TAMS 0x000000073e800000, 0x000000073e400000| Untracked 
|1274|0x000000073e800000, 0x000000073ec00000, 0x000000073ec00000|100%| O|  |TAMS 0x000000073ec00000, 0x000000073e800000| Untracked 
|1275|0x000000073ec00000, 0x000000073f000000, 0x000000073f000000|100%| O|  |TAMS 0x000000073f000000, 0x000000073ec00000| Untracked 
|1276|0x000000073f000000, 0x000000073f400000, 0x000000073f400000|100%| O|  |TAMS 0x000000073f400000, 0x000000073f000000| Untracked 
|1277|0x000000073f400000, 0x000000073f800000, 0x000000073f800000|100%| O|  |TAMS 0x000000073f800000, 0x000000073f400000| Untracked 
|1278|0x000000073f800000, 0x000000073fc00000, 0x000000073fc00000|100%| O|  |TAMS 0x000000073fc00000, 0x000000073f800000| Untracked 
|1279|0x000000073fc00000, 0x0000000740000000, 0x0000000740000000|100%| O|  |TAMS 0x0000000740000000, 0x000000073fc00000| Untracked 
|1280|0x0000000740000000, 0x0000000740400000, 0x0000000740400000|100%| O|  |TAMS 0x0000000740400000, 0x0000000740000000| Untracked 
|1281|0x0000000740400000, 0x0000000740800000, 0x0000000740800000|100%| O|  |TAMS 0x0000000740800000, 0x0000000740400000| Untracked 
|1282|0x0000000740800000, 0x0000000740c00000, 0x0000000740c00000|100%| O|  |TAMS 0x0000000740c00000, 0x0000000740800000| Untracked 
|1283|0x0000000740c00000, 0x0000000741000000, 0x0000000741000000|100%| O|  |TAMS 0x0000000741000000, 0x0000000740c00000| Untracked 
|1284|0x0000000741000000, 0x0000000741400000, 0x0000000741400000|100%| O|  |TAMS 0x0000000741400000, 0x0000000741000000| Untracked 
|1285|0x0000000741400000, 0x0000000741800000, 0x0000000741800000|100%| O|  |TAMS 0x0000000741800000, 0x0000000741400000| Untracked 
|1286|0x0000000741800000, 0x0000000741800000, 0x0000000741c00000|  0%| F|  |TAMS 0x0000000741800000, 0x0000000741800000| Untracked 
|1287|0x0000000741c00000, 0x0000000741c00000, 0x0000000742000000|  0%| F|  |TAMS 0x0000000741c00000, 0x0000000741c00000| Untracked 
|1288|0x0000000742000000, 0x0000000742000000, 0x0000000742400000|  0%| F|  |TAMS 0x0000000742000000, 0x0000000742000000| Untracked 
|1289|0x0000000742400000, 0x0000000742400000, 0x0000000742800000|  0%| F|  |TAMS 0x0000000742400000, 0x0000000742400000| Untracked 
|1290|0x0000000742800000, 0x0000000742800000, 0x0000000742c00000|  0%| F|  |TAMS 0x0000000742800000, 0x0000000742800000| Untracked 
|1291|0x0000000742c00000, 0x0000000742c00000, 0x0000000743000000|  0%| F|  |TAMS 0x0000000742c00000, 0x0000000742c00000| Untracked 
|1292|0x0000000743000000, 0x0000000743000000, 0x0000000743400000|  0%| F|  |TAMS 0x0000000743000000, 0x0000000743000000| Untracked 
|1293|0x0000000743400000, 0x0000000743400000, 0x0000000743800000|  0%| F|  |TAMS 0x0000000743400000, 0x0000000743400000| Untracked 
|1294|0x0000000743800000, 0x0000000743800000, 0x0000000743c00000|  0%| F|  |TAMS 0x0000000743800000, 0x0000000743800000| Untracked 
|1295|0x0000000743c00000, 0x0000000743c00000, 0x0000000744000000|  0%| F|  |TAMS 0x0000000743c00000, 0x0000000743c00000| Untracked 
|1296|0x0000000744000000, 0x0000000744000000, 0x0000000744400000|  0%| F|  |TAMS 0x0000000744000000, 0x0000000744000000| Untracked 
|1297|0x0000000744400000, 0x0000000744400000, 0x0000000744800000|  0%| F|  |TAMS 0x0000000744400000, 0x0000000744400000| Untracked 
|1298|0x0000000744800000, 0x0000000744800000, 0x0000000744c00000|  0%| F|  |TAMS 0x0000000744800000, 0x0000000744800000| Untracked 
|1299|0x0000000744c00000, 0x0000000744c00000, 0x0000000745000000|  0%| F|  |TAMS 0x0000000744c00000, 0x0000000744c00000| Untracked 
|1300|0x0000000745000000, 0x0000000745000000, 0x0000000745400000|  0%| F|  |TAMS 0x0000000745000000, 0x0000000745000000| Untracked 
|1301|0x0000000745400000, 0x0000000745400000, 0x0000000745800000|  0%| F|  |TAMS 0x0000000745400000, 0x0000000745400000| Untracked 
|1302|0x0000000745800000, 0x0000000745800000, 0x0000000745c00000|  0%| F|  |TAMS 0x0000000745800000, 0x0000000745800000| Untracked 
|1303|0x0000000745c00000, 0x0000000745c00000, 0x0000000746000000|  0%| F|  |TAMS 0x0000000745c00000, 0x0000000745c00000| Untracked 
|1304|0x0000000746000000, 0x0000000746000000, 0x0000000746400000|  0%| F|  |TAMS 0x0000000746000000, 0x0000000746000000| Untracked 
|1305|0x0000000746400000, 0x0000000746400000, 0x0000000746800000|  0%| F|  |TAMS 0x0000000746400000, 0x0000000746400000| Untracked 
|1306|0x0000000746800000, 0x0000000746800000, 0x0000000746c00000|  0%| F|  |TAMS 0x0000000746800000, 0x0000000746800000| Untracked 
|1307|0x0000000746c00000, 0x0000000746c00000, 0x0000000747000000|  0%| F|  |TAMS 0x0000000746c00000, 0x0000000746c00000| Untracked 
|1308|0x0000000747000000, 0x0000000747000000, 0x0000000747400000|  0%| F|  |TAMS 0x0000000747000000, 0x0000000747000000| Untracked 
|1309|0x0000000747400000, 0x0000000747400000, 0x0000000747800000|  0%| F|  |TAMS 0x0000000747400000, 0x0000000747400000| Untracked 
|1310|0x0000000747800000, 0x0000000747800000, 0x0000000747c00000|  0%| F|  |TAMS 0x0000000747800000, 0x0000000747800000| Untracked 
|1311|0x0000000747c00000, 0x0000000747c00000, 0x0000000748000000|  0%| F|  |TAMS 0x0000000747c00000, 0x0000000747c00000| Untracked 
|1312|0x0000000748000000, 0x0000000748000000, 0x0000000748400000|  0%| F|  |TAMS 0x0000000748000000, 0x0000000748000000| Untracked 
|1313|0x0000000748400000, 0x0000000748400000, 0x0000000748800000|  0%| F|  |TAMS 0x0000000748400000, 0x0000000748400000| Untracked 
|1314|0x0000000748800000, 0x0000000748800000, 0x0000000748c00000|  0%| F|  |TAMS 0x0000000748800000, 0x0000000748800000| Untracked 
|1315|0x0000000748c00000, 0x0000000748c00000, 0x0000000749000000|  0%| F|  |TAMS 0x0000000748c00000, 0x0000000748c00000| Untracked 
|1316|0x0000000749000000, 0x0000000749000000, 0x0000000749400000|  0%| F|  |TAMS 0x0000000749000000, 0x0000000749000000| Untracked 
|1317|0x0000000749400000, 0x0000000749400000, 0x0000000749800000|  0%| F|  |TAMS 0x0000000749400000, 0x0000000749400000| Untracked 
|1318|0x0000000749800000, 0x0000000749800000, 0x0000000749c00000|  0%| F|  |TAMS 0x0000000749800000, 0x0000000749800000| Untracked 
|1319|0x0000000749c00000, 0x0000000749c00000, 0x000000074a000000|  0%| F|  |TAMS 0x0000000749c00000, 0x0000000749c00000| Untracked 
|1320|0x000000074a000000, 0x000000074a000000, 0x000000074a400000|  0%| F|  |TAMS 0x000000074a000000, 0x000000074a000000| Untracked 
|1321|0x000000074a400000, 0x000000074a400000, 0x000000074a800000|  0%| F|  |TAMS 0x000000074a400000, 0x000000074a400000| Untracked 
|1322|0x000000074a800000, 0x000000074a800000, 0x000000074ac00000|  0%| F|  |TAMS 0x000000074a800000, 0x000000074a800000| Untracked 
|1323|0x000000074ac00000, 0x000000074ac00000, 0x000000074b000000|  0%| F|  |TAMS 0x000000074ac00000, 0x000000074ac00000| Untracked 
|1324|0x000000074b000000, 0x000000074b000000, 0x000000074b400000|  0%| F|  |TAMS 0x000000074b000000, 0x000000074b000000| Untracked 
|1325|0x000000074b400000, 0x000000074b400000, 0x000000074b800000|  0%| F|  |TAMS 0x000000074b400000, 0x000000074b400000| Untracked 
|1326|0x000000074b800000, 0x000000074b800000, 0x000000074bc00000|  0%| F|  |TAMS 0x000000074b800000, 0x000000074b800000| Untracked 
|1327|0x000000074bc00000, 0x000000074bc00000, 0x000000074c000000|  0%| F|  |TAMS 0x000000074bc00000, 0x000000074bc00000| Untracked 
|1328|0x000000074c000000, 0x000000074c000000, 0x000000074c400000|  0%| F|  |TAMS 0x000000074c000000, 0x000000074c000000| Untracked 
|1329|0x000000074c400000, 0x000000074c400000, 0x000000074c800000|  0%| F|  |TAMS 0x000000074c400000, 0x000000074c400000| Untracked 
|1330|0x000000074c800000, 0x000000074c800000, 0x000000074cc00000|  0%| F|  |TAMS 0x000000074c800000, 0x000000074c800000| Untracked 
|1331|0x000000074cc00000, 0x000000074cc00000, 0x000000074d000000|  0%| F|  |TAMS 0x000000074cc00000, 0x000000074cc00000| Untracked 
|1332|0x000000074d000000, 0x000000074d000000, 0x000000074d400000|  0%| F|  |TAMS 0x000000074d000000, 0x000000074d000000| Untracked 
|1333|0x000000074d400000, 0x000000074d400000, 0x000000074d800000|  0%| F|  |TAMS 0x000000074d400000, 0x000000074d400000| Untracked 
|1334|0x000000074d800000, 0x000000074d800000, 0x000000074dc00000|  0%| F|  |TAMS 0x000000074d800000, 0x000000074d800000| Untracked 
|1335|0x000000074dc00000, 0x000000074dc00000, 0x000000074e000000|  0%| F|  |TAMS 0x000000074dc00000, 0x000000074dc00000| Untracked 
|1336|0x000000074e000000, 0x000000074e000000, 0x000000074e400000|  0%| F|  |TAMS 0x000000074e000000, 0x000000074e000000| Untracked 
|1337|0x000000074e400000, 0x000000074e400000, 0x000000074e800000|  0%| F|  |TAMS 0x000000074e400000, 0x000000074e400000| Untracked 
|1338|0x000000074e800000, 0x000000074e800000, 0x000000074ec00000|  0%| F|  |TAMS 0x000000074e800000, 0x000000074e800000| Untracked 
|1339|0x000000074ec00000, 0x000000074ec00000, 0x000000074f000000|  0%| F|  |TAMS 0x000000074ec00000, 0x000000074ec00000| Untracked 
|1340|0x000000074f000000, 0x000000074f000000, 0x000000074f400000|  0%| F|  |TAMS 0x000000074f000000, 0x000000074f000000| Untracked 
|1341|0x000000074f400000, 0x000000074f400000, 0x000000074f800000|  0%| F|  |TAMS 0x000000074f400000, 0x000000074f400000| Untracked 
|1342|0x000000074f800000, 0x000000074f800000, 0x000000074fc00000|  0%| F|  |TAMS 0x000000074f800000, 0x000000074f800000| Untracked 
|1343|0x000000074fc00000, 0x000000074fc00000, 0x0000000750000000|  0%| F|  |TAMS 0x000000074fc00000, 0x000000074fc00000| Untracked 
|1344|0x0000000750000000, 0x0000000750000000, 0x0000000750400000|  0%| F|  |TAMS 0x0000000750000000, 0x0000000750000000| Untracked 
|1345|0x0000000750400000, 0x0000000750400000, 0x0000000750800000|  0%| F|  |TAMS 0x0000000750400000, 0x0000000750400000| Untracked 
|1346|0x0000000750800000, 0x0000000750800000, 0x0000000750c00000|  0%| F|  |TAMS 0x0000000750800000, 0x0000000750800000| Untracked 
|1347|0x0000000750c00000, 0x0000000750c00000, 0x0000000751000000|  0%| F|  |TAMS 0x0000000750c00000, 0x0000000750c00000| Untracked 
|1348|0x0000000751000000, 0x0000000751000000, 0x0000000751400000|  0%| F|  |TAMS 0x0000000751000000, 0x0000000751000000| Untracked 
|1349|0x0000000751400000, 0x0000000751400000, 0x0000000751800000|  0%| F|  |TAMS 0x0000000751400000, 0x0000000751400000| Untracked 
|1350|0x0000000751800000, 0x0000000751800000, 0x0000000751c00000|  0%| F|  |TAMS 0x0000000751800000, 0x0000000751800000| Untracked 
|1351|0x0000000751c00000, 0x0000000751c00000, 0x0000000752000000|  0%| F|  |TAMS 0x0000000751c00000, 0x0000000751c00000| Untracked 
|1352|0x0000000752000000, 0x0000000752000000, 0x0000000752400000|  0%| F|  |TAMS 0x0000000752000000, 0x0000000752000000| Untracked 
|1353|0x0000000752400000, 0x0000000752400000, 0x0000000752800000|  0%| F|  |TAMS 0x0000000752400000, 0x0000000752400000| Untracked 
|1354|0x0000000752800000, 0x0000000752800000, 0x0000000752c00000|  0%| F|  |TAMS 0x0000000752800000, 0x0000000752800000| Untracked 
|1355|0x0000000752c00000, 0x0000000752c00000, 0x0000000753000000|  0%| F|  |TAMS 0x0000000752c00000, 0x0000000752c00000| Untracked 
|1356|0x0000000753000000, 0x0000000753000000, 0x0000000753400000|  0%| F|  |TAMS 0x0000000753000000, 0x0000000753000000| Untracked 
|1357|0x0000000753400000, 0x0000000753400000, 0x0000000753800000|  0%| F|  |TAMS 0x0000000753400000, 0x0000000753400000| Untracked 
|1358|0x0000000753800000, 0x0000000753800000, 0x0000000753c00000|  0%| F|  |TAMS 0x0000000753800000, 0x0000000753800000| Untracked 
|1359|0x0000000753c00000, 0x0000000753c00000, 0x0000000754000000|  0%| F|  |TAMS 0x0000000753c00000, 0x0000000753c00000| Untracked 
|1360|0x0000000754000000, 0x0000000754000000, 0x0000000754400000|  0%| F|  |TAMS 0x0000000754000000, 0x0000000754000000| Untracked 
|1361|0x0000000754400000, 0x0000000754400000, 0x0000000754800000|  0%| F|  |TAMS 0x0000000754400000, 0x0000000754400000| Untracked 
|1362|0x0000000754800000, 0x0000000754800000, 0x0000000754c00000|  0%| F|  |TAMS 0x0000000754800000, 0x0000000754800000| Untracked 
|1363|0x0000000754c00000, 0x0000000754c00000, 0x0000000755000000|  0%| F|  |TAMS 0x0000000754c00000, 0x0000000754c00000| Untracked 
|1364|0x0000000755000000, 0x0000000755000000, 0x0000000755400000|  0%| F|  |TAMS 0x0000000755000000, 0x0000000755000000| Untracked 
|1365|0x0000000755400000, 0x0000000755400000, 0x0000000755800000|  0%| F|  |TAMS 0x0000000755400000, 0x0000000755400000| Untracked 
|1366|0x0000000755800000, 0x0000000755800000, 0x0000000755c00000|  0%| F|  |TAMS 0x0000000755800000, 0x0000000755800000| Untracked 
|1367|0x0000000755c00000, 0x0000000755c00000, 0x0000000756000000|  0%| F|  |TAMS 0x0000000755c00000, 0x0000000755c00000| Untracked 
|1368|0x0000000756000000, 0x0000000756000000, 0x0000000756400000|  0%| F|  |TAMS 0x0000000756000000, 0x0000000756000000| Untracked 
|1369|0x0000000756400000, 0x0000000756400000, 0x0000000756800000|  0%| F|  |TAMS 0x0000000756400000, 0x0000000756400000| Untracked 
|1370|0x0000000756800000, 0x0000000756800000, 0x0000000756c00000|  0%| F|  |TAMS 0x0000000756800000, 0x0000000756800000| Untracked 
|1371|0x0000000756c00000, 0x0000000756c00000, 0x0000000757000000|  0%| F|  |TAMS 0x0000000756c00000, 0x0000000756c00000| Untracked 
|1372|0x0000000757000000, 0x0000000757000000, 0x0000000757400000|  0%| F|  |TAMS 0x0000000757000000, 0x0000000757000000| Untracked 
|1373|0x0000000757400000, 0x0000000757400000, 0x0000000757800000|  0%| F|  |TAMS 0x0000000757400000, 0x0000000757400000| Untracked 
|1374|0x0000000757800000, 0x0000000757800000, 0x0000000757c00000|  0%| F|  |TAMS 0x0000000757800000, 0x0000000757800000| Untracked 
|1375|0x0000000757c00000, 0x0000000757c00000, 0x0000000758000000|  0%| F|  |TAMS 0x0000000757c00000, 0x0000000757c00000| Untracked 
|1376|0x0000000758000000, 0x0000000758000000, 0x0000000758400000|  0%| F|  |TAMS 0x0000000758000000, 0x0000000758000000| Untracked 
|1377|0x0000000758400000, 0x0000000758595aa8, 0x0000000758800000| 39%| S|CS|TAMS 0x0000000758400000, 0x0000000758400000| Complete 
|1378|0x0000000758800000, 0x0000000758c00000, 0x0000000758c00000|100%| S|CS|TAMS 0x0000000758800000, 0x0000000758800000| Complete 
|1379|0x0000000758c00000, 0x0000000759000000, 0x0000000759000000|100%| S|CS|TAMS 0x0000000758c00000, 0x0000000758c00000| Complete 
|1380|0x0000000759000000, 0x0000000759400000, 0x0000000759400000|100%| S|CS|TAMS 0x0000000759000000, 0x0000000759000000| Complete 
|1381|0x0000000759400000, 0x0000000759800000, 0x0000000759800000|100%| S|CS|TAMS 0x0000000759400000, 0x0000000759400000| Complete 
|1382|0x0000000759800000, 0x0000000759c00000, 0x0000000759c00000|100%| S|CS|TAMS 0x0000000759800000, 0x0000000759800000| Complete 
|1383|0x0000000759c00000, 0x000000075a000000, 0x000000075a000000|100%| S|CS|TAMS 0x0000000759c00000, 0x0000000759c00000| Complete 
|1384|0x000000075a000000, 0x000000075a400000, 0x000000075a400000|100%| S|CS|TAMS 0x000000075a000000, 0x000000075a000000| Complete 
|1385|0x000000075a400000, 0x000000075a800000, 0x000000075a800000|100%| S|CS|TAMS 0x000000075a400000, 0x000000075a400000| Complete 
|1386|0x000000075a800000, 0x000000075ac00000, 0x000000075ac00000|100%| S|CS|TAMS 0x000000075a800000, 0x000000075a800000| Complete 
|1387|0x000000075ac00000, 0x000000075b000000, 0x000000075b000000|100%| S|CS|TAMS 0x000000075ac00000, 0x000000075ac00000| Complete 
|1388|0x000000075b000000, 0x000000075b400000, 0x000000075b400000|100%| S|CS|TAMS 0x000000075b000000, 0x000000075b000000| Complete 
|1389|0x000000075b400000, 0x000000075b800000, 0x000000075b800000|100%| S|CS|TAMS 0x000000075b400000, 0x000000075b400000| Complete 
|1390|0x000000075b800000, 0x000000075bc00000, 0x000000075bc00000|100%| S|CS|TAMS 0x000000075b800000, 0x000000075b800000| Complete 
|1391|0x000000075bc00000, 0x000000075bc00000, 0x000000075c000000|  0%| F|  |TAMS 0x000000075bc00000, 0x000000075bc00000| Untracked 
|1392|0x000000075c000000, 0x000000075c000000, 0x000000075c400000|  0%| F|  |TAMS 0x000000075c000000, 0x000000075c000000| Untracked 
|1393|0x000000075c400000, 0x000000075c400000, 0x000000075c800000|  0%| F|  |TAMS 0x000000075c400000, 0x000000075c400000| Untracked 
|1394|0x000000075c800000, 0x000000075c800000, 0x000000075cc00000|  0%| F|  |TAMS 0x000000075c800000, 0x000000075c800000| Untracked 
|1395|0x000000075cc00000, 0x000000075cc00000, 0x000000075d000000|  0%| F|  |TAMS 0x000000075cc00000, 0x000000075cc00000| Untracked 
|1396|0x000000075d000000, 0x000000075d000000, 0x000000075d400000|  0%| F|  |TAMS 0x000000075d000000, 0x000000075d000000| Untracked 
|1397|0x000000075d400000, 0x000000075d400000, 0x000000075d800000|  0%| F|  |TAMS 0x000000075d400000, 0x000000075d400000| Untracked 
|1398|0x000000075d800000, 0x000000075d800000, 0x000000075dc00000|  0%| F|  |TAMS 0x000000075d800000, 0x000000075d800000| Untracked 
|1399|0x000000075dc00000, 0x000000075dc00000, 0x000000075e000000|  0%| F|  |TAMS 0x000000075dc00000, 0x000000075dc00000| Untracked 
|1400|0x000000075e000000, 0x000000075e000000, 0x000000075e400000|  0%| F|  |TAMS 0x000000075e000000, 0x000000075e000000| Untracked 
|1401|0x000000075e400000, 0x000000075e400000, 0x000000075e800000|  0%| F|  |TAMS 0x000000075e400000, 0x000000075e400000| Untracked 
|1402|0x000000075e800000, 0x000000075e800000, 0x000000075ec00000|  0%| F|  |TAMS 0x000000075e800000, 0x000000075e800000| Untracked 
|1403|0x000000075ec00000, 0x000000075ec00000, 0x000000075f000000|  0%| F|  |TAMS 0x000000075ec00000, 0x000000075ec00000| Untracked 
|1404|0x000000075f000000, 0x000000075f000000, 0x000000075f400000|  0%| F|  |TAMS 0x000000075f000000, 0x000000075f000000| Untracked 
|1405|0x000000075f400000, 0x000000075f400000, 0x000000075f800000|  0%| F|  |TAMS 0x000000075f400000, 0x000000075f400000| Untracked 
|1406|0x000000075f800000, 0x000000075fc00000, 0x000000075fc00000|100%| S|CS|TAMS 0x000000075f800000, 0x000000075f800000| Complete 
|1407|0x000000075fc00000, 0x0000000760000000, 0x0000000760000000|100%| S|CS|TAMS 0x000000075fc00000, 0x000000075fc00000| Complete 
|1408|0x0000000760000000, 0x0000000760400000, 0x0000000760400000|100%| S|CS|TAMS 0x0000000760000000, 0x0000000760000000| Complete 
|1409|0x0000000760400000, 0x0000000760800000, 0x0000000760800000|100%| S|CS|TAMS 0x0000000760400000, 0x0000000760400000| Complete 
|1410|0x0000000760800000, 0x0000000760800000, 0x0000000760c00000|  0%| F|  |TAMS 0x0000000760800000, 0x0000000760800000| Untracked 
|1411|0x0000000760c00000, 0x0000000760c00000, 0x0000000761000000|  0%| F|  |TAMS 0x0000000760c00000, 0x0000000760c00000| Untracked 
|1412|0x0000000761000000, 0x0000000761000000, 0x0000000761400000|  0%| F|  |TAMS 0x0000000761000000, 0x0000000761000000| Untracked 
|1413|0x0000000761400000, 0x0000000761400000, 0x0000000761800000|  0%| F|  |TAMS 0x0000000761400000, 0x0000000761400000| Untracked 
|1414|0x0000000761800000, 0x0000000761800000, 0x0000000761c00000|  0%| F|  |TAMS 0x0000000761800000, 0x0000000761800000| Untracked 
|1415|0x0000000761c00000, 0x0000000761c00000, 0x0000000762000000|  0%| F|  |TAMS 0x0000000761c00000, 0x0000000761c00000| Untracked 
|1416|0x0000000762000000, 0x0000000762000000, 0x0000000762400000|  0%| F|  |TAMS 0x0000000762000000, 0x0000000762000000| Untracked 
|1417|0x0000000762400000, 0x0000000762400000, 0x0000000762800000|  0%| F|  |TAMS 0x0000000762400000, 0x0000000762400000| Untracked 
|1418|0x0000000762800000, 0x0000000762800000, 0x0000000762c00000|  0%| F|  |TAMS 0x0000000762800000, 0x0000000762800000| Untracked 
|1419|0x0000000762c00000, 0x0000000762c00000, 0x0000000763000000|  0%| F|  |TAMS 0x0000000762c00000, 0x0000000762c00000| Untracked 
|1420|0x0000000763000000, 0x0000000763000000, 0x0000000763400000|  0%| F|  |TAMS 0x0000000763000000, 0x0000000763000000| Untracked 
|1421|0x0000000763400000, 0x0000000763400000, 0x0000000763800000|  0%| F|  |TAMS 0x0000000763400000, 0x0000000763400000| Untracked 
|1422|0x0000000763800000, 0x0000000763800000, 0x0000000763c00000|  0%| F|  |TAMS 0x0000000763800000, 0x0000000763800000| Untracked 
|1423|0x0000000763c00000, 0x0000000763c00000, 0x0000000764000000|  0%| F|  |TAMS 0x0000000763c00000, 0x0000000763c00000| Untracked 
|1424|0x0000000764000000, 0x0000000764000000, 0x0000000764400000|  0%| F|  |TAMS 0x0000000764000000, 0x0000000764000000| Untracked 
|1425|0x0000000764400000, 0x0000000764400000, 0x0000000764800000|  0%| F|  |TAMS 0x0000000764400000, 0x0000000764400000| Untracked 
|1426|0x0000000764800000, 0x0000000764800000, 0x0000000764c00000|  0%| F|  |TAMS 0x0000000764800000, 0x0000000764800000| Untracked 
|1427|0x0000000764c00000, 0x0000000764c00000, 0x0000000765000000|  0%| F|  |TAMS 0x0000000764c00000, 0x0000000764c00000| Untracked 
|1428|0x0000000765000000, 0x0000000765000000, 0x0000000765400000|  0%| F|  |TAMS 0x0000000765000000, 0x0000000765000000| Untracked 
|1429|0x0000000765400000, 0x0000000765400000, 0x0000000765800000|  0%| F|  |TAMS 0x0000000765400000, 0x0000000765400000| Untracked 
|1430|0x0000000765800000, 0x0000000765800000, 0x0000000765c00000|  0%| F|  |TAMS 0x0000000765800000, 0x0000000765800000| Untracked 
|1431|0x0000000765c00000, 0x0000000765c00000, 0x0000000766000000|  0%| F|  |TAMS 0x0000000765c00000, 0x0000000765c00000| Untracked 
|1432|0x0000000766000000, 0x0000000766000000, 0x0000000766400000|  0%| F|  |TAMS 0x0000000766000000, 0x0000000766000000| Untracked 
|1433|0x0000000766400000, 0x0000000766400000, 0x0000000766800000|  0%| F|  |TAMS 0x0000000766400000, 0x0000000766400000| Untracked 
|1434|0x0000000766800000, 0x0000000766800000, 0x0000000766c00000|  0%| F|  |TAMS 0x0000000766800000, 0x0000000766800000| Untracked 
|1435|0x0000000766c00000, 0x0000000766c00000, 0x0000000767000000|  0%| F|  |TAMS 0x0000000766c00000, 0x0000000766c00000| Untracked 
|1436|0x0000000767000000, 0x0000000767000000, 0x0000000767400000|  0%| F|  |TAMS 0x0000000767000000, 0x0000000767000000| Untracked 
|1437|0x0000000767400000, 0x0000000767400000, 0x0000000767800000|  0%| F|  |TAMS 0x0000000767400000, 0x0000000767400000| Untracked 
|1438|0x0000000767800000, 0x0000000767800000, 0x0000000767c00000|  0%| F|  |TAMS 0x0000000767800000, 0x0000000767800000| Untracked 
|1439|0x0000000767c00000, 0x0000000767c00000, 0x0000000768000000|  0%| F|  |TAMS 0x0000000767c00000, 0x0000000767c00000| Untracked 
|1440|0x0000000768000000, 0x0000000768000000, 0x0000000768400000|  0%| F|  |TAMS 0x0000000768000000, 0x0000000768000000| Untracked 
|1441|0x0000000768400000, 0x0000000768400000, 0x0000000768800000|  0%| F|  |TAMS 0x0000000768400000, 0x0000000768400000| Untracked 
|1442|0x0000000768800000, 0x0000000768800000, 0x0000000768c00000|  0%| F|  |TAMS 0x0000000768800000, 0x0000000768800000| Untracked 
|1443|0x0000000768c00000, 0x0000000768c00000, 0x0000000769000000|  0%| F|  |TAMS 0x0000000768c00000, 0x0000000768c00000| Untracked 
|1444|0x0000000769000000, 0x0000000769000000, 0x0000000769400000|  0%| F|  |TAMS 0x0000000769000000, 0x0000000769000000| Untracked 
|1445|0x0000000769400000, 0x0000000769400000, 0x0000000769800000|  0%| F|  |TAMS 0x0000000769400000, 0x0000000769400000| Untracked 
|1446|0x0000000769800000, 0x0000000769800000, 0x0000000769c00000|  0%| F|  |TAMS 0x0000000769800000, 0x0000000769800000| Untracked 
|1447|0x0000000769c00000, 0x0000000769c00000, 0x000000076a000000|  0%| F|  |TAMS 0x0000000769c00000, 0x0000000769c00000| Untracked 
|1448|0x000000076a000000, 0x000000076a000000, 0x000000076a400000|  0%| F|  |TAMS 0x000000076a000000, 0x000000076a000000| Untracked 
|1449|0x000000076a400000, 0x000000076a400000, 0x000000076a800000|  0%| F|  |TAMS 0x000000076a400000, 0x000000076a400000| Untracked 
|1450|0x000000076a800000, 0x000000076a800000, 0x000000076ac00000|  0%| F|  |TAMS 0x000000076a800000, 0x000000076a800000| Untracked 
|1451|0x000000076ac00000, 0x000000076ac00000, 0x000000076b000000|  0%| F|  |TAMS 0x000000076ac00000, 0x000000076ac00000| Untracked 
|1452|0x000000076b000000, 0x000000076b000000, 0x000000076b400000|  0%| F|  |TAMS 0x000000076b000000, 0x000000076b000000| Untracked 
|1453|0x000000076b400000, 0x000000076b400000, 0x000000076b800000|  0%| F|  |TAMS 0x000000076b400000, 0x000000076b400000| Untracked 
|1454|0x000000076b800000, 0x000000076b800000, 0x000000076bc00000|  0%| F|  |TAMS 0x000000076b800000, 0x000000076b800000| Untracked 
|1455|0x000000076bc00000, 0x000000076bc00000, 0x000000076c000000|  0%| F|  |TAMS 0x000000076bc00000, 0x000000076bc00000| Untracked 
|1456|0x000000076c000000, 0x000000076c000000, 0x000000076c400000|  0%| F|  |TAMS 0x000000076c000000, 0x000000076c000000| Untracked 
|1457|0x000000076c400000, 0x000000076c400000, 0x000000076c800000|  0%| F|  |TAMS 0x000000076c400000, 0x000000076c400000| Untracked 
|1458|0x000000076c800000, 0x000000076c800000, 0x000000076cc00000|  0%| F|  |TAMS 0x000000076c800000, 0x000000076c800000| Untracked 
|1459|0x000000076cc00000, 0x000000076cc00000, 0x000000076d000000|  0%| F|  |TAMS 0x000000076cc00000, 0x000000076cc00000| Untracked 
|1460|0x000000076d000000, 0x000000076d000000, 0x000000076d400000|  0%| F|  |TAMS 0x000000076d000000, 0x000000076d000000| Untracked 
|1461|0x000000076d400000, 0x000000076d400000, 0x000000076d800000|  0%| F|  |TAMS 0x000000076d400000, 0x000000076d400000| Untracked 
|1462|0x000000076d800000, 0x000000076d800000, 0x000000076dc00000|  0%| F|  |TAMS 0x000000076d800000, 0x000000076d800000| Untracked 
|1463|0x000000076dc00000, 0x000000076dc00000, 0x000000076e000000|  0%| F|  |TAMS 0x000000076dc00000, 0x000000076dc00000| Untracked 
|1464|0x000000076e000000, 0x000000076e000000, 0x000000076e400000|  0%| F|  |TAMS 0x000000076e000000, 0x000000076e000000| Untracked 
|1465|0x000000076e400000, 0x000000076e400000, 0x000000076e800000|  0%| F|  |TAMS 0x000000076e400000, 0x000000076e400000| Untracked 
|1466|0x000000076e800000, 0x000000076e800000, 0x000000076ec00000|  0%| F|  |TAMS 0x000000076e800000, 0x000000076e800000| Untracked 
|1467|0x000000076ec00000, 0x000000076ec00000, 0x000000076f000000|  0%| F|  |TAMS 0x000000076ec00000, 0x000000076ec00000| Untracked 
|1468|0x000000076f000000, 0x000000076f000000, 0x000000076f400000|  0%| F|  |TAMS 0x000000076f000000, 0x000000076f000000| Untracked 
|1469|0x000000076f400000, 0x000000076f400000, 0x000000076f800000|  0%| F|  |TAMS 0x000000076f400000, 0x000000076f400000| Untracked 
|1470|0x000000076f800000, 0x000000076f800000, 0x000000076fc00000|  0%| F|  |TAMS 0x000000076f800000, 0x000000076f800000| Untracked 
|1471|0x000000076fc00000, 0x000000076fc00000, 0x0000000770000000|  0%| F|  |TAMS 0x000000076fc00000, 0x000000076fc00000| Untracked 
|1472|0x0000000770000000, 0x0000000770000000, 0x0000000770400000|  0%| F|  |TAMS 0x0000000770000000, 0x0000000770000000| Untracked 
|1473|0x0000000770400000, 0x0000000770400000, 0x0000000770800000|  0%| F|  |TAMS 0x0000000770400000, 0x0000000770400000| Untracked 
|1474|0x0000000770800000, 0x0000000770800000, 0x0000000770c00000|  0%| F|  |TAMS 0x0000000770800000, 0x0000000770800000| Untracked 
|1475|0x0000000770c00000, 0x0000000770c00000, 0x0000000771000000|  0%| F|  |TAMS 0x0000000770c00000, 0x0000000770c00000| Untracked 
|1476|0x0000000771000000, 0x0000000771000000, 0x0000000771400000|  0%| F|  |TAMS 0x0000000771000000, 0x0000000771000000| Untracked 
|1477|0x0000000771400000, 0x0000000771400000, 0x0000000771800000|  0%| F|  |TAMS 0x0000000771400000, 0x0000000771400000| Untracked 
|1478|0x0000000771800000, 0x0000000771800000, 0x0000000771c00000|  0%| F|  |TAMS 0x0000000771800000, 0x0000000771800000| Untracked 
|1479|0x0000000771c00000, 0x0000000771c00000, 0x0000000772000000|  0%| F|  |TAMS 0x0000000771c00000, 0x0000000771c00000| Untracked 
|1480|0x0000000772000000, 0x0000000772000000, 0x0000000772400000|  0%| F|  |TAMS 0x0000000772000000, 0x0000000772000000| Untracked 
|1481|0x0000000772400000, 0x0000000772400000, 0x0000000772800000|  0%| F|  |TAMS 0x0000000772400000, 0x0000000772400000| Untracked 
|1482|0x0000000772800000, 0x0000000772800000, 0x0000000772c00000|  0%| F|  |TAMS 0x0000000772800000, 0x0000000772800000| Untracked 
|1483|0x0000000772c00000, 0x0000000772c00000, 0x0000000773000000|  0%| F|  |TAMS 0x0000000772c00000, 0x0000000772c00000| Untracked 
|1484|0x0000000773000000, 0x0000000773000000, 0x0000000773400000|  0%| F|  |TAMS 0x0000000773000000, 0x0000000773000000| Untracked 
|1485|0x0000000773400000, 0x0000000773400000, 0x0000000773800000|  0%| F|  |TAMS 0x0000000773400000, 0x0000000773400000| Untracked 
|1486|0x0000000773800000, 0x0000000773800000, 0x0000000773c00000|  0%| F|  |TAMS 0x0000000773800000, 0x0000000773800000| Untracked 
|1487|0x0000000773c00000, 0x0000000773c00000, 0x0000000774000000|  0%| F|  |TAMS 0x0000000773c00000, 0x0000000773c00000| Untracked 
|1488|0x0000000774000000, 0x0000000774000000, 0x0000000774400000|  0%| F|  |TAMS 0x0000000774000000, 0x0000000774000000| Untracked 
|1489|0x0000000774400000, 0x0000000774400000, 0x0000000774800000|  0%| F|  |TAMS 0x0000000774400000, 0x0000000774400000| Untracked 
|1490|0x0000000774800000, 0x0000000774800000, 0x0000000774c00000|  0%| F|  |TAMS 0x0000000774800000, 0x0000000774800000| Untracked 
|1491|0x0000000774c00000, 0x0000000774c00000, 0x0000000775000000|  0%| F|  |TAMS 0x0000000774c00000, 0x0000000774c00000| Untracked 
|1492|0x0000000775000000, 0x0000000775000000, 0x0000000775400000|  0%| F|  |TAMS 0x0000000775000000, 0x0000000775000000| Untracked 
|1493|0x0000000775400000, 0x0000000775400000, 0x0000000775800000|  0%| F|  |TAMS 0x0000000775400000, 0x0000000775400000| Untracked 
|1494|0x0000000775800000, 0x0000000775800000, 0x0000000775c00000|  0%| F|  |TAMS 0x0000000775800000, 0x0000000775800000| Untracked 
|1495|0x0000000775c00000, 0x0000000775c00000, 0x0000000776000000|  0%| F|  |TAMS 0x0000000775c00000, 0x0000000775c00000| Untracked 
|1496|0x0000000776000000, 0x0000000776000000, 0x0000000776400000|  0%| F|  |TAMS 0x0000000776000000, 0x0000000776000000| Untracked 
|1497|0x0000000776400000, 0x0000000776400000, 0x0000000776800000|  0%| F|  |TAMS 0x0000000776400000, 0x0000000776400000| Untracked 
|1498|0x0000000776800000, 0x0000000776800000, 0x0000000776c00000|  0%| F|  |TAMS 0x0000000776800000, 0x0000000776800000| Untracked 
|1499|0x0000000776c00000, 0x0000000776c00000, 0x0000000777000000|  0%| F|  |TAMS 0x0000000776c00000, 0x0000000776c00000| Untracked 
|1500|0x0000000777000000, 0x0000000777000000, 0x0000000777400000|  0%| F|  |TAMS 0x0000000777000000, 0x0000000777000000| Untracked 
|1501|0x0000000777400000, 0x0000000777400000, 0x0000000777800000|  0%| F|  |TAMS 0x0000000777400000, 0x0000000777400000| Untracked 
|1502|0x0000000777800000, 0x0000000777800000, 0x0000000777c00000|  0%| F|  |TAMS 0x0000000777800000, 0x0000000777800000| Untracked 
|1503|0x0000000777c00000, 0x0000000777c00000, 0x0000000778000000|  0%| F|  |TAMS 0x0000000777c00000, 0x0000000777c00000| Untracked 
|1504|0x0000000778000000, 0x0000000778000000, 0x0000000778400000|  0%| F|  |TAMS 0x0000000778000000, 0x0000000778000000| Untracked 
|1505|0x0000000778400000, 0x0000000778400000, 0x0000000778800000|  0%| F|  |TAMS 0x0000000778400000, 0x0000000778400000| Untracked 
|1506|0x0000000778800000, 0x0000000778800000, 0x0000000778c00000|  0%| F|  |TAMS 0x0000000778800000, 0x0000000778800000| Untracked 
|1507|0x0000000778c00000, 0x0000000778c00000, 0x0000000779000000|  0%| F|  |TAMS 0x0000000778c00000, 0x0000000778c00000| Untracked 
|1508|0x0000000779000000, 0x0000000779000000, 0x0000000779400000|  0%| F|  |TAMS 0x0000000779000000, 0x0000000779000000| Untracked 
|1509|0x0000000779400000, 0x0000000779400000, 0x0000000779800000|  0%| F|  |TAMS 0x0000000779400000, 0x0000000779400000| Untracked 
|1510|0x0000000779800000, 0x0000000779800000, 0x0000000779c00000|  0%| F|  |TAMS 0x0000000779800000, 0x0000000779800000| Untracked 
|1511|0x0000000779c00000, 0x0000000779c00000, 0x000000077a000000|  0%| F|  |TAMS 0x0000000779c00000, 0x0000000779c00000| Untracked 
|1512|0x000000077a000000, 0x000000077a000000, 0x000000077a400000|  0%| F|  |TAMS 0x000000077a000000, 0x000000077a000000| Untracked 
|1513|0x000000077a400000, 0x000000077a400000, 0x000000077a800000|  0%| F|  |TAMS 0x000000077a400000, 0x000000077a400000| Untracked 
|1514|0x000000077a800000, 0x000000077a800000, 0x000000077ac00000|  0%| F|  |TAMS 0x000000077a800000, 0x000000077a800000| Untracked 
|1515|0x000000077ac00000, 0x000000077ac00000, 0x000000077b000000|  0%| F|  |TAMS 0x000000077ac00000, 0x000000077ac00000| Untracked 
|1516|0x000000077b000000, 0x000000077b000000, 0x000000077b400000|  0%| F|  |TAMS 0x000000077b000000, 0x000000077b000000| Untracked 
|1517|0x000000077b400000, 0x000000077b400000, 0x000000077b800000|  0%| F|  |TAMS 0x000000077b400000, 0x000000077b400000| Untracked 
|1518|0x000000077b800000, 0x000000077b800000, 0x000000077bc00000|  0%| F|  |TAMS 0x000000077b800000, 0x000000077b800000| Untracked 
|1519|0x000000077bc00000, 0x000000077bc00000, 0x000000077c000000|  0%| F|  |TAMS 0x000000077bc00000, 0x000000077bc00000| Untracked 
|1520|0x000000077c000000, 0x000000077c000000, 0x000000077c400000|  0%| F|  |TAMS 0x000000077c000000, 0x000000077c000000| Untracked 
|1521|0x000000077c400000, 0x000000077c400000, 0x000000077c800000|  0%| F|  |TAMS 0x000000077c400000, 0x000000077c400000| Untracked 
|1522|0x000000077c800000, 0x000000077c800000, 0x000000077cc00000|  0%| F|  |TAMS 0x000000077c800000, 0x000000077c800000| Untracked 
|1523|0x000000077cc00000, 0x000000077cc00000, 0x000000077d000000|  0%| F|  |TAMS 0x000000077cc00000, 0x000000077cc00000| Untracked 
|1524|0x000000077d000000, 0x000000077d000000, 0x000000077d400000|  0%| F|  |TAMS 0x000000077d000000, 0x000000077d000000| Untracked 
|1525|0x000000077d400000, 0x000000077d400000, 0x000000077d800000|  0%| F|  |TAMS 0x000000077d400000, 0x000000077d400000| Untracked 
|1526|0x000000077d800000, 0x000000077d800000, 0x000000077dc00000|  0%| F|  |TAMS 0x000000077d800000, 0x000000077d800000| Untracked 
|1527|0x000000077dc00000, 0x000000077dc00000, 0x000000077e000000|  0%| F|  |TAMS 0x000000077dc00000, 0x000000077dc00000| Untracked 
|1528|0x000000077e000000, 0x000000077e000000, 0x000000077e400000|  0%| F|  |TAMS 0x000000077e000000, 0x000000077e000000| Untracked 
|1529|0x000000077e400000, 0x000000077e400000, 0x000000077e800000|  0%| F|  |TAMS 0x000000077e400000, 0x000000077e400000| Untracked 
|1530|0x000000077e800000, 0x000000077e800000, 0x000000077ec00000|  0%| F|  |TAMS 0x000000077e800000, 0x000000077e800000| Untracked 
|1531|0x000000077ec00000, 0x000000077ec00000, 0x000000077f000000|  0%| F|  |TAMS 0x000000077ec00000, 0x000000077ec00000| Untracked 
|1532|0x000000077f000000, 0x000000077f000000, 0x000000077f400000|  0%| F|  |TAMS 0x000000077f000000, 0x000000077f000000| Untracked 
|1533|0x000000077f400000, 0x000000077f400000, 0x000000077f800000|  0%| F|  |TAMS 0x000000077f400000, 0x000000077f400000| Untracked 
|1534|0x000000077f800000, 0x000000077f800000, 0x000000077fc00000|  0%| F|  |TAMS 0x000000077f800000, 0x000000077f800000| Untracked 
|1535|0x000000077fc00000, 0x000000077fc00000, 0x0000000780000000|  0%| F|  |TAMS 0x000000077fc00000, 0x000000077fc00000| Untracked 
|1536|0x0000000780000000, 0x0000000780000000, 0x0000000780400000|  0%| F|  |TAMS 0x0000000780000000, 0x0000000780000000| Untracked 
|1537|0x0000000780400000, 0x0000000780400000, 0x0000000780800000|  0%| F|  |TAMS 0x0000000780400000, 0x0000000780400000| Untracked 
|1538|0x0000000780800000, 0x0000000780800000, 0x0000000780c00000|  0%| F|  |TAMS 0x0000000780800000, 0x0000000780800000| Untracked 
|1539|0x0000000780c00000, 0x0000000780c00000, 0x0000000781000000|  0%| F|  |TAMS 0x0000000780c00000, 0x0000000780c00000| Untracked 
|1540|0x0000000781000000, 0x0000000781000000, 0x0000000781400000|  0%| F|  |TAMS 0x0000000781000000, 0x0000000781000000| Untracked 
|1541|0x0000000781400000, 0x0000000781400000, 0x0000000781800000|  0%| F|  |TAMS 0x0000000781400000, 0x0000000781400000| Untracked 
|1542|0x0000000781800000, 0x0000000781800000, 0x0000000781c00000|  0%| F|  |TAMS 0x0000000781800000, 0x0000000781800000| Untracked 
|1543|0x0000000781c00000, 0x0000000781c00000, 0x0000000782000000|  0%| F|  |TAMS 0x0000000781c00000, 0x0000000781c00000| Untracked 
|1544|0x0000000782000000, 0x0000000782000000, 0x0000000782400000|  0%| F|  |TAMS 0x0000000782000000, 0x0000000782000000| Untracked 
|1545|0x0000000782400000, 0x0000000782400000, 0x0000000782800000|  0%| F|  |TAMS 0x0000000782400000, 0x0000000782400000| Untracked 
|1546|0x0000000782800000, 0x0000000782800000, 0x0000000782c00000|  0%| F|  |TAMS 0x0000000782800000, 0x0000000782800000| Untracked 
|1547|0x0000000782c00000, 0x0000000782c00000, 0x0000000783000000|  0%| F|  |TAMS 0x0000000782c00000, 0x0000000782c00000| Untracked 
|1548|0x0000000783000000, 0x0000000783000000, 0x0000000783400000|  0%| F|  |TAMS 0x0000000783000000, 0x0000000783000000| Untracked 
|1549|0x0000000783400000, 0x0000000783400000, 0x0000000783800000|  0%| F|  |TAMS 0x0000000783400000, 0x0000000783400000| Untracked 
|1550|0x0000000783800000, 0x0000000783800000, 0x0000000783c00000|  0%| F|  |TAMS 0x0000000783800000, 0x0000000783800000| Untracked 
|1551|0x0000000783c00000, 0x0000000783c00000, 0x0000000784000000|  0%| F|  |TAMS 0x0000000783c00000, 0x0000000783c00000| Untracked 
|1552|0x0000000784000000, 0x0000000784000000, 0x0000000784400000|  0%| F|  |TAMS 0x0000000784000000, 0x0000000784000000| Untracked 
|1553|0x0000000784400000, 0x0000000784400000, 0x0000000784800000|  0%| F|  |TAMS 0x0000000784400000, 0x0000000784400000| Untracked 
|1554|0x0000000784800000, 0x0000000784800000, 0x0000000784c00000|  0%| F|  |TAMS 0x0000000784800000, 0x0000000784800000| Untracked 
|1555|0x0000000784c00000, 0x0000000784c00000, 0x0000000785000000|  0%| F|  |TAMS 0x0000000784c00000, 0x0000000784c00000| Untracked 
|1556|0x0000000785000000, 0x0000000785000000, 0x0000000785400000|  0%| F|  |TAMS 0x0000000785000000, 0x0000000785000000| Untracked 
|1557|0x0000000785400000, 0x0000000785400000, 0x0000000785800000|  0%| F|  |TAMS 0x0000000785400000, 0x0000000785400000| Untracked 
|1558|0x0000000785800000, 0x0000000785800000, 0x0000000785c00000|  0%| F|  |TAMS 0x0000000785800000, 0x0000000785800000| Untracked 
|1559|0x0000000785c00000, 0x0000000785c00000, 0x0000000786000000|  0%| F|  |TAMS 0x0000000785c00000, 0x0000000785c00000| Untracked 
|1560|0x0000000786000000, 0x0000000786000000, 0x0000000786400000|  0%| F|  |TAMS 0x0000000786000000, 0x0000000786000000| Untracked 
|1561|0x0000000786400000, 0x0000000786400000, 0x0000000786800000|  0%| F|  |TAMS 0x0000000786400000, 0x0000000786400000| Untracked 
|1562|0x0000000786800000, 0x0000000786800000, 0x0000000786c00000|  0%| F|  |TAMS 0x0000000786800000, 0x0000000786800000| Untracked 
|1563|0x0000000786c00000, 0x0000000786c00000, 0x0000000787000000|  0%| F|  |TAMS 0x0000000786c00000, 0x0000000786c00000| Untracked 
|1564|0x0000000787000000, 0x0000000787000000, 0x0000000787400000|  0%| F|  |TAMS 0x0000000787000000, 0x0000000787000000| Untracked 
|1565|0x0000000787400000, 0x0000000787400000, 0x0000000787800000|  0%| F|  |TAMS 0x0000000787400000, 0x0000000787400000| Untracked 
|1566|0x0000000787800000, 0x0000000787800000, 0x0000000787c00000|  0%| F|  |TAMS 0x0000000787800000, 0x0000000787800000| Untracked 
|1567|0x0000000787c00000, 0x0000000787c00000, 0x0000000788000000|  0%| F|  |TAMS 0x0000000787c00000, 0x0000000787c00000| Untracked 
|1568|0x0000000788000000, 0x0000000788000000, 0x0000000788400000|  0%| F|  |TAMS 0x0000000788000000, 0x0000000788000000| Untracked 
|1569|0x0000000788400000, 0x0000000788400000, 0x0000000788800000|  0%| F|  |TAMS 0x0000000788400000, 0x0000000788400000| Untracked 
|1570|0x0000000788800000, 0x00000007888247e8, 0x0000000788c00000|  3%| E|  |TAMS 0x0000000788800000, 0x0000000788800000| Complete 
|1571|0x0000000788c00000, 0x0000000789000000, 0x0000000789000000|100%| E|CS|TAMS 0x0000000788c00000, 0x0000000788c00000| Complete 
|1572|0x0000000789000000, 0x0000000789400000, 0x0000000789400000|100%| E|CS|TAMS 0x0000000789000000, 0x0000000789000000| Complete 
|1573|0x0000000789400000, 0x0000000789800000, 0x0000000789800000|100%| E|  |TAMS 0x0000000789400000, 0x0000000789400000| Complete 
|1574|0x0000000789800000, 0x0000000789c00000, 0x0000000789c00000|100%| E|CS|TAMS 0x0000000789800000, 0x0000000789800000| Complete 
|1575|0x0000000789c00000, 0x000000078a000000, 0x000000078a000000|100%| E|CS|TAMS 0x0000000789c00000, 0x0000000789c00000| Complete 
|1576|0x000000078a000000, 0x000000078a400000, 0x000000078a400000|100%| E|CS|TAMS 0x000000078a000000, 0x000000078a000000| Complete 
|1577|0x000000078a400000, 0x000000078a800000, 0x000000078a800000|100%| E|CS|TAMS 0x000000078a400000, 0x000000078a400000| Complete 
|1578|0x000000078a800000, 0x000000078ac00000, 0x000000078ac00000|100%| E|CS|TAMS 0x000000078a800000, 0x000000078a800000| Complete 
|1579|0x000000078ac00000, 0x000000078b000000, 0x000000078b000000|100%| E|CS|TAMS 0x000000078ac00000, 0x000000078ac00000| Complete 
|1580|0x000000078b000000, 0x000000078b400000, 0x000000078b400000|100%| E|CS|TAMS 0x000000078b000000, 0x000000078b000000| Complete 
|1581|0x000000078b400000, 0x000000078b800000, 0x000000078b800000|100%| E|CS|TAMS 0x000000078b400000, 0x000000078b400000| Complete 
|1582|0x000000078b800000, 0x000000078bc00000, 0x000000078bc00000|100%| E|CS|TAMS 0x000000078b800000, 0x000000078b800000| Complete 
|1583|0x000000078bc00000, 0x000000078c000000, 0x000000078c000000|100%| E|CS|TAMS 0x000000078bc00000, 0x000000078bc00000| Complete 
|1584|0x000000078c000000, 0x000000078c400000, 0x000000078c400000|100%| E|CS|TAMS 0x000000078c000000, 0x000000078c000000| Complete 
|1585|0x000000078c400000, 0x000000078c800000, 0x000000078c800000|100%| E|CS|TAMS 0x000000078c400000, 0x000000078c400000| Complete 
|1586|0x000000078c800000, 0x000000078cc00000, 0x000000078cc00000|100%| E|CS|TAMS 0x000000078c800000, 0x000000078c800000| Complete 
|1587|0x000000078cc00000, 0x000000078d000000, 0x000000078d000000|100%| E|CS|TAMS 0x000000078cc00000, 0x000000078cc00000| Complete 
|1588|0x000000078d000000, 0x000000078d400000, 0x000000078d400000|100%| E|CS|TAMS 0x000000078d000000, 0x000000078d000000| Complete 
|1589|0x000000078d400000, 0x000000078d800000, 0x000000078d800000|100%| E|CS|TAMS 0x000000078d400000, 0x000000078d400000| Complete 
|1590|0x000000078d800000, 0x000000078dc00000, 0x000000078dc00000|100%| E|CS|TAMS 0x000000078d800000, 0x000000078d800000| Complete 
|1591|0x000000078dc00000, 0x000000078e000000, 0x000000078e000000|100%| E|CS|TAMS 0x000000078dc00000, 0x000000078dc00000| Complete 
|1592|0x000000078e000000, 0x000000078e400000, 0x000000078e400000|100%| E|CS|TAMS 0x000000078e000000, 0x000000078e000000| Complete 
|1593|0x000000078e400000, 0x000000078e800000, 0x000000078e800000|100%| E|CS|TAMS 0x000000078e400000, 0x000000078e400000| Complete 
|1594|0x000000078e800000, 0x000000078ec00000, 0x000000078ec00000|100%| E|CS|TAMS 0x000000078e800000, 0x000000078e800000| Complete 
|1595|0x000000078ec00000, 0x000000078f000000, 0x000000078f000000|100%| E|CS|TAMS 0x000000078ec00000, 0x000000078ec00000| Complete 
|1596|0x000000078f000000, 0x000000078f400000, 0x000000078f400000|100%| E|CS|TAMS 0x000000078f000000, 0x000000078f000000| Complete 
|1597|0x000000078f400000, 0x000000078f800000, 0x000000078f800000|100%| E|CS|TAMS 0x000000078f400000, 0x000000078f400000| Complete 
|1598|0x000000078f800000, 0x000000078fc00000, 0x000000078fc00000|100%| E|CS|TAMS 0x000000078f800000, 0x000000078f800000| Complete 
|1599|0x000000078fc00000, 0x0000000790000000, 0x0000000790000000|100%| E|CS|TAMS 0x000000078fc00000, 0x000000078fc00000| Complete 
|1600|0x0000000790000000, 0x0000000790400000, 0x0000000790400000|100%| E|CS|TAMS 0x0000000790000000, 0x0000000790000000| Complete 
|1601|0x0000000790400000, 0x0000000790800000, 0x0000000790800000|100%| E|CS|TAMS 0x0000000790400000, 0x0000000790400000| Complete 
|1602|0x0000000790800000, 0x0000000790c00000, 0x0000000790c00000|100%| E|CS|TAMS 0x0000000790800000, 0x0000000790800000| Complete 
|1603|0x0000000790c00000, 0x0000000791000000, 0x0000000791000000|100%| E|CS|TAMS 0x0000000790c00000, 0x0000000790c00000| Complete 
|1604|0x0000000791000000, 0x0000000791400000, 0x0000000791400000|100%| E|CS|TAMS 0x0000000791000000, 0x0000000791000000| Complete 
|1605|0x0000000791400000, 0x0000000791800000, 0x0000000791800000|100%| E|CS|TAMS 0x0000000791400000, 0x0000000791400000| Complete 
|1606|0x0000000791800000, 0x0000000791c00000, 0x0000000791c00000|100%| E|CS|TAMS 0x0000000791800000, 0x0000000791800000| Complete 
|1607|0x0000000791c00000, 0x0000000792000000, 0x0000000792000000|100%| E|CS|TAMS 0x0000000791c00000, 0x0000000791c00000| Complete 
|1608|0x0000000792000000, 0x0000000792400000, 0x0000000792400000|100%| E|CS|TAMS 0x0000000792000000, 0x0000000792000000| Complete 
|1609|0x0000000792400000, 0x0000000792800000, 0x0000000792800000|100%| E|CS|TAMS 0x0000000792400000, 0x0000000792400000| Complete 
|1610|0x0000000792800000, 0x0000000792c00000, 0x0000000792c00000|100%| E|CS|TAMS 0x0000000792800000, 0x0000000792800000| Complete 
|1611|0x0000000792c00000, 0x0000000793000000, 0x0000000793000000|100%| E|CS|TAMS 0x0000000792c00000, 0x0000000792c00000| Complete 
|1612|0x0000000793000000, 0x0000000793400000, 0x0000000793400000|100%| E|CS|TAMS 0x0000000793000000, 0x0000000793000000| Complete 
|1613|0x0000000793400000, 0x0000000793800000, 0x0000000793800000|100%| E|CS|TAMS 0x0000000793400000, 0x0000000793400000| Complete 
|1614|0x0000000793800000, 0x0000000793c00000, 0x0000000793c00000|100%| E|CS|TAMS 0x0000000793800000, 0x0000000793800000| Complete 
|1615|0x0000000793c00000, 0x0000000794000000, 0x0000000794000000|100%| E|CS|TAMS 0x0000000793c00000, 0x0000000793c00000| Complete 
|1616|0x0000000794000000, 0x0000000794400000, 0x0000000794400000|100%| E|CS|TAMS 0x0000000794000000, 0x0000000794000000| Complete 
|1617|0x0000000794400000, 0x0000000794800000, 0x0000000794800000|100%| E|CS|TAMS 0x0000000794400000, 0x0000000794400000| Complete 
|1618|0x0000000794800000, 0x0000000794c00000, 0x0000000794c00000|100%| E|CS|TAMS 0x0000000794800000, 0x0000000794800000| Complete 
|1619|0x0000000794c00000, 0x0000000795000000, 0x0000000795000000|100%| E|CS|TAMS 0x0000000794c00000, 0x0000000794c00000| Complete 
|1620|0x0000000795000000, 0x0000000795400000, 0x0000000795400000|100%| E|CS|TAMS 0x0000000795000000, 0x0000000795000000| Complete 
|1621|0x0000000795400000, 0x0000000795800000, 0x0000000795800000|100%| E|CS|TAMS 0x0000000795400000, 0x0000000795400000| Complete 
|1622|0x0000000795800000, 0x0000000795c00000, 0x0000000795c00000|100%| E|CS|TAMS 0x0000000795800000, 0x0000000795800000| Complete 
|1623|0x0000000795c00000, 0x0000000796000000, 0x0000000796000000|100%| E|CS|TAMS 0x0000000795c00000, 0x0000000795c00000| Complete 
|1624|0x0000000796000000, 0x0000000796400000, 0x0000000796400000|100%| E|CS|TAMS 0x0000000796000000, 0x0000000796000000| Complete 
|1625|0x0000000796400000, 0x0000000796800000, 0x0000000796800000|100%| E|CS|TAMS 0x0000000796400000, 0x0000000796400000| Complete 
|1626|0x0000000796800000, 0x0000000796c00000, 0x0000000796c00000|100%| E|CS|TAMS 0x0000000796800000, 0x0000000796800000| Complete 
|1627|0x0000000796c00000, 0x0000000797000000, 0x0000000797000000|100%| E|CS|TAMS 0x0000000796c00000, 0x0000000796c00000| Complete 
|1628|0x0000000797000000, 0x0000000797400000, 0x0000000797400000|100%| E|CS|TAMS 0x0000000797000000, 0x0000000797000000| Complete 
|1629|0x0000000797400000, 0x0000000797800000, 0x0000000797800000|100%| E|CS|TAMS 0x0000000797400000, 0x0000000797400000| Complete 
|1630|0x0000000797800000, 0x0000000797c00000, 0x0000000797c00000|100%| E|CS|TAMS 0x0000000797800000, 0x0000000797800000| Complete 
|1631|0x0000000797c00000, 0x0000000798000000, 0x0000000798000000|100%| E|CS|TAMS 0x0000000797c00000, 0x0000000797c00000| Complete 
|1632|0x0000000798000000, 0x0000000798400000, 0x0000000798400000|100%| E|CS|TAMS 0x0000000798000000, 0x0000000798000000| Complete 
|1633|0x0000000798400000, 0x0000000798800000, 0x0000000798800000|100%| E|CS|TAMS 0x0000000798400000, 0x0000000798400000| Complete 
|1634|0x0000000798800000, 0x0000000798c00000, 0x0000000798c00000|100%| E|CS|TAMS 0x0000000798800000, 0x0000000798800000| Complete 
|1635|0x0000000798c00000, 0x0000000799000000, 0x0000000799000000|100%| E|CS|TAMS 0x0000000798c00000, 0x0000000798c00000| Complete 
|1636|0x0000000799000000, 0x0000000799400000, 0x0000000799400000|100%| E|CS|TAMS 0x0000000799000000, 0x0000000799000000| Complete 
|1637|0x0000000799400000, 0x0000000799800000, 0x0000000799800000|100%| E|CS|TAMS 0x0000000799400000, 0x0000000799400000| Complete 
|1638|0x0000000799800000, 0x0000000799c00000, 0x0000000799c00000|100%| E|CS|TAMS 0x0000000799800000, 0x0000000799800000| Complete 
|1639|0x0000000799c00000, 0x000000079a000000, 0x000000079a000000|100%| E|CS|TAMS 0x0000000799c00000, 0x0000000799c00000| Complete 
|1640|0x000000079a000000, 0x000000079a400000, 0x000000079a400000|100%| E|CS|TAMS 0x000000079a000000, 0x000000079a000000| Complete 
|1641|0x000000079a400000, 0x000000079a800000, 0x000000079a800000|100%| E|CS|TAMS 0x000000079a400000, 0x000000079a400000| Complete 
|1642|0x000000079a800000, 0x000000079ac00000, 0x000000079ac00000|100%| E|CS|TAMS 0x000000079a800000, 0x000000079a800000| Complete 
|1643|0x000000079ac00000, 0x000000079b000000, 0x000000079b000000|100%| E|CS|TAMS 0x000000079ac00000, 0x000000079ac00000| Complete 
|1644|0x000000079b000000, 0x000000079b400000, 0x000000079b400000|100%| E|CS|TAMS 0x000000079b000000, 0x000000079b000000| Complete 
|1645|0x000000079b400000, 0x000000079b800000, 0x000000079b800000|100%| E|CS|TAMS 0x000000079b400000, 0x000000079b400000| Complete 
|1646|0x000000079b800000, 0x000000079bc00000, 0x000000079bc00000|100%| E|CS|TAMS 0x000000079b800000, 0x000000079b800000| Complete 
|1647|0x000000079bc00000, 0x000000079c000000, 0x000000079c000000|100%| E|CS|TAMS 0x000000079bc00000, 0x000000079bc00000| Complete 
|1648|0x000000079c000000, 0x000000079c400000, 0x000000079c400000|100%| E|CS|TAMS 0x000000079c000000, 0x000000079c000000| Complete 
|1649|0x000000079c400000, 0x000000079c800000, 0x000000079c800000|100%| E|CS|TAMS 0x000000079c400000, 0x000000079c400000| Complete 
|1650|0x000000079c800000, 0x000000079cc00000, 0x000000079cc00000|100%| E|CS|TAMS 0x000000079c800000, 0x000000079c800000| Complete 
|1651|0x000000079cc00000, 0x000000079d000000, 0x000000079d000000|100%| E|CS|TAMS 0x000000079cc00000, 0x000000079cc00000| Complete 
|1652|0x000000079d000000, 0x000000079d400000, 0x000000079d400000|100%| E|CS|TAMS 0x000000079d000000, 0x000000079d000000| Complete 
|1653|0x000000079d400000, 0x000000079d800000, 0x000000079d800000|100%| E|CS|TAMS 0x000000079d400000, 0x000000079d400000| Complete 
|1654|0x000000079d800000, 0x000000079dc00000, 0x000000079dc00000|100%| E|CS|TAMS 0x000000079d800000, 0x000000079d800000| Complete 
|1655|0x000000079dc00000, 0x000000079e000000, 0x000000079e000000|100%| E|CS|TAMS 0x000000079dc00000, 0x000000079dc00000| Complete 
|1656|0x000000079e000000, 0x000000079e400000, 0x000000079e400000|100%| E|CS|TAMS 0x000000079e000000, 0x000000079e000000| Complete 
|1657|0x000000079e400000, 0x000000079e800000, 0x000000079e800000|100%| E|CS|TAMS 0x000000079e400000, 0x000000079e400000| Complete 
|1658|0x000000079e800000, 0x000000079ec00000, 0x000000079ec00000|100%| E|CS|TAMS 0x000000079e800000, 0x000000079e800000| Complete 
|1659|0x000000079ec00000, 0x000000079f000000, 0x000000079f000000|100%| E|CS|TAMS 0x000000079ec00000, 0x000000079ec00000| Complete 
|1660|0x000000079f000000, 0x000000079f400000, 0x000000079f400000|100%| E|CS|TAMS 0x000000079f000000, 0x000000079f000000| Complete 
|1661|0x000000079f400000, 0x000000079f800000, 0x000000079f800000|100%| E|CS|TAMS 0x000000079f400000, 0x000000079f400000| Complete 
|1662|0x000000079f800000, 0x000000079fc00000, 0x000000079fc00000|100%| E|CS|TAMS 0x000000079f800000, 0x000000079f800000| Complete 
|1663|0x000000079fc00000, 0x00000007a0000000, 0x00000007a0000000|100%| E|CS|TAMS 0x000000079fc00000, 0x000000079fc00000| Complete 
|1664|0x00000007a0000000, 0x00000007a0400000, 0x00000007a0400000|100%| E|CS|TAMS 0x00000007a0000000, 0x00000007a0000000| Complete 
|1665|0x00000007a0400000, 0x00000007a0800000, 0x00000007a0800000|100%| E|CS|TAMS 0x00000007a0400000, 0x00000007a0400000| Complete 
|1666|0x00000007a0800000, 0x00000007a0c00000, 0x00000007a0c00000|100%| E|CS|TAMS 0x00000007a0800000, 0x00000007a0800000| Complete 
|1667|0x00000007a0c00000, 0x00000007a1000000, 0x00000007a1000000|100%| E|CS|TAMS 0x00000007a0c00000, 0x00000007a0c00000| Complete 
|1668|0x00000007a1000000, 0x00000007a1400000, 0x00000007a1400000|100%| E|CS|TAMS 0x00000007a1000000, 0x00000007a1000000| Complete 
|1669|0x00000007a1400000, 0x00000007a1800000, 0x00000007a1800000|100%| E|CS|TAMS 0x00000007a1400000, 0x00000007a1400000| Complete 
|1670|0x00000007a1800000, 0x00000007a1c00000, 0x00000007a1c00000|100%| E|CS|TAMS 0x00000007a1800000, 0x00000007a1800000| Complete 
|1671|0x00000007a1c00000, 0x00000007a2000000, 0x00000007a2000000|100%| E|CS|TAMS 0x00000007a1c00000, 0x00000007a1c00000| Complete 
|1672|0x00000007a2000000, 0x00000007a2400000, 0x00000007a2400000|100%| E|CS|TAMS 0x00000007a2000000, 0x00000007a2000000| Complete 
|1673|0x00000007a2400000, 0x00000007a2800000, 0x00000007a2800000|100%| E|CS|TAMS 0x00000007a2400000, 0x00000007a2400000| Complete 
|1674|0x00000007a2800000, 0x00000007a2c00000, 0x00000007a2c00000|100%| E|CS|TAMS 0x00000007a2800000, 0x00000007a2800000| Complete 
|1675|0x00000007a2c00000, 0x00000007a3000000, 0x00000007a3000000|100%| E|CS|TAMS 0x00000007a2c00000, 0x00000007a2c00000| Complete 
|1676|0x00000007a3000000, 0x00000007a3400000, 0x00000007a3400000|100%| E|CS|TAMS 0x00000007a3000000, 0x00000007a3000000| Complete 
|1677|0x00000007a3400000, 0x00000007a3800000, 0x00000007a3800000|100%| E|CS|TAMS 0x00000007a3400000, 0x00000007a3400000| Complete 
|1678|0x00000007a3800000, 0x00000007a3c00000, 0x00000007a3c00000|100%| E|CS|TAMS 0x00000007a3800000, 0x00000007a3800000| Complete 
|1679|0x00000007a3c00000, 0x00000007a4000000, 0x00000007a4000000|100%| E|CS|TAMS 0x00000007a3c00000, 0x00000007a3c00000| Complete 
|1680|0x00000007a4000000, 0x00000007a4400000, 0x00000007a4400000|100%| E|CS|TAMS 0x00000007a4000000, 0x00000007a4000000| Complete 
|1681|0x00000007a4400000, 0x00000007a4800000, 0x00000007a4800000|100%| E|CS|TAMS 0x00000007a4400000, 0x00000007a4400000| Complete 
|1682|0x00000007a4800000, 0x00000007a4c00000, 0x00000007a4c00000|100%| E|CS|TAMS 0x00000007a4800000, 0x00000007a4800000| Complete 
|1683|0x00000007a4c00000, 0x00000007a5000000, 0x00000007a5000000|100%| E|CS|TAMS 0x00000007a4c00000, 0x00000007a4c00000| Complete 
|1684|0x00000007a5000000, 0x00000007a5400000, 0x00000007a5400000|100%| E|CS|TAMS 0x00000007a5000000, 0x00000007a5000000| Complete 
|1685|0x00000007a5400000, 0x00000007a5800000, 0x00000007a5800000|100%| E|CS|TAMS 0x00000007a5400000, 0x00000007a5400000| Complete 
|1686|0x00000007a5800000, 0x00000007a5c00000, 0x00000007a5c00000|100%| E|CS|TAMS 0x00000007a5800000, 0x00000007a5800000| Complete 
|1687|0x00000007a5c00000, 0x00000007a6000000, 0x00000007a6000000|100%| E|CS|TAMS 0x00000007a5c00000, 0x00000007a5c00000| Complete 
|1688|0x00000007a6000000, 0x00000007a6400000, 0x00000007a6400000|100%| E|CS|TAMS 0x00000007a6000000, 0x00000007a6000000| Complete 
|1689|0x00000007a6400000, 0x00000007a6800000, 0x00000007a6800000|100%| E|CS|TAMS 0x00000007a6400000, 0x00000007a6400000| Complete 
|1690|0x00000007a6800000, 0x00000007a6c00000, 0x00000007a6c00000|100%| E|CS|TAMS 0x00000007a6800000, 0x00000007a6800000| Complete 
|1691|0x00000007a6c00000, 0x00000007a7000000, 0x00000007a7000000|100%| E|CS|TAMS 0x00000007a6c00000, 0x00000007a6c00000| Complete 
|1692|0x00000007a7000000, 0x00000007a7400000, 0x00000007a7400000|100%| E|CS|TAMS 0x00000007a7000000, 0x00000007a7000000| Complete 
|1693|0x00000007a7400000, 0x00000007a7800000, 0x00000007a7800000|100%| E|CS|TAMS 0x00000007a7400000, 0x00000007a7400000| Complete 
|1694|0x00000007a7800000, 0x00000007a7c00000, 0x00000007a7c00000|100%| E|CS|TAMS 0x00000007a7800000, 0x00000007a7800000| Complete 
|1695|0x00000007a7c00000, 0x00000007a8000000, 0x00000007a8000000|100%| E|CS|TAMS 0x00000007a7c00000, 0x00000007a7c00000| Complete 
|1696|0x00000007a8000000, 0x00000007a8400000, 0x00000007a8400000|100%| E|CS|TAMS 0x00000007a8000000, 0x00000007a8000000| Complete 
|1697|0x00000007a8400000, 0x00000007a8800000, 0x00000007a8800000|100%| E|CS|TAMS 0x00000007a8400000, 0x00000007a8400000| Complete 
|1698|0x00000007a8800000, 0x00000007a8c00000, 0x00000007a8c00000|100%| E|CS|TAMS 0x00000007a8800000, 0x00000007a8800000| Complete 
|1699|0x00000007a8c00000, 0x00000007a9000000, 0x00000007a9000000|100%| E|CS|TAMS 0x00000007a8c00000, 0x00000007a8c00000| Complete 
|1700|0x00000007a9000000, 0x00000007a9400000, 0x00000007a9400000|100%| E|CS|TAMS 0x00000007a9000000, 0x00000007a9000000| Complete 
|1701|0x00000007a9400000, 0x00000007a9800000, 0x00000007a9800000|100%| E|CS|TAMS 0x00000007a9400000, 0x00000007a9400000| Complete 
|1702|0x00000007a9800000, 0x00000007a9c00000, 0x00000007a9c00000|100%| E|CS|TAMS 0x00000007a9800000, 0x00000007a9800000| Complete 
|1703|0x00000007a9c00000, 0x00000007aa000000, 0x00000007aa000000|100%| E|CS|TAMS 0x00000007a9c00000, 0x00000007a9c00000| Complete 
|1704|0x00000007aa000000, 0x00000007aa400000, 0x00000007aa400000|100%| E|CS|TAMS 0x00000007aa000000, 0x00000007aa000000| Complete 
|1705|0x00000007aa400000, 0x00000007aa800000, 0x00000007aa800000|100%| E|CS|TAMS 0x00000007aa400000, 0x00000007aa400000| Complete 
|1706|0x00000007aa800000, 0x00000007aac00000, 0x00000007aac00000|100%| E|CS|TAMS 0x00000007aa800000, 0x00000007aa800000| Complete 
|1707|0x00000007aac00000, 0x00000007ab000000, 0x00000007ab000000|100%| E|CS|TAMS 0x00000007aac00000, 0x00000007aac00000| Complete 
|1708|0x00000007ab000000, 0x00000007ab400000, 0x00000007ab400000|100%| E|CS|TAMS 0x00000007ab000000, 0x00000007ab000000| Complete 
|1709|0x00000007ab400000, 0x00000007ab800000, 0x00000007ab800000|100%| E|CS|TAMS 0x00000007ab400000, 0x00000007ab400000| Complete 
|1710|0x00000007ab800000, 0x00000007abc00000, 0x00000007abc00000|100%| E|CS|TAMS 0x00000007ab800000, 0x00000007ab800000| Complete 
|1711|0x00000007abc00000, 0x00000007ac000000, 0x00000007ac000000|100%| E|CS|TAMS 0x00000007abc00000, 0x00000007abc00000| Complete 
|1712|0x00000007ac000000, 0x00000007ac400000, 0x00000007ac400000|100%| E|CS|TAMS 0x00000007ac000000, 0x00000007ac000000| Complete 
|1713|0x00000007ac400000, 0x00000007ac800000, 0x00000007ac800000|100%| E|CS|TAMS 0x00000007ac400000, 0x00000007ac400000| Complete 
|1714|0x00000007ac800000, 0x00000007acc00000, 0x00000007acc00000|100%| E|CS|TAMS 0x00000007ac800000, 0x00000007ac800000| Complete 
|1715|0x00000007acc00000, 0x00000007ad000000, 0x00000007ad000000|100%| E|CS|TAMS 0x00000007acc00000, 0x00000007acc00000| Complete 
|1716|0x00000007ad000000, 0x00000007ad400000, 0x00000007ad400000|100%| E|CS|TAMS 0x00000007ad000000, 0x00000007ad000000| Complete 
|1717|0x00000007ad400000, 0x00000007ad800000, 0x00000007ad800000|100%| E|CS|TAMS 0x00000007ad400000, 0x00000007ad400000| Complete 
|1718|0x00000007ad800000, 0x00000007adc00000, 0x00000007adc00000|100%| E|CS|TAMS 0x00000007ad800000, 0x00000007ad800000| Complete 
|1719|0x00000007adc00000, 0x00000007ae000000, 0x00000007ae000000|100%| E|CS|TAMS 0x00000007adc00000, 0x00000007adc00000| Complete 
|1720|0x00000007ae000000, 0x00000007ae400000, 0x00000007ae400000|100%| E|CS|TAMS 0x00000007ae000000, 0x00000007ae000000| Complete 
|1721|0x00000007ae400000, 0x00000007ae800000, 0x00000007ae800000|100%| E|CS|TAMS 0x00000007ae400000, 0x00000007ae400000| Complete 
|1722|0x00000007ae800000, 0x00000007aec00000, 0x00000007aec00000|100%| E|CS|TAMS 0x00000007ae800000, 0x00000007ae800000| Complete 
|1723|0x00000007aec00000, 0x00000007af000000, 0x00000007af000000|100%| E|CS|TAMS 0x00000007aec00000, 0x00000007aec00000| Complete 
|1724|0x00000007af000000, 0x00000007af400000, 0x00000007af400000|100%| E|CS|TAMS 0x00000007af000000, 0x00000007af000000| Complete 
|1725|0x00000007af400000, 0x00000007af800000, 0x00000007af800000|100%| E|CS|TAMS 0x00000007af400000, 0x00000007af400000| Complete 
|1726|0x00000007af800000, 0x00000007afc00000, 0x00000007afc00000|100%| E|CS|TAMS 0x00000007af800000, 0x00000007af800000| Complete 
|1727|0x00000007afc00000, 0x00000007b0000000, 0x00000007b0000000|100%| E|CS|TAMS 0x00000007afc00000, 0x00000007afc00000| Complete 
|1728|0x00000007b0000000, 0x00000007b0400000, 0x00000007b0400000|100%| E|CS|TAMS 0x00000007b0000000, 0x00000007b0000000| Complete 
|1729|0x00000007b0400000, 0x00000007b0800000, 0x00000007b0800000|100%| E|CS|TAMS 0x00000007b0400000, 0x00000007b0400000| Complete 
|1730|0x00000007b0800000, 0x00000007b0c00000, 0x00000007b0c00000|100%| E|CS|TAMS 0x00000007b0800000, 0x00000007b0800000| Complete 
|1731|0x00000007b0c00000, 0x00000007b1000000, 0x00000007b1000000|100%| E|CS|TAMS 0x00000007b0c00000, 0x00000007b0c00000| Complete 
|1732|0x00000007b1000000, 0x00000007b1400000, 0x00000007b1400000|100%| E|CS|TAMS 0x00000007b1000000, 0x00000007b1000000| Complete 
|1733|0x00000007b1400000, 0x00000007b1800000, 0x00000007b1800000|100%| E|CS|TAMS 0x00000007b1400000, 0x00000007b1400000| Complete 
|1734|0x00000007b1800000, 0x00000007b1c00000, 0x00000007b1c00000|100%| E|CS|TAMS 0x00000007b1800000, 0x00000007b1800000| Complete 
|1735|0x00000007b1c00000, 0x00000007b2000000, 0x00000007b2000000|100%| E|CS|TAMS 0x00000007b1c00000, 0x00000007b1c00000| Complete 
|1736|0x00000007b2000000, 0x00000007b2400000, 0x00000007b2400000|100%| E|CS|TAMS 0x00000007b2000000, 0x00000007b2000000| Complete 
|1737|0x00000007b2400000, 0x00000007b2800000, 0x00000007b2800000|100%| E|CS|TAMS 0x00000007b2400000, 0x00000007b2400000| Complete 
|1738|0x00000007b2800000, 0x00000007b2c00000, 0x00000007b2c00000|100%| E|CS|TAMS 0x00000007b2800000, 0x00000007b2800000| Complete 
|1739|0x00000007b2c00000, 0x00000007b3000000, 0x00000007b3000000|100%| E|CS|TAMS 0x00000007b2c00000, 0x00000007b2c00000| Complete 
|1740|0x00000007b3000000, 0x00000007b3400000, 0x00000007b3400000|100%| E|CS|TAMS 0x00000007b3000000, 0x00000007b3000000| Complete 
|1741|0x00000007b3400000, 0x00000007b3800000, 0x00000007b3800000|100%| E|CS|TAMS 0x00000007b3400000, 0x00000007b3400000| Complete 
|1742|0x00000007b3800000, 0x00000007b3c00000, 0x00000007b3c00000|100%| E|CS|TAMS 0x00000007b3800000, 0x00000007b3800000| Complete 
|1743|0x00000007b3c00000, 0x00000007b4000000, 0x00000007b4000000|100%| E|CS|TAMS 0x00000007b3c00000, 0x00000007b3c00000| Complete 
|1744|0x00000007b4000000, 0x00000007b4400000, 0x00000007b4400000|100%| E|CS|TAMS 0x00000007b4000000, 0x00000007b4000000| Complete 
|1745|0x00000007b4400000, 0x00000007b4800000, 0x00000007b4800000|100%| E|CS|TAMS 0x00000007b4400000, 0x00000007b4400000| Complete 
|1746|0x00000007b4800000, 0x00000007b4c00000, 0x00000007b4c00000|100%| E|CS|TAMS 0x00000007b4800000, 0x00000007b4800000| Complete 
|1747|0x00000007b4c00000, 0x00000007b5000000, 0x00000007b5000000|100%| E|CS|TAMS 0x00000007b4c00000, 0x00000007b4c00000| Complete 
|1748|0x00000007b5000000, 0x00000007b5400000, 0x00000007b5400000|100%| E|CS|TAMS 0x00000007b5000000, 0x00000007b5000000| Complete 
|1749|0x00000007b5400000, 0x00000007b5800000, 0x00000007b5800000|100%| E|CS|TAMS 0x00000007b5400000, 0x00000007b5400000| Complete 
|1750|0x00000007b5800000, 0x00000007b5c00000, 0x00000007b5c00000|100%| E|CS|TAMS 0x00000007b5800000, 0x00000007b5800000| Complete 
|1751|0x00000007b5c00000, 0x00000007b6000000, 0x00000007b6000000|100%| E|CS|TAMS 0x00000007b5c00000, 0x00000007b5c00000| Complete 
|1752|0x00000007b6000000, 0x00000007b6400000, 0x00000007b6400000|100%| E|CS|TAMS 0x00000007b6000000, 0x00000007b6000000| Complete 
|1753|0x00000007b6400000, 0x00000007b6800000, 0x00000007b6800000|100%| E|CS|TAMS 0x00000007b6400000, 0x00000007b6400000| Complete 
|1754|0x00000007b6800000, 0x00000007b6c00000, 0x00000007b6c00000|100%| E|CS|TAMS 0x00000007b6800000, 0x00000007b6800000| Complete 
|1755|0x00000007b6c00000, 0x00000007b7000000, 0x00000007b7000000|100%| E|CS|TAMS 0x00000007b6c00000, 0x00000007b6c00000| Complete 
|1756|0x00000007b7000000, 0x00000007b7400000, 0x00000007b7400000|100%| E|CS|TAMS 0x00000007b7000000, 0x00000007b7000000| Complete 
|1757|0x00000007b7400000, 0x00000007b7800000, 0x00000007b7800000|100%| E|CS|TAMS 0x00000007b7400000, 0x00000007b7400000| Complete 
|1758|0x00000007b7800000, 0x00000007b7c00000, 0x00000007b7c00000|100%| E|CS|TAMS 0x00000007b7800000, 0x00000007b7800000| Complete 
|1759|0x00000007b7c00000, 0x00000007b8000000, 0x00000007b8000000|100%| E|CS|TAMS 0x00000007b7c00000, 0x00000007b7c00000| Complete 
|1760|0x00000007b8000000, 0x00000007b8400000, 0x00000007b8400000|100%| E|CS|TAMS 0x00000007b8000000, 0x00000007b8000000| Complete 
|1761|0x00000007b8400000, 0x00000007b8800000, 0x00000007b8800000|100%| E|CS|TAMS 0x00000007b8400000, 0x00000007b8400000| Complete 
|1762|0x00000007b8800000, 0x00000007b8c00000, 0x00000007b8c00000|100%| E|CS|TAMS 0x00000007b8800000, 0x00000007b8800000| Complete 
|1763|0x00000007b8c00000, 0x00000007b9000000, 0x00000007b9000000|100%| E|CS|TAMS 0x00000007b8c00000, 0x00000007b8c00000| Complete 
|1764|0x00000007b9000000, 0x00000007b9400000, 0x00000007b9400000|100%| E|CS|TAMS 0x00000007b9000000, 0x00000007b9000000| Complete 
|1765|0x00000007b9400000, 0x00000007b9800000, 0x00000007b9800000|100%| E|CS|TAMS 0x00000007b9400000, 0x00000007b9400000| Complete 
|1766|0x00000007b9800000, 0x00000007b9c00000, 0x00000007b9c00000|100%| E|CS|TAMS 0x00000007b9800000, 0x00000007b9800000| Complete 
|1767|0x00000007b9c00000, 0x00000007ba000000, 0x00000007ba000000|100%| E|CS|TAMS 0x00000007b9c00000, 0x00000007b9c00000| Complete 
|1768|0x00000007ba000000, 0x00000007ba400000, 0x00000007ba400000|100%| E|CS|TAMS 0x00000007ba000000, 0x00000007ba000000| Complete 
|1769|0x00000007ba400000, 0x00000007ba800000, 0x00000007ba800000|100%| E|CS|TAMS 0x00000007ba400000, 0x00000007ba400000| Complete 
|1770|0x00000007ba800000, 0x00000007bac00000, 0x00000007bac00000|100%| E|CS|TAMS 0x00000007ba800000, 0x00000007ba800000| Complete 
|1771|0x00000007bac00000, 0x00000007bb000000, 0x00000007bb000000|100%| E|CS|TAMS 0x00000007bac00000, 0x00000007bac00000| Complete 
|1772|0x00000007bb000000, 0x00000007bb400000, 0x00000007bb400000|100%| E|CS|TAMS 0x00000007bb000000, 0x00000007bb000000| Complete 
|1773|0x00000007bb400000, 0x00000007bb800000, 0x00000007bb800000|100%| E|CS|TAMS 0x00000007bb400000, 0x00000007bb400000| Complete 
|1774|0x00000007bb800000, 0x00000007bbc00000, 0x00000007bbc00000|100%| E|CS|TAMS 0x00000007bb800000, 0x00000007bb800000| Complete 
|1775|0x00000007bbc00000, 0x00000007bc000000, 0x00000007bc000000|100%| E|CS|TAMS 0x00000007bbc00000, 0x00000007bbc00000| Complete 
|1776|0x00000007bc000000, 0x00000007bc400000, 0x00000007bc400000|100%| E|CS|TAMS 0x00000007bc000000, 0x00000007bc000000| Complete 
|1777|0x00000007bc400000, 0x00000007bc800000, 0x00000007bc800000|100%| E|CS|TAMS 0x00000007bc400000, 0x00000007bc400000| Complete 
|1778|0x00000007bc800000, 0x00000007bcc00000, 0x00000007bcc00000|100%| E|CS|TAMS 0x00000007bc800000, 0x00000007bc800000| Complete 
|1779|0x00000007bcc00000, 0x00000007bd000000, 0x00000007bd000000|100%| E|CS|TAMS 0x00000007bcc00000, 0x00000007bcc00000| Complete 
|1780|0x00000007bd000000, 0x00000007bd400000, 0x00000007bd400000|100%| E|CS|TAMS 0x00000007bd000000, 0x00000007bd000000| Complete 
|1781|0x00000007bd400000, 0x00000007bd800000, 0x00000007bd800000|100%| E|CS|TAMS 0x00000007bd400000, 0x00000007bd400000| Complete 
|1782|0x00000007bd800000, 0x00000007bdc00000, 0x00000007bdc00000|100%| E|CS|TAMS 0x00000007bd800000, 0x00000007bd800000| Complete 
|1783|0x00000007bdc00000, 0x00000007be000000, 0x00000007be000000|100%| E|CS|TAMS 0x00000007bdc00000, 0x00000007bdc00000| Complete 
|1784|0x00000007be000000, 0x00000007be400000, 0x00000007be400000|100%| E|CS|TAMS 0x00000007be000000, 0x00000007be000000| Complete 
|1785|0x00000007be400000, 0x00000007be800000, 0x00000007be800000|100%| E|CS|TAMS 0x00000007be400000, 0x00000007be400000| Complete 
|1786|0x00000007be800000, 0x00000007bec00000, 0x00000007bec00000|100%| E|CS|TAMS 0x00000007be800000, 0x00000007be800000| Complete 
|1787|0x00000007bec00000, 0x00000007bf000000, 0x00000007bf000000|100%| E|CS|TAMS 0x00000007bec00000, 0x00000007bec00000| Complete 
|1788|0x00000007bf000000, 0x00000007bf400000, 0x00000007bf400000|100%| E|CS|TAMS 0x00000007bf000000, 0x00000007bf000000| Complete 
|1789|0x00000007bf400000, 0x00000007bf800000, 0x00000007bf800000|100%| E|CS|TAMS 0x00000007bf400000, 0x00000007bf400000| Complete 
|1790|0x00000007bf800000, 0x00000007bfc00000, 0x00000007bfc00000|100%| E|CS|TAMS 0x00000007bf800000, 0x00000007bf800000| Complete 
|1791|0x00000007bfc00000, 0x00000007c0000000, 0x00000007c0000000|100%| E|CS|TAMS 0x00000007bfc00000, 0x00000007bfc00000| Complete 
|1792|0x00000007c0000000, 0x00000007c0400000, 0x00000007c0400000|100%| E|CS|TAMS 0x00000007c0000000, 0x00000007c0000000| Complete 
|1793|0x00000007c0400000, 0x00000007c0800000, 0x00000007c0800000|100%| E|CS|TAMS 0x00000007c0400000, 0x00000007c0400000| Complete 
|1794|0x00000007c0800000, 0x00000007c0c00000, 0x00000007c0c00000|100%| E|CS|TAMS 0x00000007c0800000, 0x00000007c0800000| Complete 
|1795|0x00000007c0c00000, 0x00000007c1000000, 0x00000007c1000000|100%| E|CS|TAMS 0x00000007c0c00000, 0x00000007c0c00000| Complete 
|1796|0x00000007c1000000, 0x00000007c1400000, 0x00000007c1400000|100%| E|CS|TAMS 0x00000007c1000000, 0x00000007c1000000| Complete 
|1797|0x00000007c1400000, 0x00000007c1800000, 0x00000007c1800000|100%| E|CS|TAMS 0x00000007c1400000, 0x00000007c1400000| Complete 
|1798|0x00000007c1800000, 0x00000007c1c00000, 0x00000007c1c00000|100%| E|CS|TAMS 0x00000007c1800000, 0x00000007c1800000| Complete 
|1799|0x00000007c1c00000, 0x00000007c2000000, 0x00000007c2000000|100%| E|CS|TAMS 0x00000007c1c00000, 0x00000007c1c00000| Complete 
|1800|0x00000007c2000000, 0x00000007c2400000, 0x00000007c2400000|100%| E|CS|TAMS 0x00000007c2000000, 0x00000007c2000000| Complete 
|1801|0x00000007c2400000, 0x00000007c2800000, 0x00000007c2800000|100%| E|CS|TAMS 0x00000007c2400000, 0x00000007c2400000| Complete 
|1802|0x00000007c2800000, 0x00000007c2c00000, 0x00000007c2c00000|100%| E|CS|TAMS 0x00000007c2800000, 0x00000007c2800000| Complete 
|1803|0x00000007c2c00000, 0x00000007c3000000, 0x00000007c3000000|100%| E|CS|TAMS 0x00000007c2c00000, 0x00000007c2c00000| Complete 
|1804|0x00000007c3000000, 0x00000007c3400000, 0x00000007c3400000|100%| E|CS|TAMS 0x00000007c3000000, 0x00000007c3000000| Complete 
|1805|0x00000007c3400000, 0x00000007c3800000, 0x00000007c3800000|100%| E|CS|TAMS 0x00000007c3400000, 0x00000007c3400000| Complete 
|1806|0x00000007c3800000, 0x00000007c3c00000, 0x00000007c3c00000|100%| E|CS|TAMS 0x00000007c3800000, 0x00000007c3800000| Complete 
|1807|0x00000007c3c00000, 0x00000007c4000000, 0x00000007c4000000|100%| E|CS|TAMS 0x00000007c3c00000, 0x00000007c3c00000| Complete 
|1808|0x00000007c4000000, 0x00000007c4400000, 0x00000007c4400000|100%| E|CS|TAMS 0x00000007c4000000, 0x00000007c4000000| Complete 
|1809|0x00000007c4400000, 0x00000007c4800000, 0x00000007c4800000|100%| E|CS|TAMS 0x00000007c4400000, 0x00000007c4400000| Complete 
|1810|0x00000007c4800000, 0x00000007c4c00000, 0x00000007c4c00000|100%| E|CS|TAMS 0x00000007c4800000, 0x00000007c4800000| Complete 
|1811|0x00000007c4c00000, 0x00000007c5000000, 0x00000007c5000000|100%| E|CS|TAMS 0x00000007c4c00000, 0x00000007c4c00000| Complete 
|1812|0x00000007c5000000, 0x00000007c5400000, 0x00000007c5400000|100%| E|CS|TAMS 0x00000007c5000000, 0x00000007c5000000| Complete 
|1813|0x00000007c5400000, 0x00000007c5800000, 0x00000007c5800000|100%| E|CS|TAMS 0x00000007c5400000, 0x00000007c5400000| Complete 
|1814|0x00000007c5800000, 0x00000007c5c00000, 0x00000007c5c00000|100%| E|CS|TAMS 0x00000007c5800000, 0x00000007c5800000| Complete 
|1815|0x00000007c5c00000, 0x00000007c6000000, 0x00000007c6000000|100%| E|CS|TAMS 0x00000007c5c00000, 0x00000007c5c00000| Complete 
|1816|0x00000007c6000000, 0x00000007c6400000, 0x00000007c6400000|100%| E|CS|TAMS 0x00000007c6000000, 0x00000007c6000000| Complete 
|1817|0x00000007c6400000, 0x00000007c6800000, 0x00000007c6800000|100%| E|CS|TAMS 0x00000007c6400000, 0x00000007c6400000| Complete 
|1818|0x00000007c6800000, 0x00000007c6c00000, 0x00000007c6c00000|100%| E|CS|TAMS 0x00000007c6800000, 0x00000007c6800000| Complete 
|1819|0x00000007c6c00000, 0x00000007c7000000, 0x00000007c7000000|100%| E|CS|TAMS 0x00000007c6c00000, 0x00000007c6c00000| Complete 
|1820|0x00000007c7000000, 0x00000007c7400000, 0x00000007c7400000|100%| E|CS|TAMS 0x00000007c7000000, 0x00000007c7000000| Complete 
|1821|0x00000007c7400000, 0x00000007c7800000, 0x00000007c7800000|100%| E|CS|TAMS 0x00000007c7400000, 0x00000007c7400000| Complete 
|1822|0x00000007c7800000, 0x00000007c7c00000, 0x00000007c7c00000|100%| E|CS|TAMS 0x00000007c7800000, 0x00000007c7800000| Complete 
|1823|0x00000007c7c00000, 0x00000007c8000000, 0x00000007c8000000|100%| E|CS|TAMS 0x00000007c7c00000, 0x00000007c7c00000| Complete 
|1824|0x00000007c8000000, 0x00000007c8400000, 0x00000007c8400000|100%| E|CS|TAMS 0x00000007c8000000, 0x00000007c8000000| Complete 
|1825|0x00000007c8400000, 0x00000007c8800000, 0x00000007c8800000|100%| E|CS|TAMS 0x00000007c8400000, 0x00000007c8400000| Complete 
|1826|0x00000007c8800000, 0x00000007c8c00000, 0x00000007c8c00000|100%| E|CS|TAMS 0x00000007c8800000, 0x00000007c8800000| Complete 
|1827|0x00000007c8c00000, 0x00000007c9000000, 0x00000007c9000000|100%| E|CS|TAMS 0x00000007c8c00000, 0x00000007c8c00000| Complete 
|1828|0x00000007c9000000, 0x00000007c9400000, 0x00000007c9400000|100%| E|CS|TAMS 0x00000007c9000000, 0x00000007c9000000| Complete 
|1829|0x00000007c9400000, 0x00000007c9800000, 0x00000007c9800000|100%| E|CS|TAMS 0x00000007c9400000, 0x00000007c9400000| Complete 
|1830|0x00000007c9800000, 0x00000007c9c00000, 0x00000007c9c00000|100%| E|CS|TAMS 0x00000007c9800000, 0x00000007c9800000| Complete 
|1831|0x00000007c9c00000, 0x00000007ca000000, 0x00000007ca000000|100%| E|CS|TAMS 0x00000007c9c00000, 0x00000007c9c00000| Complete 
|1832|0x00000007ca000000, 0x00000007ca400000, 0x00000007ca400000|100%| E|CS|TAMS 0x00000007ca000000, 0x00000007ca000000| Complete 
|1833|0x00000007ca400000, 0x00000007ca800000, 0x00000007ca800000|100%| E|CS|TAMS 0x00000007ca400000, 0x00000007ca400000| Complete 
|1834|0x00000007ca800000, 0x00000007cac00000, 0x00000007cac00000|100%| E|CS|TAMS 0x00000007ca800000, 0x00000007ca800000| Complete 
|1835|0x00000007cac00000, 0x00000007cb000000, 0x00000007cb000000|100%| E|CS|TAMS 0x00000007cac00000, 0x00000007cac00000| Complete 
|1836|0x00000007cb000000, 0x00000007cb400000, 0x00000007cb400000|100%| E|CS|TAMS 0x00000007cb000000, 0x00000007cb000000| Complete 
|1837|0x00000007cb400000, 0x00000007cb800000, 0x00000007cb800000|100%| E|CS|TAMS 0x00000007cb400000, 0x00000007cb400000| Complete 
|1838|0x00000007cb800000, 0x00000007cbc00000, 0x00000007cbc00000|100%| E|CS|TAMS 0x00000007cb800000, 0x00000007cb800000| Complete 
|1839|0x00000007cbc00000, 0x00000007cc000000, 0x00000007cc000000|100%| E|CS|TAMS 0x00000007cbc00000, 0x00000007cbc00000| Complete 
|1840|0x00000007cc000000, 0x00000007cc400000, 0x00000007cc400000|100%| E|CS|TAMS 0x00000007cc000000, 0x00000007cc000000| Complete 
|1841|0x00000007cc400000, 0x00000007cc800000, 0x00000007cc800000|100%| E|CS|TAMS 0x00000007cc400000, 0x00000007cc400000| Complete 
|1842|0x00000007cc800000, 0x00000007ccc00000, 0x00000007ccc00000|100%| E|CS|TAMS 0x00000007cc800000, 0x00000007cc800000| Complete 
|1843|0x00000007ccc00000, 0x00000007cd000000, 0x00000007cd000000|100%| E|CS|TAMS 0x00000007ccc00000, 0x00000007ccc00000| Complete 
|1844|0x00000007cd000000, 0x00000007cd400000, 0x00000007cd400000|100%| E|CS|TAMS 0x00000007cd000000, 0x00000007cd000000| Complete 
|1845|0x00000007cd400000, 0x00000007cd800000, 0x00000007cd800000|100%| E|CS|TAMS 0x00000007cd400000, 0x00000007cd400000| Complete 
|1846|0x00000007cd800000, 0x00000007cdc00000, 0x00000007cdc00000|100%| E|CS|TAMS 0x00000007cd800000, 0x00000007cd800000| Complete 
|1847|0x00000007cdc00000, 0x00000007ce000000, 0x00000007ce000000|100%| E|CS|TAMS 0x00000007cdc00000, 0x00000007cdc00000| Complete 
|1848|0x00000007ce000000, 0x00000007ce400000, 0x00000007ce400000|100%| E|CS|TAMS 0x00000007ce000000, 0x00000007ce000000| Complete 
|1849|0x00000007ce400000, 0x00000007ce800000, 0x00000007ce800000|100%| E|CS|TAMS 0x00000007ce400000, 0x00000007ce400000| Complete 
|1850|0x00000007ce800000, 0x00000007cec00000, 0x00000007cec00000|100%| E|CS|TAMS 0x00000007ce800000, 0x00000007ce800000| Complete 
|1851|0x00000007cec00000, 0x00000007cf000000, 0x00000007cf000000|100%| E|CS|TAMS 0x00000007cec00000, 0x00000007cec00000| Complete 
|1852|0x00000007cf000000, 0x00000007cf400000, 0x00000007cf400000|100%| E|CS|TAMS 0x00000007cf000000, 0x00000007cf000000| Complete 
|1853|0x00000007cf400000, 0x00000007cf800000, 0x00000007cf800000|100%| E|CS|TAMS 0x00000007cf400000, 0x00000007cf400000| Complete 
|1854|0x00000007cf800000, 0x00000007cfc00000, 0x00000007cfc00000|100%| E|CS|TAMS 0x00000007cf800000, 0x00000007cf800000| Complete 
|1855|0x00000007cfc00000, 0x00000007d0000000, 0x00000007d0000000|100%| E|CS|TAMS 0x00000007cfc00000, 0x00000007cfc00000| Complete 
|1856|0x00000007d0000000, 0x00000007d0400000, 0x00000007d0400000|100%| E|CS|TAMS 0x00000007d0000000, 0x00000007d0000000| Complete 
|1857|0x00000007d0400000, 0x00000007d0800000, 0x00000007d0800000|100%| E|CS|TAMS 0x00000007d0400000, 0x00000007d0400000| Complete 
|1858|0x00000007d0800000, 0x00000007d0c00000, 0x00000007d0c00000|100%| E|CS|TAMS 0x00000007d0800000, 0x00000007d0800000| Complete 
|1859|0x00000007d0c00000, 0x00000007d1000000, 0x00000007d1000000|100%| E|CS|TAMS 0x00000007d0c00000, 0x00000007d0c00000| Complete 
|1860|0x00000007d1000000, 0x00000007d1400000, 0x00000007d1400000|100%| E|CS|TAMS 0x00000007d1000000, 0x00000007d1000000| Complete 
|1861|0x00000007d1400000, 0x00000007d1800000, 0x00000007d1800000|100%| E|CS|TAMS 0x00000007d1400000, 0x00000007d1400000| Complete 
|1862|0x00000007d1800000, 0x00000007d1c00000, 0x00000007d1c00000|100%| E|CS|TAMS 0x00000007d1800000, 0x00000007d1800000| Complete 
|1863|0x00000007d1c00000, 0x00000007d2000000, 0x00000007d2000000|100%| E|CS|TAMS 0x00000007d1c00000, 0x00000007d1c00000| Complete 
|1864|0x00000007d2000000, 0x00000007d2400000, 0x00000007d2400000|100%| E|CS|TAMS 0x00000007d2000000, 0x00000007d2000000| Complete 
|1865|0x00000007d2400000, 0x00000007d2800000, 0x00000007d2800000|100%| E|CS|TAMS 0x00000007d2400000, 0x00000007d2400000| Complete 
|1866|0x00000007d2800000, 0x00000007d2c00000, 0x00000007d2c00000|100%| E|CS|TAMS 0x00000007d2800000, 0x00000007d2800000| Complete 
|1867|0x00000007d2c00000, 0x00000007d3000000, 0x00000007d3000000|100%| E|CS|TAMS 0x00000007d2c00000, 0x00000007d2c00000| Complete 
|1868|0x00000007d3000000, 0x00000007d3400000, 0x00000007d3400000|100%| E|CS|TAMS 0x00000007d3000000, 0x00000007d3000000| Complete 
|1869|0x00000007d3400000, 0x00000007d3800000, 0x00000007d3800000|100%| E|CS|TAMS 0x00000007d3400000, 0x00000007d3400000| Complete 
|1870|0x00000007d3800000, 0x00000007d3c00000, 0x00000007d3c00000|100%| E|CS|TAMS 0x00000007d3800000, 0x00000007d3800000| Complete 
|1871|0x00000007d3c00000, 0x00000007d4000000, 0x00000007d4000000|100%| E|CS|TAMS 0x00000007d3c00000, 0x00000007d3c00000| Complete 
|1872|0x00000007d4000000, 0x00000007d4400000, 0x00000007d4400000|100%| E|CS|TAMS 0x00000007d4000000, 0x00000007d4000000| Complete 
|1873|0x00000007d4400000, 0x00000007d4800000, 0x00000007d4800000|100%| E|CS|TAMS 0x00000007d4400000, 0x00000007d4400000| Complete 
|1874|0x00000007d4800000, 0x00000007d4c00000, 0x00000007d4c00000|100%| E|CS|TAMS 0x00000007d4800000, 0x00000007d4800000| Complete 
|1875|0x00000007d4c00000, 0x00000007d5000000, 0x00000007d5000000|100%| E|CS|TAMS 0x00000007d4c00000, 0x00000007d4c00000| Complete 
|1876|0x00000007d5000000, 0x00000007d5400000, 0x00000007d5400000|100%| E|CS|TAMS 0x00000007d5000000, 0x00000007d5000000| Complete 
|1877|0x00000007d5400000, 0x00000007d5800000, 0x00000007d5800000|100%| E|CS|TAMS 0x00000007d5400000, 0x00000007d5400000| Complete 
|1878|0x00000007d5800000, 0x00000007d5c00000, 0x00000007d5c00000|100%| E|CS|TAMS 0x00000007d5800000, 0x00000007d5800000| Complete 
|1879|0x00000007d5c00000, 0x00000007d6000000, 0x00000007d6000000|100%| E|CS|TAMS 0x00000007d5c00000, 0x00000007d5c00000| Complete 
|1880|0x00000007d6000000, 0x00000007d6400000, 0x00000007d6400000|100%| E|CS|TAMS 0x00000007d6000000, 0x00000007d6000000| Complete 
|1881|0x00000007d6400000, 0x00000007d6800000, 0x00000007d6800000|100%| E|CS|TAMS 0x00000007d6400000, 0x00000007d6400000| Complete 
|1882|0x00000007d6800000, 0x00000007d6c00000, 0x00000007d6c00000|100%| E|CS|TAMS 0x00000007d6800000, 0x00000007d6800000| Complete 
|1883|0x00000007d6c00000, 0x00000007d7000000, 0x00000007d7000000|100%| E|CS|TAMS 0x00000007d6c00000, 0x00000007d6c00000| Complete 
|1884|0x00000007d7000000, 0x00000007d7400000, 0x00000007d7400000|100%| E|CS|TAMS 0x00000007d7000000, 0x00000007d7000000| Complete 
|1885|0x00000007d7400000, 0x00000007d7800000, 0x00000007d7800000|100%| E|CS|TAMS 0x00000007d7400000, 0x00000007d7400000| Complete 
|1886|0x00000007d7800000, 0x00000007d7c00000, 0x00000007d7c00000|100%| E|CS|TAMS 0x00000007d7800000, 0x00000007d7800000| Complete 
|1887|0x00000007d7c00000, 0x00000007d8000000, 0x00000007d8000000|100%| E|CS|TAMS 0x00000007d7c00000, 0x00000007d7c00000| Complete 
|1888|0x00000007d8000000, 0x00000007d8400000, 0x00000007d8400000|100%| E|CS|TAMS 0x00000007d8000000, 0x00000007d8000000| Complete 
|1889|0x00000007d8400000, 0x00000007d8800000, 0x00000007d8800000|100%| E|CS|TAMS 0x00000007d8400000, 0x00000007d8400000| Complete 
|1890|0x00000007d8800000, 0x00000007d8c00000, 0x00000007d8c00000|100%| E|CS|TAMS 0x00000007d8800000, 0x00000007d8800000| Complete 
|1891|0x00000007d8c00000, 0x00000007d9000000, 0x00000007d9000000|100%| E|CS|TAMS 0x00000007d8c00000, 0x00000007d8c00000| Complete 
|1892|0x00000007d9000000, 0x00000007d9400000, 0x00000007d9400000|100%| E|CS|TAMS 0x00000007d9000000, 0x00000007d9000000| Complete 
|1893|0x00000007d9400000, 0x00000007d9800000, 0x00000007d9800000|100%| E|CS|TAMS 0x00000007d9400000, 0x00000007d9400000| Complete 
|1894|0x00000007d9800000, 0x00000007d9c00000, 0x00000007d9c00000|100%| E|CS|TAMS 0x00000007d9800000, 0x00000007d9800000| Complete 
|1895|0x00000007d9c00000, 0x00000007da000000, 0x00000007da000000|100%| E|CS|TAMS 0x00000007d9c00000, 0x00000007d9c00000| Complete 
|1896|0x00000007da000000, 0x00000007da400000, 0x00000007da400000|100%| E|CS|TAMS 0x00000007da000000, 0x00000007da000000| Complete 
|1897|0x00000007da400000, 0x00000007da800000, 0x00000007da800000|100%| E|CS|TAMS 0x00000007da400000, 0x00000007da400000| Complete 
|1898|0x00000007da800000, 0x00000007dac00000, 0x00000007dac00000|100%| E|CS|TAMS 0x00000007da800000, 0x00000007da800000| Complete 
|1899|0x00000007dac00000, 0x00000007db000000, 0x00000007db000000|100%| E|CS|TAMS 0x00000007dac00000, 0x00000007dac00000| Complete 
|1900|0x00000007db000000, 0x00000007db400000, 0x00000007db400000|100%| E|CS|TAMS 0x00000007db000000, 0x00000007db000000| Complete 
|1901|0x00000007db400000, 0x00000007db800000, 0x00000007db800000|100%| E|CS|TAMS 0x00000007db400000, 0x00000007db400000| Complete 
|1902|0x00000007db800000, 0x00000007dbc00000, 0x00000007dbc00000|100%| E|CS|TAMS 0x00000007db800000, 0x00000007db800000| Complete 
|1903|0x00000007dbc00000, 0x00000007dc000000, 0x00000007dc000000|100%| E|CS|TAMS 0x00000007dbc00000, 0x00000007dbc00000| Complete 
|1904|0x00000007dc000000, 0x00000007dc400000, 0x00000007dc400000|100%| E|CS|TAMS 0x00000007dc000000, 0x00000007dc000000| Complete 
|1905|0x00000007dc400000, 0x00000007dc800000, 0x00000007dc800000|100%| E|CS|TAMS 0x00000007dc400000, 0x00000007dc400000| Complete 
|1906|0x00000007dc800000, 0x00000007dcc00000, 0x00000007dcc00000|100%| E|CS|TAMS 0x00000007dc800000, 0x00000007dc800000| Complete 
|1907|0x00000007dcc00000, 0x00000007dd000000, 0x00000007dd000000|100%| E|CS|TAMS 0x00000007dcc00000, 0x00000007dcc00000| Complete 
|1908|0x00000007dd000000, 0x00000007dd400000, 0x00000007dd400000|100%| E|CS|TAMS 0x00000007dd000000, 0x00000007dd000000| Complete 
|1909|0x00000007dd400000, 0x00000007dd800000, 0x00000007dd800000|100%| E|CS|TAMS 0x00000007dd400000, 0x00000007dd400000| Complete 
|1910|0x00000007dd800000, 0x00000007ddc00000, 0x00000007ddc00000|100%| E|CS|TAMS 0x00000007dd800000, 0x00000007dd800000| Complete 
|1911|0x00000007ddc00000, 0x00000007de000000, 0x00000007de000000|100%| E|CS|TAMS 0x00000007ddc00000, 0x00000007ddc00000| Complete 
|1912|0x00000007de000000, 0x00000007de400000, 0x00000007de400000|100%| E|CS|TAMS 0x00000007de000000, 0x00000007de000000| Complete 
|1913|0x00000007de400000, 0x00000007de800000, 0x00000007de800000|100%| E|CS|TAMS 0x00000007de400000, 0x00000007de400000| Complete 
|1914|0x00000007de800000, 0x00000007dec00000, 0x00000007dec00000|100%| E|CS|TAMS 0x00000007de800000, 0x00000007de800000| Complete 
|1915|0x00000007dec00000, 0x00000007df000000, 0x00000007df000000|100%| E|CS|TAMS 0x00000007dec00000, 0x00000007dec00000| Complete 
|1916|0x00000007df000000, 0x00000007df400000, 0x00000007df400000|100%| E|CS|TAMS 0x00000007df000000, 0x00000007df000000| Complete 
|1917|0x00000007df400000, 0x00000007df800000, 0x00000007df800000|100%| E|CS|TAMS 0x00000007df400000, 0x00000007df400000| Complete 
|1918|0x00000007df800000, 0x00000007dfc00000, 0x00000007dfc00000|100%| E|CS|TAMS 0x00000007df800000, 0x00000007df800000| Complete 
|1919|0x00000007dfc00000, 0x00000007e0000000, 0x00000007e0000000|100%| E|CS|TAMS 0x00000007dfc00000, 0x00000007dfc00000| Complete 
|1920|0x00000007e0000000, 0x00000007e0400000, 0x00000007e0400000|100%| E|CS|TAMS 0x00000007e0000000, 0x00000007e0000000| Complete 
|1921|0x00000007e0400000, 0x00000007e0800000, 0x00000007e0800000|100%| E|CS|TAMS 0x00000007e0400000, 0x00000007e0400000| Complete 
|1922|0x00000007e0800000, 0x00000007e0c00000, 0x00000007e0c00000|100%| E|CS|TAMS 0x00000007e0800000, 0x00000007e0800000| Complete 
|1923|0x00000007e0c00000, 0x00000007e1000000, 0x00000007e1000000|100%| E|CS|TAMS 0x00000007e0c00000, 0x00000007e0c00000| Complete 
|1924|0x00000007e1000000, 0x00000007e1400000, 0x00000007e1400000|100%| E|CS|TAMS 0x00000007e1000000, 0x00000007e1000000| Complete 
|1925|0x00000007e1400000, 0x00000007e1800000, 0x00000007e1800000|100%| E|CS|TAMS 0x00000007e1400000, 0x00000007e1400000| Complete 
|1926|0x00000007e1800000, 0x00000007e1c00000, 0x00000007e1c00000|100%| E|CS|TAMS 0x00000007e1800000, 0x00000007e1800000| Complete 
|1927|0x00000007e1c00000, 0x00000007e2000000, 0x00000007e2000000|100%| E|CS|TAMS 0x00000007e1c00000, 0x00000007e1c00000| Complete 
|1928|0x00000007e2000000, 0x00000007e2400000, 0x00000007e2400000|100%| E|CS|TAMS 0x00000007e2000000, 0x00000007e2000000| Complete 
|1929|0x00000007e2400000, 0x00000007e2800000, 0x00000007e2800000|100%| E|CS|TAMS 0x00000007e2400000, 0x00000007e2400000| Complete 
|1930|0x00000007e2800000, 0x00000007e2c00000, 0x00000007e2c00000|100%| E|CS|TAMS 0x00000007e2800000, 0x00000007e2800000| Complete 
|1931|0x00000007e2c00000, 0x00000007e3000000, 0x00000007e3000000|100%| E|CS|TAMS 0x00000007e2c00000, 0x00000007e2c00000| Complete 
|1932|0x00000007e3000000, 0x00000007e3400000, 0x00000007e3400000|100%| E|CS|TAMS 0x00000007e3000000, 0x00000007e3000000| Complete 
|1933|0x00000007e3400000, 0x00000007e3800000, 0x00000007e3800000|100%| E|CS|TAMS 0x00000007e3400000, 0x00000007e3400000| Complete 
|1934|0x00000007e3800000, 0x00000007e3c00000, 0x00000007e3c00000|100%| E|CS|TAMS 0x00000007e3800000, 0x00000007e3800000| Complete 
|1935|0x00000007e3c00000, 0x00000007e4000000, 0x00000007e4000000|100%| E|CS|TAMS 0x00000007e3c00000, 0x00000007e3c00000| Complete 
|1936|0x00000007e4000000, 0x00000007e4400000, 0x00000007e4400000|100%| E|CS|TAMS 0x00000007e4000000, 0x00000007e4000000| Complete 
|1937|0x00000007e4400000, 0x00000007e4800000, 0x00000007e4800000|100%| E|CS|TAMS 0x00000007e4400000, 0x00000007e4400000| Complete 
|1938|0x00000007e4800000, 0x00000007e4c00000, 0x00000007e4c00000|100%| E|CS|TAMS 0x00000007e4800000, 0x00000007e4800000| Complete 
|1939|0x00000007e4c00000, 0x00000007e5000000, 0x00000007e5000000|100%| E|CS|TAMS 0x00000007e4c00000, 0x00000007e4c00000| Complete 
|1940|0x00000007e5000000, 0x00000007e5400000, 0x00000007e5400000|100%| E|CS|TAMS 0x00000007e5000000, 0x00000007e5000000| Complete 
|1941|0x00000007e5400000, 0x00000007e5800000, 0x00000007e5800000|100%| E|CS|TAMS 0x00000007e5400000, 0x00000007e5400000| Complete 
|1942|0x00000007e5800000, 0x00000007e5c00000, 0x00000007e5c00000|100%| E|CS|TAMS 0x00000007e5800000, 0x00000007e5800000| Complete 
|1943|0x00000007e5c00000, 0x00000007e6000000, 0x00000007e6000000|100%| E|CS|TAMS 0x00000007e5c00000, 0x00000007e5c00000| Complete 
|1944|0x00000007e6000000, 0x00000007e6400000, 0x00000007e6400000|100%| E|CS|TAMS 0x00000007e6000000, 0x00000007e6000000| Complete 
|1945|0x00000007e6400000, 0x00000007e6800000, 0x00000007e6800000|100%| E|CS|TAMS 0x00000007e6400000, 0x00000007e6400000| Complete 
|1946|0x00000007e6800000, 0x00000007e6c00000, 0x00000007e6c00000|100%| E|CS|TAMS 0x00000007e6800000, 0x00000007e6800000| Complete 
|1947|0x00000007e6c00000, 0x00000007e7000000, 0x00000007e7000000|100%| E|CS|TAMS 0x00000007e6c00000, 0x00000007e6c00000| Complete 
|1948|0x00000007e7000000, 0x00000007e7400000, 0x00000007e7400000|100%| E|CS|TAMS 0x00000007e7000000, 0x00000007e7000000| Complete 
|1949|0x00000007e7400000, 0x00000007e7800000, 0x00000007e7800000|100%| E|CS|TAMS 0x00000007e7400000, 0x00000007e7400000| Complete 
|1950|0x00000007e7800000, 0x00000007e7c00000, 0x00000007e7c00000|100%| E|CS|TAMS 0x00000007e7800000, 0x00000007e7800000| Complete 
|1951|0x00000007e7c00000, 0x00000007e8000000, 0x00000007e8000000|100%| E|CS|TAMS 0x00000007e7c00000, 0x00000007e7c00000| Complete 
|1952|0x00000007e8000000, 0x00000007e8400000, 0x00000007e8400000|100%| E|CS|TAMS 0x00000007e8000000, 0x00000007e8000000| Complete 
|1953|0x00000007e8400000, 0x00000007e8800000, 0x00000007e8800000|100%| E|CS|TAMS 0x00000007e8400000, 0x00000007e8400000| Complete 
|1954|0x00000007e8800000, 0x00000007e8c00000, 0x00000007e8c00000|100%| E|CS|TAMS 0x00000007e8800000, 0x00000007e8800000| Complete 
|1955|0x00000007e8c00000, 0x00000007e9000000, 0x00000007e9000000|100%| E|CS|TAMS 0x00000007e8c00000, 0x00000007e8c00000| Complete 
|1956|0x00000007e9000000, 0x00000007e9400000, 0x00000007e9400000|100%| E|CS|TAMS 0x00000007e9000000, 0x00000007e9000000| Complete 
|1957|0x00000007e9400000, 0x00000007e9800000, 0x00000007e9800000|100%| E|CS|TAMS 0x00000007e9400000, 0x00000007e9400000| Complete 
|1958|0x00000007e9800000, 0x00000007e9c00000, 0x00000007e9c00000|100%| E|CS|TAMS 0x00000007e9800000, 0x00000007e9800000| Complete 
|1959|0x00000007e9c00000, 0x00000007ea000000, 0x00000007ea000000|100%| E|CS|TAMS 0x00000007e9c00000, 0x00000007e9c00000| Complete 
|1960|0x00000007ea000000, 0x00000007ea400000, 0x00000007ea400000|100%| E|CS|TAMS 0x00000007ea000000, 0x00000007ea000000| Complete 
|1961|0x00000007ea400000, 0x00000007ea800000, 0x00000007ea800000|100%| E|CS|TAMS 0x00000007ea400000, 0x00000007ea400000| Complete 
|1962|0x00000007ea800000, 0x00000007eac00000, 0x00000007eac00000|100%| E|CS|TAMS 0x00000007ea800000, 0x00000007ea800000| Complete 
|1963|0x00000007eac00000, 0x00000007eb000000, 0x00000007eb000000|100%| E|CS|TAMS 0x00000007eac00000, 0x00000007eac00000| Complete 
|1964|0x00000007eb000000, 0x00000007eb400000, 0x00000007eb400000|100%| E|CS|TAMS 0x00000007eb000000, 0x00000007eb000000| Complete 
|1965|0x00000007eb400000, 0x00000007eb800000, 0x00000007eb800000|100%| E|CS|TAMS 0x00000007eb400000, 0x00000007eb400000| Complete 
|1966|0x00000007eb800000, 0x00000007ebc00000, 0x00000007ebc00000|100%| E|CS|TAMS 0x00000007eb800000, 0x00000007eb800000| Complete 
|1967|0x00000007ebc00000, 0x00000007ec000000, 0x00000007ec000000|100%| E|CS|TAMS 0x00000007ebc00000, 0x00000007ebc00000| Complete 
|1968|0x00000007ec000000, 0x00000007ec400000, 0x00000007ec400000|100%| E|CS|TAMS 0x00000007ec000000, 0x00000007ec000000| Complete 
|1969|0x00000007ec400000, 0x00000007ec800000, 0x00000007ec800000|100%| E|CS|TAMS 0x00000007ec400000, 0x00000007ec400000| Complete 
|1970|0x00000007ec800000, 0x00000007ecc00000, 0x00000007ecc00000|100%| E|CS|TAMS 0x00000007ec800000, 0x00000007ec800000| Complete 
|1971|0x00000007ecc00000, 0x00000007ed000000, 0x00000007ed000000|100%| E|CS|TAMS 0x00000007ecc00000, 0x00000007ecc00000| Complete 
|1972|0x00000007ed000000, 0x00000007ed400000, 0x00000007ed400000|100%| E|CS|TAMS 0x00000007ed000000, 0x00000007ed000000| Complete 
|1973|0x00000007ed400000, 0x00000007ed800000, 0x00000007ed800000|100%| E|CS|TAMS 0x00000007ed400000, 0x00000007ed400000| Complete 
|1974|0x00000007ed800000, 0x00000007edc00000, 0x00000007edc00000|100%| E|CS|TAMS 0x00000007ed800000, 0x00000007ed800000| Complete 
|1975|0x00000007edc00000, 0x00000007ee000000, 0x00000007ee000000|100%| E|CS|TAMS 0x00000007edc00000, 0x00000007edc00000| Complete 
|1976|0x00000007ee000000, 0x00000007ee400000, 0x00000007ee400000|100%| E|CS|TAMS 0x00000007ee000000, 0x00000007ee000000| Complete 
|1977|0x00000007ee400000, 0x00000007ee800000, 0x00000007ee800000|100%| E|CS|TAMS 0x00000007ee400000, 0x00000007ee400000| Complete 
|1978|0x00000007ee800000, 0x00000007eec00000, 0x00000007eec00000|100%| E|CS|TAMS 0x00000007ee800000, 0x00000007ee800000| Complete 
|1979|0x00000007eec00000, 0x00000007ef000000, 0x00000007ef000000|100%| E|CS|TAMS 0x00000007eec00000, 0x00000007eec00000| Complete 
|1980|0x00000007ef000000, 0x00000007ef400000, 0x00000007ef400000|100%| E|CS|TAMS 0x00000007ef000000, 0x00000007ef000000| Complete 
|1981|0x00000007ef400000, 0x00000007ef800000, 0x00000007ef800000|100%| E|CS|TAMS 0x00000007ef400000, 0x00000007ef400000| Complete 
|1982|0x00000007ef800000, 0x00000007efc00000, 0x00000007efc00000|100%| E|CS|TAMS 0x00000007ef800000, 0x00000007ef800000| Complete 
|1983|0x00000007efc00000, 0x00000007f0000000, 0x00000007f0000000|100%| E|CS|TAMS 0x00000007efc00000, 0x00000007efc00000| Complete 
|1984|0x00000007f0000000, 0x00000007f0400000, 0x00000007f0400000|100%| E|CS|TAMS 0x00000007f0000000, 0x00000007f0000000| Complete 
|1985|0x00000007f0400000, 0x00000007f0800000, 0x00000007f0800000|100%| E|CS|TAMS 0x00000007f0400000, 0x00000007f0400000| Complete 
|1986|0x00000007f0800000, 0x00000007f0c00000, 0x00000007f0c00000|100%| E|CS|TAMS 0x00000007f0800000, 0x00000007f0800000| Complete 
|1987|0x00000007f0c00000, 0x00000007f1000000, 0x00000007f1000000|100%| E|CS|TAMS 0x00000007f0c00000, 0x00000007f0c00000| Complete 
|1988|0x00000007f1000000, 0x00000007f1400000, 0x00000007f1400000|100%| E|CS|TAMS 0x00000007f1000000, 0x00000007f1000000| Complete 
|1989|0x00000007f1400000, 0x00000007f1800000, 0x00000007f1800000|100%| E|CS|TAMS 0x00000007f1400000, 0x00000007f1400000| Complete 
|1990|0x00000007f1800000, 0x00000007f1c00000, 0x00000007f1c00000|100%| E|CS|TAMS 0x00000007f1800000, 0x00000007f1800000| Complete 
|1991|0x00000007f1c00000, 0x00000007f2000000, 0x00000007f2000000|100%| E|CS|TAMS 0x00000007f1c00000, 0x00000007f1c00000| Complete 
|1992|0x00000007f2000000, 0x00000007f2400000, 0x00000007f2400000|100%| E|CS|TAMS 0x00000007f2000000, 0x00000007f2000000| Complete 
|1993|0x00000007f2400000, 0x00000007f2800000, 0x00000007f2800000|100%| E|CS|TAMS 0x00000007f2400000, 0x00000007f2400000| Complete 
|1994|0x00000007f2800000, 0x00000007f2c00000, 0x00000007f2c00000|100%| E|CS|TAMS 0x00000007f2800000, 0x00000007f2800000| Complete 
|1995|0x00000007f2c00000, 0x00000007f3000000, 0x00000007f3000000|100%| E|CS|TAMS 0x00000007f2c00000, 0x00000007f2c00000| Complete 
|1996|0x00000007f3000000, 0x00000007f3400000, 0x00000007f3400000|100%| E|CS|TAMS 0x00000007f3000000, 0x00000007f3000000| Complete 
|1997|0x00000007f3400000, 0x00000007f3800000, 0x00000007f3800000|100%| E|CS|TAMS 0x00000007f3400000, 0x00000007f3400000| Complete 
|1998|0x00000007f3800000, 0x00000007f3c00000, 0x00000007f3c00000|100%| E|CS|TAMS 0x00000007f3800000, 0x00000007f3800000| Complete 
|1999|0x00000007f3c00000, 0x00000007f4000000, 0x00000007f4000000|100%| E|CS|TAMS 0x00000007f3c00000, 0x00000007f3c00000| Complete 
|2000|0x00000007f4000000, 0x00000007f4400000, 0x00000007f4400000|100%| E|CS|TAMS 0x00000007f4000000, 0x00000007f4000000| Complete 
|2001|0x00000007f4400000, 0x00000007f4800000, 0x00000007f4800000|100%| E|CS|TAMS 0x00000007f4400000, 0x00000007f4400000| Complete 
|2002|0x00000007f4800000, 0x00000007f4c00000, 0x00000007f4c00000|100%| E|CS|TAMS 0x00000007f4800000, 0x00000007f4800000| Complete 
|2003|0x00000007f4c00000, 0x00000007f5000000, 0x00000007f5000000|100%| E|CS|TAMS 0x00000007f4c00000, 0x00000007f4c00000| Complete 
|2004|0x00000007f5000000, 0x00000007f5400000, 0x00000007f5400000|100%| E|CS|TAMS 0x00000007f5000000, 0x00000007f5000000| Complete 
|2005|0x00000007f5400000, 0x00000007f5800000, 0x00000007f5800000|100%| E|CS|TAMS 0x00000007f5400000, 0x00000007f5400000| Complete 
|2006|0x00000007f5800000, 0x00000007f5c00000, 0x00000007f5c00000|100%| E|CS|TAMS 0x00000007f5800000, 0x00000007f5800000| Complete 
|2007|0x00000007f5c00000, 0x00000007f6000000, 0x00000007f6000000|100%| E|CS|TAMS 0x00000007f5c00000, 0x00000007f5c00000| Complete 
|2008|0x00000007f6000000, 0x00000007f6400000, 0x00000007f6400000|100%| E|CS|TAMS 0x00000007f6000000, 0x00000007f6000000| Complete 
|2009|0x00000007f6400000, 0x00000007f6800000, 0x00000007f6800000|100%| E|CS|TAMS 0x00000007f6400000, 0x00000007f6400000| Complete 
|2010|0x00000007f6800000, 0x00000007f6c00000, 0x00000007f6c00000|100%| E|CS|TAMS 0x00000007f6800000, 0x00000007f6800000| Complete 
|2011|0x00000007f6c00000, 0x00000007f7000000, 0x00000007f7000000|100%| E|CS|TAMS 0x00000007f6c00000, 0x00000007f6c00000| Complete 
|2012|0x00000007f7000000, 0x00000007f7400000, 0x00000007f7400000|100%| E|CS|TAMS 0x00000007f7000000, 0x00000007f7000000| Complete 
|2013|0x00000007f7400000, 0x00000007f7800000, 0x00000007f7800000|100%| E|CS|TAMS 0x00000007f7400000, 0x00000007f7400000| Complete 
|2014|0x00000007f7800000, 0x00000007f7c00000, 0x00000007f7c00000|100%| E|CS|TAMS 0x00000007f7800000, 0x00000007f7800000| Complete 
|2015|0x00000007f7c00000, 0x00000007f8000000, 0x00000007f8000000|100%| E|CS|TAMS 0x00000007f7c00000, 0x00000007f7c00000| Complete 
|2016|0x00000007f8000000, 0x00000007f8400000, 0x00000007f8400000|100%| E|CS|TAMS 0x00000007f8000000, 0x00000007f8000000| Complete 
|2017|0x00000007f8400000, 0x00000007f8800000, 0x00000007f8800000|100%| E|CS|TAMS 0x00000007f8400000, 0x00000007f8400000| Complete 
|2018|0x00000007f8800000, 0x00000007f8c00000, 0x00000007f8c00000|100%| E|CS|TAMS 0x00000007f8800000, 0x00000007f8800000| Complete 
|2019|0x00000007f8c00000, 0x00000007f9000000, 0x00000007f9000000|100%| E|CS|TAMS 0x00000007f8c00000, 0x00000007f8c00000| Complete 
|2020|0x00000007f9000000, 0x00000007f9400000, 0x00000007f9400000|100%| E|CS|TAMS 0x00000007f9000000, 0x00000007f9000000| Complete 
|2021|0x00000007f9400000, 0x00000007f9800000, 0x00000007f9800000|100%| E|CS|TAMS 0x00000007f9400000, 0x00000007f9400000| Complete 
|2022|0x00000007f9800000, 0x00000007f9c00000, 0x00000007f9c00000|100%| E|CS|TAMS 0x00000007f9800000, 0x00000007f9800000| Complete 
|2023|0x00000007f9c00000, 0x00000007fa000000, 0x00000007fa000000|100%| E|CS|TAMS 0x00000007f9c00000, 0x00000007f9c00000| Complete 
|2024|0x00000007fa000000, 0x00000007fa400000, 0x00000007fa400000|100%| E|CS|TAMS 0x00000007fa000000, 0x00000007fa000000| Complete 
|2025|0x00000007fa400000, 0x00000007fa800000, 0x00000007fa800000|100%| E|CS|TAMS 0x00000007fa400000, 0x00000007fa400000| Complete 
|2026|0x00000007fa800000, 0x00000007fac00000, 0x00000007fac00000|100%| E|CS|TAMS 0x00000007fa800000, 0x00000007fa800000| Complete 
|2027|0x00000007fac00000, 0x00000007fb000000, 0x00000007fb000000|100%| E|CS|TAMS 0x00000007fac00000, 0x00000007fac00000| Complete 
|2028|0x00000007fb000000, 0x00000007fb400000, 0x00000007fb400000|100%| E|CS|TAMS 0x00000007fb000000, 0x00000007fb000000| Complete 
|2029|0x00000007fb400000, 0x00000007fb800000, 0x00000007fb800000|100%| E|CS|TAMS 0x00000007fb400000, 0x00000007fb400000| Complete 
|2030|0x00000007fb800000, 0x00000007fbc00000, 0x00000007fbc00000|100%| E|CS|TAMS 0x00000007fb800000, 0x00000007fb800000| Complete 
|2031|0x00000007fbc00000, 0x00000007fc000000, 0x00000007fc000000|100%| E|CS|TAMS 0x00000007fbc00000, 0x00000007fbc00000| Complete 
|2032|0x00000007fc000000, 0x00000007fc400000, 0x00000007fc400000|100%| E|CS|TAMS 0x00000007fc000000, 0x00000007fc000000| Complete 
|2033|0x00000007fc400000, 0x00000007fc800000, 0x00000007fc800000|100%| E|CS|TAMS 0x00000007fc400000, 0x00000007fc400000| Complete 
|2034|0x00000007fc800000, 0x00000007fcc00000, 0x00000007fcc00000|100%| E|CS|TAMS 0x00000007fc800000, 0x00000007fc800000| Complete 
|2035|0x00000007fcc00000, 0x00000007fd000000, 0x00000007fd000000|100%| E|CS|TAMS 0x00000007fcc00000, 0x00000007fcc00000| Complete 
|2036|0x00000007fd000000, 0x00000007fd400000, 0x00000007fd400000|100%| E|CS|TAMS 0x00000007fd000000, 0x00000007fd000000| Complete 
|2037|0x00000007fd400000, 0x00000007fd800000, 0x00000007fd800000|100%| E|CS|TAMS 0x00000007fd400000, 0x00000007fd400000| Complete 
|2038|0x00000007fd800000, 0x00000007fdc00000, 0x00000007fdc00000|100%| E|CS|TAMS 0x00000007fd800000, 0x00000007fd800000| Complete 
|2039|0x00000007fdc00000, 0x00000007fe000000, 0x00000007fe000000|100%| E|CS|TAMS 0x00000007fdc00000, 0x00000007fdc00000| Complete 
|2040|0x00000007fe000000, 0x00000007fe400000, 0x00000007fe400000|100%| E|CS|TAMS 0x00000007fe000000, 0x00000007fe000000| Complete 
|2041|0x00000007fe400000, 0x00000007fe800000, 0x00000007fe800000|100%| E|CS|TAMS 0x00000007fe400000, 0x00000007fe400000| Complete 
|2042|0x00000007fe800000, 0x00000007fec00000, 0x00000007fec00000|100%| E|CS|TAMS 0x00000007fe800000, 0x00000007fe800000| Complete 
|2043|0x00000007fec00000, 0x00000007ff000000, 0x00000007ff000000|100%| E|CS|TAMS 0x00000007fec00000, 0x00000007fec00000| Complete 
|2044|0x00000007ff000000, 0x00000007ff400000, 0x00000007ff400000|100%| E|CS|TAMS 0x00000007ff000000, 0x00000007ff000000| Complete 
|2045|0x00000007ff400000, 0x00000007ff800000, 0x00000007ff800000|100%| E|CS|TAMS 0x00000007ff400000, 0x00000007ff400000| Complete 
|2046|0x00000007ff800000, 0x00000007ffc00000, 0x00000007ffc00000|100%| E|CS|TAMS 0x00000007ff800000, 0x00000007ff800000| Complete 
|2047|0x00000007ffc00000, 0x0000000800000000, 0x0000000800000000|100%| E|CS|TAMS 0x00000007ffc00000, 0x00000007ffc00000| Complete 

Card table byte_map: [0x000001bcfbcb0000,0x000001bcfccb0000] _byte_map_base: 0x000001bcf8cb0000

Marking Bits (Prev, Next): (CMBitMap*) 0x000001bce6a53fb0, (CMBitMap*) 0x000001bce6a53f70
 Prev Bits: [0x000001bc88000000, 0x000001bc90000000)
 Next Bits: [0x000001bc80000000, 0x000001bc88000000)

Polling page: 0x000001bce4b60000

Metaspace:

Usage:
  Non-class:    450.02 MB used.
      Class:    107.43 MB used.
       Both:    557.46 MB used.

Virtual space:
  Non-class space:      512.00 MB reserved,     452.00 MB ( 88%) committed,  8 nodes.
      Class space:        1.00 GB reserved,     109.06 MB ( 11%) committed,  1 nodes.
             Both:        1.50 GB reserved,     561.06 MB ( 37%) committed. 

Chunk freelists:
   Non-Class:  11.71 MB
       Class:  2.81 MB
        Both:  14.53 MB

MaxMetaspaceSize: unlimited
CompressedClassSpaceSize: 1.00 GB
Initial GC threshold: 21.00 MB
Current GC threshold: 935.00 MB
CDS: on
MetaspaceReclaimPolicy: balanced
 - commit_granule_bytes: 65536.
 - commit_granule_words: 8192.
 - virtual_space_node_default_size: 8388608.
 - enlarge_chunks_in_place: 1.
 - new_chunks_are_fully_committed: 0.
 - uncommit_free_chunks: 1.
 - use_allocation_guard: 0.
 - handle_deallocations: 1.


Internal statistics:

num_allocs_failed_limit: 236.
num_arena_births: 6134.
num_arena_deaths: 8.
num_vsnodes_births: 9.
num_vsnodes_deaths: 0.
num_space_committed: 8961.
num_space_uncommitted: 0.
num_chunks_returned_to_freelist: 246.
num_chunks_taken_from_freelist: 29981.
num_chunk_merges: 236.
num_chunk_splits: 21521.
num_chunks_enlarged: 16176.
num_inconsistent_stats: 0.

CodeHeap 'non-profiled nmethods': size=120000Kb used=74862Kb max_used=74862Kb free=45137Kb
 bounds [0x000001bcf3440000, 0x000001bcf7d60000, 0x000001bcfa970000]
CodeHeap 'profiled nmethods': size=120000Kb used=81318Kb max_used=88625Kb free=38681Kb
 bounds [0x000001bceb970000, 0x000001bcf1020000, 0x000001bcf2ea0000]
CodeHeap 'non-nmethods': size=5760Kb used=3808Kb max_used=3935Kb free=1951Kb
 bounds [0x000001bcf2ea0000, 0x000001bcf32b0000, 0x000001bcf3440000]
 total_blobs=52668 nmethods=48807 adapters=3768
 compilation: enabled
              stopped_count=0, restarted_count=0
 full_count=0

Compilation events (20 events):
Event: 1937.320 Thread 0x000001bc907c8250 nmethod 93196 0x000001bced80df10 code [0x000001bced80e0e0, 0x000001bced80e628]
Event: 1937.320 Thread 0x000001bc907c8250 93197       3       it.unimi.dsi.fastutil.ints.IntSets$UnmodifiableSet::size (5 bytes)
Event: 1937.321 Thread 0x000001bc907c8250 nmethod 93197 0x000001bcecd0b690 code [0x000001bcecd0b840, 0x000001bcecd0ba68]
Event: 1937.321 Thread 0x000001bc907c8250 93199       3       net.minecraft.client.gui.font.CodepointMap::<init> (53 bytes)
Event: 1937.321 Thread 0x000001bc907c8250 nmethod 93199 0x000001bcefcb1710 code [0x000001bcefcb1900, 0x000001bcefcb1f88]
Event: 1937.322 Thread 0x000001bc907bada0 nmethod 93198 0x000001bcf7d5af10 code [0x000001bcf7d5b0a0, 0x000001bcf7d5b188]
Event: 1937.447 Thread 0x000001bc907c8250 93200       3       net.minecraft.client.renderer.texture.AbstractTexture::m_117964_ (39 bytes)
Event: 1937.447 Thread 0x000001bc907c8250 nmethod 93200 0x000001bcee142a10 code [0x000001bcee142c40, 0x000001bcee1434f8]
Event: 1937.480 Thread 0x000001bc907c8250 93201       3       com.google.common.collect.Lists$ReverseList::get (15 bytes)
Event: 1937.480 Thread 0x000001bc907c8250 nmethod 93201 0x000001bcecd20b10 code [0x000001bcecd20ce0, 0x000001bcecd21168]
Event: 1937.481 Thread 0x000001bc907c8250 93202       3       net.minecraft.client.gui.font.FontSet$$Lambda$38670/0x000001bc96f5c710::test (14 bytes)
Event: 1937.481 Thread 0x000001bc907c8250 nmethod 93202 0x000001bcecf4ed90 code [0x000001bcecf4ef40, 0x000001bcecf4f228]
Event: 1937.481 Thread 0x000001bc907c8250 93203       1       net.minecraft.client.renderer.texture.SpriteLoader$Preparations::f_244353_ (5 bytes)
Event: 1937.482 Thread 0x000001bc907c8250 nmethod 93203 0x000001bcf7d5b290 code [0x000001bcf7d5b420, 0x000001bcf7d5b4f8]
Event: 1937.482 Thread 0x000001bc907c8250 93204       1       net.minecraft.client.renderer.texture.SpriteLoader$Preparations::f_243669_ (5 bytes)
Event: 1937.482 Thread 0x000001bc907c8250 nmethod 93204 0x000001bcf7d5b590 code [0x000001bcf7d5b720, 0x000001bcf7d5b7f8]
Event: 1937.482 Thread 0x000001bc907c8250 93205       1       net.minecraft.client.renderer.texture.SpriteLoader$Preparations::f_244632_ (5 bytes)
Event: 1937.482 Thread 0x000001bc907c8250 nmethod 93205 0x000001bcf7d5b890 code [0x000001bcf7d5ba20, 0x000001bcf7d5baf8]
Event: 1937.504 Thread 0x000001bc907c8250 93206       3       net.minecraft.client.renderer.texture.SpriteContents$InterpolationData::close (32 bytes)
Event: 1937.505 Thread 0x000001bc907c8250 nmethod 93206 0x000001bced026690 code [0x000001bced026840, 0x000001bced026a68]

GC Heap History (20 events):
Event: 1903.195 GC heap before
{Heap before GC invocations=297 (full 0):
 garbage-first heap   total 6959104K, used 6156478K [0x0000000600000000, 0x0000000800000000)
  region size 4096K, 225 young (921600K), 20 survivors (81920K)
 Metaspace       used 570828K, committed 574464K, reserved 1572864K
  class space    used 110011K, committed 111616K, reserved 1048576K
}
Event: 1903.273 GC heap after
{Heap after GC invocations=298 (full 0):
 garbage-first heap   total 6959104K, used 5347797K [0x0000000600000000, 0x0000000800000000)
  region size 4096K, 21 young (86016K), 21 survivors (86016K)
 Metaspace       used 570828K, committed 574464K, reserved 1572864K
  class space    used 110011K, committed 111616K, reserved 1048576K
}
Event: 1905.642 GC heap before
{Heap before GC invocations=298 (full 0):
 garbage-first heap   total 8388608K, used 5548501K [0x0000000600000000, 0x0000000800000000)
  region size 4096K, 220 young (901120K), 21 survivors (86016K)
 Metaspace       used 570827K, committed 574464K, reserved 1572864K
  class space    used 110011K, committed 111616K, reserved 1048576K
}
Event: 1905.733 GC heap after
{Heap after GC invocations=299 (full 0):
 garbage-first heap   total 8388608K, used 4769119K [0x0000000600000000, 0x0000000800000000)
  region size 4096K, 22 young (90112K), 22 survivors (90112K)
 Metaspace       used 570827K, committed 574464K, reserved 1572864K
  class space    used 110011K, committed 111616K, reserved 1048576K
}
Event: 1912.741 GC heap before
{Heap before GC invocations=300 (full 0):
 garbage-first heap   total 8388608K, used 7132511K [0x0000000600000000, 0x0000000800000000)
  region size 4096K, 591 young (2420736K), 22 survivors (90112K)
 Metaspace       used 570827K, committed 574464K, reserved 1572864K
  class space    used 110011K, committed 111616K, reserved 1048576K
}
Event: 1912.892 GC heap after
{Heap after GC invocations=301 (full 0):
 garbage-first heap   total 8388608K, used 4889388K [0x0000000600000000, 0x0000000800000000)
  region size 4096K, 44 young (180224K), 44 survivors (180224K)
 Metaspace       used 570827K, committed 574464K, reserved 1572864K
  class space    used 110011K, committed 111616K, reserved 1048576K
}
Event: 1913.348 GC heap before
{Heap before GC invocations=301 (full 0):
 garbage-first heap   total 8388608K, used 5126956K [0x0000000600000000, 0x0000000800000000)
  region size 4096K, 102 young (417792K), 44 survivors (180224K)
 Metaspace       used 570827K, committed 574464K, reserved 1572864K
  class space    used 110011K, committed 111616K, reserved 1048576K
}
Event: 1913.528 GC heap after
{Heap after GC invocations=302 (full 0):
 garbage-first heap   total 8388608K, used 4402852K [0x0000000600000000, 0x0000000800000000)
  region size 4096K, 7 young (28672K), 7 survivors (28672K)
 Metaspace       used 570827K, committed 574464K, reserved 1572864K
  class space    used 110011K, committed 111616K, reserved 1048576K
}
Event: 1918.860 GC heap before
{Heap before GC invocations=302 (full 0):
 garbage-first heap   total 8388608K, used 7106212K [0x0000000600000000, 0x0000000800000000)
  region size 4096K, 658 young (2695168K), 7 survivors (28672K)
 Metaspace       used 570827K, committed 574464K, reserved 1572864K
  class space    used 110011K, committed 111616K, reserved 1048576K
}
Event: 1919.048 GC heap after
{Heap after GC invocations=303 (full 0):
 garbage-first heap   total 8388608K, used 4636324K [0x0000000600000000, 0x0000000800000000)
  region size 4096K, 55 young (225280K), 55 survivors (225280K)
 Metaspace       used 570827K, committed 574464K, reserved 1572864K
  class space    used 110011K, committed 111616K, reserved 1048576K
}
Event: 1922.569 GC heap before
{Heap before GC invocations=303 (full 0):
 garbage-first heap   total 8388608K, used 5877412K [0x0000000600000000, 0x0000000800000000)
  region size 4096K, 355 young (1454080K), 55 survivors (225280K)
 Metaspace       used 570827K, committed 574464K, reserved 1572864K
  class space    used 110011K, committed 111616K, reserved 1048576K
}
Event: 1922.771 GC heap after
{Heap after GC invocations=304 (full 0):
 garbage-first heap   total 8388608K, used 4716597K [0x0000000600000000, 0x0000000800000000)
  region size 4096K, 17 young (69632K), 17 survivors (69632K)
 Metaspace       used 570827K, committed 574464K, reserved 1572864K
  class space    used 110011K, committed 111616K, reserved 1048576K
}
Event: 1925.258 GC heap before
{Heap before GC invocations=304 (full 0):
 garbage-first heap   total 8388608K, used 7125045K [0x0000000600000000, 0x0000000800000000)
  region size 4096K, 605 young (2478080K), 17 survivors (69632K)
 Metaspace       used 570827K, committed 574464K, reserved 1572864K
  class space    used 110011K, committed 111616K, reserved 1048576K
}
Event: 1925.338 GC heap after
{Heap after GC invocations=305 (full 0):
 garbage-first heap   total 8388608K, used 4716597K [0x0000000600000000, 0x0000000800000000)
  region size 4096K, 17 young (69632K), 17 survivors (69632K)
 Metaspace       used 570827K, committed 574464K, reserved 1572864K
  class space    used 110011K, committed 111616K, reserved 1048576K
}
Event: 1927.700 GC heap before
{Heap before GC invocations=305 (full 0):
 garbage-first heap   total 8388608K, used 7202869K [0x0000000600000000, 0x0000000800000000)
  region size 4096K, 624 young (2555904K), 17 survivors (69632K)
 Metaspace       used 570827K, committed 574464K, reserved 1572864K
  class space    used 110011K, committed 111616K, reserved 1048576K
}
Event: 1927.743 GC heap after
{Heap after GC invocations=306 (full 0):
 garbage-first heap   total 8388608K, used 4718348K [0x0000000600000000, 0x0000000800000000)
  region size 4096K, 18 young (73728K), 18 survivors (73728K)
 Metaspace       used 570827K, committed 574464K, reserved 1572864K
  class space    used 110011K, committed 111616K, reserved 1048576K
}
Event: 1930.652 GC heap before
{Heap before GC invocations=306 (full 0):
 garbage-first heap   total 8388608K, used 7266060K [0x0000000600000000, 0x0000000800000000)
  region size 4096K, 640 young (2621440K), 18 survivors (73728K)
 Metaspace       used 570827K, committed 574464K, reserved 1572864K
  class space    used 110011K, committed 111616K, reserved 1048576K
}
Event: 1930.698 GC heap after
{Heap after GC invocations=307 (full 0):
 garbage-first heap   total 8388608K, used 4716597K [0x0000000600000000, 0x0000000800000000)
  region size 4096K, 17 young (69632K), 17 survivors (69632K)
 Metaspace       used 570827K, committed 574464K, reserved 1572864K
  class space    used 110011K, committed 111616K, reserved 1048576K
}
Event: 1934.060 GC heap before
{Heap before GC invocations=307 (full 0):
 garbage-first heap   total 8388608K, used 7288885K [0x0000000600000000, 0x0000000800000000)
  region size 4096K, 653 young (2674688K), 17 survivors (69632K)
 Metaspace       used 570827K, committed 574464K, reserved 1572864K
  class space    used 110011K, committed 111616K, reserved 1048576K
}
Event: 1934.111 GC heap after
{Heap after GC invocations=308 (full 0):
 garbage-first heap   total 8388608K, used 4685452K [0x0000000600000000, 0x0000000800000000)
  region size 4096K, 18 young (73728K), 18 survivors (73728K)
 Metaspace       used 570827K, committed 574464K, reserved 1572864K
  class space    used 110011K, committed 111616K, reserved 1048576K
}

Dll operation events (19 events):
Event: 0.009 Loaded shared library C:\Users\Veruty\curseforge\minecraft\Install\java\java-runtime-gamma\bin\java.dll
Event: 0.027 Loaded shared library C:\Users\Veruty\curseforge\minecraft\Install\java\java-runtime-gamma\bin\jsvml.dll
Event: 0.266 Loaded shared library C:\Users\Veruty\curseforge\minecraft\Install\java\java-runtime-gamma\bin\net.dll
Event: 0.269 Loaded shared library C:\Users\Veruty\curseforge\minecraft\Install\java\java-runtime-gamma\bin\nio.dll
Event: 0.273 Loaded shared library C:\Users\Veruty\curseforge\minecraft\Install\java\java-runtime-gamma\bin\zip.dll
Event: 0.354 Loaded shared library C:\Users\Veruty\curseforge\minecraft\Install\java\java-runtime-gamma\bin\jimage.dll
Event: 0.741 Loaded shared library C:\Users\Veruty\curseforge\minecraft\Install\java\java-runtime-gamma\bin\verify.dll
Event: 2.980 Loaded shared library C:\Users\Veruty\curseforge\minecraft\Install\java\java-runtime-gamma\bin\management.dll
Event: 2.987 Loaded shared library C:\Users\Veruty\curseforge\minecraft\Install\java\java-runtime-gamma\bin\management_ext.dll
Event: 14.390 Loaded shared library C:\Users\Veruty\curseforge\minecraft\Install\natives\forge-47.4.0\lwjgl.dll
Event: 15.098 Loaded shared library C:\Users\Veruty\curseforge\minecraft\Install\natives\forge-47.4.0\lwjgl_opengl.dll
Event: 15.337 Loaded shared library C:\Users\Veruty\curseforge\minecraft\Install\natives\forge-47.4.0\lwjgl_stb.dll
Event: 31.281 Loaded shared library C:\Users\Veruty\curseforge\minecraft\Install\natives\forge-47.4.0\jna16221057219438180209.dll
Event: 57.208 Loaded shared library C:\Users\Veruty\curseforge\minecraft\Install\java\java-runtime-gamma\bin\sunmscapi.dll
Event: 80.891 Loaded shared library C:\Users\Veruty\curseforge\minecraft\Install\java\java-runtime-gamma\bin\awt.dll
Event: 134.017 Loaded shared library C:\Users\Veruty\AppData\Local\Temp\libopus4j-9783d0e001158567d1e08f6bb3b2c5b5\libopus4j.dll
Event: 134.048 Loaded shared library C:\Users\Veruty\AppData\Local\Temp\librnnoise4j-40cc1fdd40ca1100a850ddee14466799\librnnoise4j.dll
Event: 134.081 Loaded shared library C:\Users\Veruty\AppData\Local\Temp\libspeex4j-e39751f08962f3611e66c90baf107894\libspeex4j.dll
Event: 134.112 Loaded shared library C:\Users\Veruty\AppData\Local\Temp\liblame4j-290c3436fe9f7c2b8e165ddcb5ad66ce\liblame4j.dll

Deoptimization events (20 events):
Event: 1922.392 Thread 0x000001be31982310 DEOPT PACKING pc=0x000001bcebb963ee sp=0x00000054900fec40
Event: 1922.392 Thread 0x000001be31982310 DEOPT UNPACKING pc=0x000001bcf2ef7143 sp=0x00000054900fe190 mode 0
Event: 1922.427 Thread 0x000001be31982310 DEOPT PACKING pc=0x000001bcebb963ee sp=0x00000054900fed40
Event: 1922.427 Thread 0x000001be31982310 DEOPT UNPACKING pc=0x000001bcf2ef7143 sp=0x00000054900fe290 mode 0
Event: 1922.433 Thread 0x000001be31982310 Uncommon trap: trap_request=0xffffff45 fr.pc=0x000001bcf483c554 relative=0x0000000000000314
Event: 1922.433 Thread 0x000001be31982310 Uncommon trap: reason=unstable_if action=reinterpret pc=0x000001bcf483c554 method=it.unimi.dsi.fastutil.objects.Object2BooleanLinkedOpenHashMap.insert(ILjava/lang/Object;Z)V @ 31 c2
Event: 1922.433 Thread 0x000001be31982310 DEOPT PACKING pc=0x000001bcf483c554 sp=0x00000054900fede0
Event: 1922.433 Thread 0x000001be31982310 DEOPT UNPACKING pc=0x000001bcf2ef69a3 sp=0x00000054900fed90 mode 2
Event: 1923.354 Thread 0x000001be31982310 DEOPT PACKING pc=0x000001bced208cf0 sp=0x00000054900feea0
Event: 1923.354 Thread 0x000001be31982310 DEOPT UNPACKING pc=0x000001bcf2ef7143 sp=0x00000054900fe3d0 mode 0
Event: 1933.813 Thread 0x000001be31982310 DEOPT PACKING pc=0x000001bcf0eead52 sp=0x00000054900feed0
Event: 1933.813 Thread 0x000001be31982310 DEOPT UNPACKING pc=0x000001bcf2ef7143 sp=0x00000054900fe428 mode 0
Event: 1936.555 Thread 0x000001bce69e6370 Uncommon trap: trap_request=0xffffffc6 fr.pc=0x000001bcf714c2d0 relative=0x0000000000000c30
Event: 1936.555 Thread 0x000001bce69e6370 Uncommon trap: reason=bimorphic_or_optimized_type_check action=maybe_recompile pc=0x000001bcf714c2d0 method=dev.ftb.mods.ftblibrary.icon.Icon.getIcon(Ljava/lang/String;)Ldev/ftb/mods/ftblibrary/icon/Icon; @ 122 c2
Event: 1936.555 Thread 0x000001bce69e6370 DEOPT PACKING pc=0x000001bcf714c2d0 sp=0x000000548b4fd870
Event: 1936.555 Thread 0x000001bce69e6370 DEOPT UNPACKING pc=0x000001bcf2ef69a3 sp=0x000000548b4fd850 mode 2
Event: 1937.048 Thread 0x000001bce69e6370 Uncommon trap: trap_request=0xffffff45 fr.pc=0x000001bcf4c4bfc4 relative=0x00000000000001a4
Event: 1937.048 Thread 0x000001bce69e6370 Uncommon trap: reason=unstable_if action=reinterpret pc=0x000001bcf4c4bfc4 method=org.lwjgl.system.MemoryUtil.memLengthUTF8(Ljava/lang/CharSequence;Z)I @ 43 c2
Event: 1937.048 Thread 0x000001bce69e6370 DEOPT PACKING pc=0x000001bcf4c4bfc4 sp=0x000000548b4fd690
Event: 1937.048 Thread 0x000001bce69e6370 DEOPT UNPACKING pc=0x000001bcf2ef69a3 sp=0x000000548b4fd618 mode 2

Classes unloaded (4 events):
Event: 396.765 Thread 0x000001bc9078f8d0 Unloading class 0x000001bc97414000 'java/lang/invoke/LambdaForm$DMH+0x000001bc97414000'
Event: 396.765 Thread 0x000001bc9078f8d0 Unloading class 0x000001bc97050400 'dev/mayaqq/cynosure/events/api/EventHandler$dev$mayaqq$cynosure$client$events$ParticleFactoryRegistrationEvent+0x000001bc97050400'
Event: 396.765 Thread 0x000001bc9078f8d0 Unloading class 0x000001bc96facc00 'dev/mayaqq/cynosure/events/api/EventHandler$dev$mayaqq$cynosure$client$events$ParticleRenderTypeRegistrationEvent+0x000001bc96facc00'
Event: 1904.849 Thread 0x000001bc9078f8d0 Unloading class 0x000001bc9787c800 'dev/mayaqq/cynosure/events/api/EventHandler$dev$mayaqq$cynosure$events$PostInitEvent+0x000001bc9787c800'

Classes redefined (20 events):
Event: 81.478 Thread 0x000001bc9078f8d0 redefined class name=net.minecraft.world.item.crafting.RecipeManager, count=1
Event: 81.478 Thread 0x000001bc9078f8d0 redefined class name=net.minecraft.world.entity.Entity, count=1
Event: 81.478 Thread 0x000001bc9078f8d0 redefined class name=net.minecraft.world.level.CollisionGetter, count=1
Event: 81.479 Thread 0x000001bc9078f8d0 redefined class name=net.minecraft.world.level.Level, count=1
Event: 81.479 Thread 0x000001bc9078f8d0 redefined class name=net.minecraft.locale.Language, count=1
Event: 81.479 Thread 0x000001bc9078f8d0 redefined class name=net.minecraft.world.level.EntityGetter, count=1
Event: 81.479 Thread 0x000001bc9078f8d0 redefined class name=net.minecraft.world.entity.item.FallingBlockEntity, count=2
Event: 81.479 Thread 0x000001bc9078f8d0 redefined class name=net.minecraft.world.level.chunk.LevelChunk, count=1
Event: 81.479 Thread 0x000001bc9078f8d0 redefined class name=net.minecraft.server.packs.resources.MultiPackResourceManager, count=1
Event: 81.479 Thread 0x000001bc9078f8d0 redefined class name=net.minecraft.world.level.block.state.BlockBehaviour$BlockStateBase, count=1
Event: 81.479 Thread 0x000001bc9078f8d0 redefined class name=net.minecraft.world.level.SignalGetter, count=1
Event: 81.480 Thread 0x000001bc9078f8d0 redefined class name=net.minecraft.world.level.block.RedStoneWireBlock, count=1
Event: 81.480 Thread 0x000001bc9078f8d0 redefined class name=net.minecraft.client.resources.language.ClientLanguage, count=2
Event: 81.481 Thread 0x000001bc9078f8d0 redefined class name=net.minecraft.client.Minecraft, count=1
Event: 81.481 Thread 0x000001bc9078f8d0 redefined class name=appeng.me.ManagedGridNode, count=1
Event: 133.277 Thread 0x000001bc9078f8d0 redefined class name=net.minecraft.client.Minecraft, count=2
Event: 133.277 Thread 0x000001bc9078f8d0 redefined class name=net.minecraft.client.gui.screens.TitleScreen, count=1
Event: 133.277 Thread 0x000001bc9078f8d0 redefined class name=net.minecraft.client.gui.components.AbstractButton, count=1
Event: 133.277 Thread 0x000001bc9078f8d0 redefined class name=net.minecraft.client.gui.components.AbstractWidget, count=1
Event: 133.277 Thread 0x000001bc9078f8d0 redefined class name=net.minecraft.client.gui.components.PlainTextButton, count=3

Internal exceptions (20 events):
Event: 1908.829 Thread 0x000001be31982310 Exception <a 'sun/nio/fs/WindowsException'{0x00000007a8a26968}> (0x00000007a8a26968) 
thrown [s\src\hotspot\share\prims\jni.cpp, line 516]
Event: 1908.836 Thread 0x000001be31982310 Exception <a 'sun/nio/fs/WindowsException'{0x00000007a8a5ef48}> (0x00000007a8a5ef48) 
thrown [s\src\hotspot\share\prims\jni.cpp, line 516]
Event: 1908.843 Thread 0x000001be31982310 Exception <a 'sun/nio/fs/WindowsException'{0x00000007a8a90010}> (0x00000007a8a90010) 
thrown [s\src\hotspot\share\prims\jni.cpp, line 516]
Event: 1908.849 Thread 0x000001be31982310 Exception <a 'sun/nio/fs/WindowsException'{0x00000007a8ac42c8}> (0x00000007a8ac42c8) 
thrown [s\src\hotspot\share\prims\jni.cpp, line 516]
Event: 1908.857 Thread 0x000001be31982310 Exception <a 'sun/nio/fs/WindowsException'{0x00000007a8b0a568}> (0x00000007a8b0a568) 
thrown [s\src\hotspot\share\prims\jni.cpp, line 516]
Event: 1908.862 Thread 0x000001be31982310 Exception <a 'sun/nio/fs/WindowsException'{0x00000007a8b49c68}> (0x00000007a8b49c68) 
thrown [s\src\hotspot\share\prims\jni.cpp, line 516]
Event: 1936.491 Thread 0x000001bce69e6370 Exception <a 'sun/nio/fs/WindowsException'{0x000000079ff35528}> (0x000000079ff35528) 
thrown [s\src\hotspot\share\prims\jni.cpp, line 516]
Event: 1936.496 Thread 0x000001bce69e6370 Exception <a 'sun/nio/fs/WindowsException'{0x000000079ff77500}> (0x000000079ff77500) 
thrown [s\src\hotspot\share\prims\jni.cpp, line 516]
Event: 1936.501 Thread 0x000001bce69e6370 Exception <a 'sun/nio/fs/WindowsException'{0x000000079fab4728}> (0x000000079fab4728) 
thrown [s\src\hotspot\share\prims\jni.cpp, line 516]
Event: 1936.504 Thread 0x000001bce69e6370 Exception <a 'sun/nio/fs/WindowsException'{0x000000079faefa20}> (0x000000079faefa20) 
thrown [s\src\hotspot\share\prims\jni.cpp, line 516]
Event: 1936.510 Thread 0x000001bce69e6370 Exception <a 'sun/nio/fs/WindowsException'{0x000000079fb67ac8}> (0x000000079fb67ac8) 
thrown [s\src\hotspot\share\prims\jni.cpp, line 516]
Event: 1936.523 Thread 0x000001bce69e6370 Exception <a 'sun/nio/fs/WindowsException'{0x000000079e6cc738}> (0x000000079e6cc738) 
thrown [s\src\hotspot\share\prims\jni.cpp, line 516]
Event: 1936.523 Thread 0x000001bce69e6370 Exception <a 'sun/nio/fs/WindowsException'{0x000000079e6ccb58}> (0x000000079e6ccb58) 
thrown [s\src\hotspot\share\prims\jni.cpp, line 516]
Event: 1936.546 Thread 0x000001bce69e6370 Exception <a 'sun/nio/fs/WindowsException'{0x000000079bdfeb50}> (0x000000079bdfeb50) 
thrown [s\src\hotspot\share\prims\jni.cpp, line 516]
Event: 1936.546 Thread 0x000001bce69e6370 Exception <a 'sun/nio/fs/WindowsException'{0x000000079bdfef58}> (0x000000079bdfef58) 
thrown [s\src\hotspot\share\prims\jni.cpp, line 516]
Event: 1936.584 Thread 0x000001bce69e6370 Exception <a 'sun/nio/fs/WindowsException'{0x000000079a54a0e0}> (0x000000079a54a0e0) 
thrown [s\src\hotspot\share\prims\jni.cpp, line 516]
Event: 1936.584 Thread 0x000001bce69e6370 Exception <a 'sun/nio/fs/WindowsException'{0x000000079a54a460}> (0x000000079a54a460) 
thrown [s\src\hotspot\share\prims\jni.cpp, line 516]
Event: 1936.787 Thread 0x000001bce69e6370 Exception <a 'sun/nio/fs/WindowsException'{0x0000000791b22438}> (0x0000000791b22438) 
thrown [s\src\hotspot\share\prims\jni.cpp, line 516]
Event: 1936.787 Thread 0x000001bce69e6370 Exception <a 'sun/nio/fs/WindowsException'{0x0000000791b22828}> (0x0000000791b22828) 
thrown [s\src\hotspot\share\prims\jni.cpp, line 516]
Event: 1936.874 Thread 0x000001bce69e6370 Exception <a 'sun/nio/fs/WindowsException'{0x000000078ffe6b98}> (0x000000078ffe6b98) 
thrown [s\src\hotspot\share\prims\jni.cpp, line 516]

VM Operations (20 events):
Event: 1937.640 Executing VM operation: ThreadDump
Event: 1937.641 Executing VM operation: ThreadDump done
Event: 1937.650 Executing VM operation: ThreadDump
Event: 1937.650 Executing VM operation: ThreadDump done
Event: 1937.659 Executing VM operation: ThreadDump
Event: 1937.659 Executing VM operation: ThreadDump done
Event: 1937.669 Executing VM operation: ThreadDump
Event: 1937.669 Executing VM operation: ThreadDump done
Event: 1937.679 Executing VM operation: ThreadDump
Event: 1937.679 Executing VM operation: ThreadDump done
Event: 1937.689 Executing VM operation: ThreadDump
Event: 1937.689 Executing VM operation: ThreadDump done
Event: 1937.700 Executing VM operation: ThreadDump
Event: 1937.700 Executing VM operation: ThreadDump done
Event: 1937.709 Executing VM operation: ThreadDump
Event: 1937.709 Executing VM operation: ThreadDump done
Event: 1937.719 Executing VM operation: ThreadDump
Event: 1937.719 Executing VM operation: ThreadDump done
Event: 1937.730 Executing VM operation: ThreadDump
Event: 1937.730 Executing VM operation: ThreadDump done

Events (20 events):
Event: 1892.774 Thread 0x000001bc907f16f0 flushing nmethod 0x000001bcee892810
Event: 1892.774 Thread 0x000001bc907f16f0 flushing nmethod 0x000001bcee92ff90
Event: 1892.776 Thread 0x000001bc907f16f0 flushing nmethod 0x000001bceecf0b10
Event: 1892.778 Thread 0x000001bc907f16f0 flushing nmethod 0x000001bcef0ff610
Event: 1892.780 Thread 0x000001bc907f16f0 flushing nmethod 0x000001bcef4e1e90
Event: 1892.781 Thread 0x000001bc907f16f0 flushing nmethod 0x000001bcef6dbe10
Event: 1892.781 Thread 0x000001bc907f16f0 flushing nmethod 0x000001bcef7d7290
Event: 1892.783 Thread 0x000001bc907f16f0 flushing nmethod 0x000001bcefa0a390
Event: 1892.784 Thread 0x000001bc907f16f0 flushing nmethod 0x000001bcefd20b90
Event: 1892.785 Thread 0x000001bc907f16f0 flushing nmethod 0x000001bcefeeeb90
Event: 1893.763 Thread 0x000001be35f431d0 Thread exited: 0x000001be35f431d0
Event: 1897.813 Thread 0x000001bd028a3310 Thread added: 0x000001bd028a3310
Event: 1897.881 Thread 0x000001bd05857b00 Thread added: 0x000001bd05857b00
Event: 1897.886 Thread 0x000001bd058565c0 Thread added: 0x000001bd058565c0
Event: 1903.101 Thread 0x000001bd058565c0 Thread exited: 0x000001bd058565c0
Event: 1903.890 Thread 0x000001bd05857b00 Thread exited: 0x000001bd05857b00
Event: 1922.793 Thread 0x000001bd16864580 Thread added: 0x000001bd16864580
Event: 1924.064 Thread 0x000001bd16864580 Thread exited: 0x000001bd16864580
Event: 1937.041 Thread 0x000001bd028a0580 Thread exited: 0x000001bd028a0580
Event: 1937.041 Thread 0x000001bd90b88a80 Thread added: 0x000001bd90b88a80


Dynamic libraries:
0x00007ff6d5280000 - 0x00007ff6d528e000 	C:\Users\Veruty\curseforge\minecraft\Install\java\java-runtime-gamma\bin\javaw.exe
0x00007ffa82300000 - 0x00007ffa82569000 	C:\WINDOWS\SYSTEM32\ntdll.dll
0x00007ffa81580000 - 0x00007ffa81649000 	C:\WINDOWS\System32\KERNEL32.DLL
0x00007ffa7f9c0000 - 0x00007ffa7fdb3000 	C:\WINDOWS\System32\KERNELBASE.dll
0x00007ffa7c540000 - 0x00007ffa7c5de000 	C:\WINDOWS\SYSTEM32\apphelp.dll
0x00007ffa7f870000 - 0x00007ffa7f9bb000 	C:\WINDOWS\System32\ucrtbase.dll
0x00007ffa65280000 - 0x00007ffa65297000 	C:\Users\Veruty\curseforge\minecraft\Install\java\java-runtime-gamma\bin\jli.dll
0x00007ffa66a50000 - 0x00007ffa66a69000 	C:\Users\Veruty\curseforge\minecraft\Install\java\java-runtime-gamma\bin\VCRUNTIME140.dll
0x00007ffa81090000 - 0x00007ffa81254000 	C:\WINDOWS\System32\USER32.dll
0x00007ffa7ffe0000 - 0x00007ffa80007000 	C:\WINDOWS\System32\win32u.dll
0x00007ffa800d0000 - 0x00007ffa800fb000 	C:\WINDOWS\System32\GDI32.dll
0x00007ffa7f610000 - 0x00007ffa7f73d000 	C:\WINDOWS\System32\gdi32full.dll
0x00007ffa5ee50000 - 0x00007ffa5f0e3000 	C:\WINDOWS\WinSxS\amd64_microsoft.windows.common-controls_6595b64144ccf1df_6.0.26100.5074_none_3e0d6f78e32fd63f\COMCTL32.dll
0x00007ffa7fdc0000 - 0x00007ffa7fe63000 	C:\WINDOWS\System32\msvcp_win.dll
0x00007ffa812f0000 - 0x00007ffa81399000 	C:\WINDOWS\System32\msvcrt.dll
0x00007ffa813a0000 - 0x00007ffa813cf000 	C:\WINDOWS\System32\IMM32.DLL
0x00007ffa7a350000 - 0x00007ffa7a35c000 	C:\Users\Veruty\curseforge\minecraft\Install\java\java-runtime-gamma\bin\vcruntime140_1.dll
0x00007ffa5b610000 - 0x00007ffa5b6a1000 	C:\Users\Veruty\curseforge\minecraft\Install\java\java-runtime-gamma\bin\msvcp140.dll
0x00007ffa18150000 - 0x00007ffa18d9c000 	C:\Users\Veruty\curseforge\minecraft\Install\java\java-runtime-gamma\bin\server\jvm.dll
0x00007ffa80df0000 - 0x00007ffa80ea4000 	C:\WINDOWS\System32\ADVAPI32.dll
0x00007ffa81790000 - 0x00007ffa81836000 	C:\WINDOWS\System32\sechost.dll
0x00007ffa820a0000 - 0x00007ffa821b8000 	C:\WINDOWS\System32\RPCRT4.dll
0x00007ffa688c0000 - 0x00007ffa688ca000 	C:\WINDOWS\SYSTEM32\WSOCK32.dll
0x00007ffa7f240000 - 0x00007ffa7f29e000 	C:\WINDOWS\SYSTEM32\POWRPROF.dll
0x00007ffa715e0000 - 0x00007ffa71615000 	C:\WINDOWS\SYSTEM32\WINMM.dll
0x00007ffa79900000 - 0x00007ffa7990b000 	C:\WINDOWS\SYSTEM32\VERSION.dll
0x00007ffa81840000 - 0x00007ffa818b4000 	C:\WINDOWS\System32\WS2_32.dll
0x00007ffa7f220000 - 0x00007ffa7f234000 	C:\WINDOWS\SYSTEM32\UMPDC.dll
0x00007ffa7e230000 - 0x00007ffa7e24b000 	C:\WINDOWS\SYSTEM32\kernel.appcore.dll
0x00007ffa78150000 - 0x00007ffa7815a000 	C:\Users\Veruty\curseforge\minecraft\Install\java\java-runtime-gamma\bin\jimage.dll
0x00007ffa68b30000 - 0x00007ffa68d72000 	C:\WINDOWS\SYSTEM32\DBGHELP.DLL
0x00007ffa80440000 - 0x00007ffa807bb000 	C:\WINDOWS\System32\combase.dll
0x00007ffa816b0000 - 0x00007ffa81787000 	C:\WINDOWS\System32\OLEAUT32.dll
0x00007ffa5be50000 - 0x00007ffa5be8d000 	C:\WINDOWS\SYSTEM32\dbgcore.DLL
0x00007ffa7f740000 - 0x00007ffa7f7d9000 	C:\WINDOWS\System32\bcryptPrimitives.dll
0x00007ffa5b830000 - 0x00007ffa5b855000 	C:\Users\Veruty\curseforge\minecraft\Install\java\java-runtime-gamma\bin\java.dll
0x00007ffa3db00000 - 0x00007ffa3dbd6000 	C:\Users\Veruty\curseforge\minecraft\Install\java\java-runtime-gamma\bin\jsvml.dll
0x00007ffa818c0000 - 0x00007ffa8200d000 	C:\WINDOWS\System32\SHELL32.dll
0x00007ffa7fe70000 - 0x00007ffa7ffdc000 	C:\WINDOWS\System32\wintypes.dll
0x00007ffa7d0d0000 - 0x00007ffa7d929000 	C:\WINDOWS\SYSTEM32\windows.storage.dll
0x00007ffa80120000 - 0x00007ffa80210000 	C:\WINDOWS\System32\SHCORE.dll
0x00007ffa82240000 - 0x00007ffa822a2000 	C:\WINDOWS\System32\shlwapi.dll
0x00007ffa7f3b0000 - 0x00007ffa7f3d9000 	C:\WINDOWS\SYSTEM32\profapi.dll
0x00007ffa651c0000 - 0x00007ffa651d9000 	C:\Users\Veruty\curseforge\minecraft\Install\java\java-runtime-gamma\bin\net.dll
0x00007ffa79450000 - 0x00007ffa7956f000 	C:\WINDOWS\SYSTEM32\WINHTTP.dll
0x00007ffa7e790000 - 0x00007ffa7e7fb000 	C:\WINDOWS\system32\mswsock.dll
0x00007ffa65170000 - 0x00007ffa65185000 	C:\Users\Veruty\curseforge\minecraft\Install\java\java-runtime-gamma\bin\nio.dll
0x00007ffa64b30000 - 0x00007ffa64b48000 	C:\Users\Veruty\curseforge\minecraft\Install\java\java-runtime-gamma\bin\zip.dll
0x00007ffa66cd0000 - 0x00007ffa66ce0000 	C:\Users\Veruty\curseforge\minecraft\Install\java\java-runtime-gamma\bin\verify.dll
0x00007ffa64a90000 - 0x00007ffa64a99000 	C:\Users\Veruty\curseforge\minecraft\Install\java\java-runtime-gamma\bin\management.dll
0x00007ffa62400000 - 0x00007ffa6240b000 	C:\Users\Veruty\curseforge\minecraft\Install\java\java-runtime-gamma\bin\management_ext.dll
0x00007ffa81260000 - 0x00007ffa81268000 	C:\WINDOWS\System32\PSAPI.DLL
0x00007ffa5f2f0000 - 0x00007ffa5f308000 	C:\WINDOWS\system32\napinsp.dll
0x00007ffa7dc70000 - 0x00007ffa7dd96000 	C:\WINDOWS\SYSTEM32\DNSAPI.dll
0x00007ffa7dc30000 - 0x00007ffa7dc64000 	C:\WINDOWS\SYSTEM32\IPHLPAPI.DLL
0x00007ffa80c50000 - 0x00007ffa80c5a000 	C:\WINDOWS\System32\NSI.dll
0x00007ffa5dea0000 - 0x00007ffa5deb2000 	C:\WINDOWS\System32\winrnr.dll
0x00007ffa39940000 - 0x00007ffa39968000 	C:\WINDOWS\system32\nlansp_c.dll
0x00007ffa55790000 - 0x00007ffa557a6000 	C:\WINDOWS\system32\wshbth.dll
0x00007ffa79730000 - 0x00007ffa7973b000 	C:\Windows\System32\rasadhlp.dll
0x00007ffa78830000 - 0x00007ffa788b6000 	C:\WINDOWS\System32\fwpuclnt.dll
0x00007ffa56350000 - 0x00007ffa563c5000 	C:\Users\Veruty\curseforge\minecraft\Install\natives\forge-47.4.0\lwjgl.dll
0x00007ffa3eb80000 - 0x00007ffa3ebe1000 	C:\Users\Veruty\curseforge\minecraft\Install\natives\forge-47.4.0\glfw.dll
0x00007ffa1db90000 - 0x00007ffa1dbdb000 	C:\WINDOWS\SYSTEM32\dinput8.dll
0x00007ffa5d220000 - 0x00007ffa5d232000 	C:\WINDOWS\SYSTEM32\xinput1_4.dll
0x00007ffa7f090000 - 0x00007ffa7f0e7000 	C:\WINDOWS\SYSTEM32\cfgmgr32.dll
0x00007ffa7f060000 - 0x00007ffa7f08d000 	C:\WINDOWS\SYSTEM32\DEVOBJ.dll
0x00007ffa7ca50000 - 0x00007ffa7ca7b000 	C:\WINDOWS\SYSTEM32\dwmapi.dll
0x00007ffa686e0000 - 0x00007ffa688ba000 	C:\WINDOWS\SYSTEM32\inputhost.dll
0x00007ffa7c190000 - 0x00007ffa7c2b5000 	C:\WINDOWS\SYSTEM32\CoreMessaging.dll
0x00007ffa7c7a0000 - 0x00007ffa7c848000 	C:\WINDOWS\system32\uxtheme.dll
0x00007ffa7e9c0000 - 0x00007ffa7e9cc000 	C:\WINDOWS\SYSTEM32\CRYPTBASE.DLL
0x00007ffa802e0000 - 0x00007ffa80438000 	C:\WINDOWS\System32\MSCTF.dll
0x00007ffa0c3c0000 - 0x00007ffa0c4cc000 	C:\WINDOWS\SYSTEM32\opengl32.dll
0x00007ffa5bf10000 - 0x00007ffa5bf3d000 	C:\WINDOWS\SYSTEM32\GLU32.dll
0x00007ffa7c8a0000 - 0x00007ffa7c8e4000 	C:\WINDOWS\SYSTEM32\dxcore.dll
0x00007ffa6a530000 - 0x00007ffa6a54a000 	C:\WINDOWS\SYSTEM32\windows.staterepositorycore.dll
0x00007ff9efca0000 - 0x00007ff9f25c5000 	C:\WINDOWS\System32\DriverStore\FileRepository\nv_dispi.inf_amd64_4646b47d9477048e\nvoglv64.dll
0x00007ffa807c0000 - 0x00007ffa80c47000 	C:\WINDOWS\System32\SETUPAPI.dll
0x00007ffa813e0000 - 0x00007ffa81578000 	C:\WINDOWS\System32\ole32.dll
0x00007ffa7c600000 - 0x00007ffa7c62a000 	C:\WINDOWS\SYSTEM32\WTSAPI32.dll
0x00007ffa7f490000 - 0x00007ffa7f607000 	C:\WINDOWS\System32\CRYPT32.dll
0x00007ffa7e4d0000 - 0x00007ffa7e519000 	C:\WINDOWS\SYSTEM32\SspiCli.dll
0x00007ffa7ebc0000 - 0x00007ffa7ebd3000 	C:\WINDOWS\SYSTEM32\msasn1.dll
0x00007ffa78310000 - 0x00007ffa7834b000 	C:\WINDOWS\SYSTEM32\cryptnet.dll
0x00007ffa7ea60000 - 0x00007ffa7eac4000 	C:\WINDOWS\SYSTEM32\wldp.dll
0x00007ffa78190000 - 0x00007ffa78305000 	C:\WINDOWS\SYSTEM32\drvstore.dll
0x00007ffa7f7e0000 - 0x00007ffa7f85e000 	C:\WINDOWS\System32\WINTRUST.dll
0x00007ffa7e350000 - 0x00007ffa7e386000 	C:\WINDOWS\SYSTEM32\ntmarta.dll
0x00007ffa82210000 - 0x00007ffa82230000 	C:\WINDOWS\System32\imagehlp.dll
0x00007ffa7eb60000 - 0x00007ffa7eb7b000 	C:\WINDOWS\System32\CRYPTSP.dll
0x00007ffa7e190000 - 0x00007ffa7e1cb000 	C:\WINDOWS\system32\rsaenh.dll
0x00007ffa7f380000 - 0x00007ffa7f3a6000 	C:\WINDOWS\System32\bcrypt.dll
0x00007ffa72e70000 - 0x00007ffa77b6f000 	C:\WINDOWS\System32\DriverStore\FileRepository\nv_dispi.inf_amd64_4646b47d9477048e\nvgpucomp64.dll
0x00007ffa3c260000 - 0x00007ffa3c3a7000 	C:\WINDOWS\system32\nvspcap64.dll
0x00007ffa7eff0000 - 0x00007ffa7f053000 	C:\WINDOWS\SYSTEM32\WINSTA.dll
0x00007ffa17ef0000 - 0x00007ffa18149000 	C:\Users\Veruty\curseforge\minecraft\Install\natives\forge-47.4.0\jemalloc.dll
0x00007ffa6a5a0000 - 0x00007ffa6a6e9000 	C:\WINDOWS\SYSTEM32\textinputframework.dll
0x00007ffa56170000 - 0x00007ffa561cd000 	C:\Users\Veruty\curseforge\minecraft\Install\natives\forge-47.4.0\lwjgl_opengl.dll
0x00007ffa1db00000 - 0x00007ffa1db81000 	C:\Users\Veruty\curseforge\minecraft\Install\natives\forge-47.4.0\lwjgl_stb.dll
0x00007ffa7e830000 - 0x00007ffa7e85b000 	C:\WINDOWS\SYSTEM32\USERENV.dll
0x00007ffa79740000 - 0x00007ffa7975e000 	C:\WINDOWS\SYSTEM32\dhcpcsvc6.DLL
0x00007ffa793b0000 - 0x00007ffa793d3000 	C:\WINDOWS\SYSTEM32\dhcpcsvc.DLL
0x00007ffa50cc0000 - 0x00007ffa50d00000 	C:\Users\Veruty\curseforge\minecraft\Install\natives\forge-47.4.0\jna16221057219438180209.dll
0x00007ffa80220000 - 0x00007ffa802d1000 	C:\WINDOWS\System32\clbcatq.dll
0x00007ffa62410000 - 0x00007ffa6242d000 	C:\WINDOWS\SYSTEM32\amsi.dll
0x00007ffa61f50000 - 0x00007ffa61ff2000 	C:\ProgramData\Microsoft\Windows Defender\Platform\4.18.25110.6-0\MpOav.dll
0x00007ffa64c10000 - 0x00007ffa64c66000 	C:\WINDOWS\SYSTEM32\Pdh.dll
0x00007ffa61d90000 - 0x00007ffa61da1000 	C:\WINDOWS\System32\perfos.dll
0x00007ffa7c780000 - 0x00007ffa7c792000 	C:\WINDOWS\SYSTEM32\pfclient.dll
0x00007ffa77f30000 - 0x00007ffa77f3e000 	C:\Users\Veruty\curseforge\minecraft\Install\java\java-runtime-gamma\bin\sunmscapi.dll
0x00007ffa7ecb0000 - 0x00007ffa7ece0000 	C:\WINDOWS\SYSTEM32\ncrypt.dll
0x00007ffa7ec60000 - 0x00007ffa7ec9f000 	C:\WINDOWS\SYSTEM32\NTASN1.dll
0x00007ffa652a0000 - 0x00007ffa65362000 	C:\WINDOWS\SYSTEM32\mscms.dll
0x00007ffa3e6e0000 - 0x00007ffa3e729000 	C:\WINDOWS\SYSTEM32\icm32.dll
0x00007ffa1ceb0000 - 0x00007ffa1d03e000 	C:\Users\Veruty\curseforge\minecraft\Install\java\java-runtime-gamma\bin\awt.dll
0x00007ffa1c8a0000 - 0x00007ffa1ca37000 	C:\Users\Veruty\curseforge\minecraft\Install\natives\forge-47.4.0\OpenAL.dll
0x00007ffa72970000 - 0x00007ffa72a09000 	C:\WINDOWS\System32\MMDevApi.dll
0x00007ff9f4d10000 - 0x00007ff9f4e83000 	C:\WINDOWS\System32\Speech\Common\sapi.dll
0x00007ffa5cd10000 - 0x00007ffa5cd18000 	C:\WINDOWS\system32\wshunix.dll
0x00007ffa3e2e0000 - 0x00007ffa3e357000 	C:\Users\Veruty\AppData\Local\Temp\libopus4j-9783d0e001158567d1e08f6bb3b2c5b5\libopus4j.dll
0x00007ffa651a0000 - 0x00007ffa651bc000 	C:\Users\Veruty\AppData\Local\Temp\librnnoise4j-40cc1fdd40ca1100a850ddee14466799\librnnoise4j.dll
0x00007ffa61db0000 - 0x00007ffa61dcf000 	C:\Users\Veruty\AppData\Local\Temp\libspeex4j-e39751f08962f3611e66c90baf107894\libspeex4j.dll
0x00007ffa3e7d0000 - 0x00007ffa3e823000 	C:\Users\Veruty\AppData\Local\Temp\liblame4j-290c3436fe9f7c2b8e165ddcb5ad66ce\liblame4j.dll
0x00007ffa78130000 - 0x00007ffa78142000 	C:\WINDOWS\System32\perfproc.dll
0x00007ffa58600000 - 0x00007ffa587bb000 	C:\WINDOWS\SYSTEM32\AUDIOSES.DLL
0x00007ffa7ccd0000 - 0x00007ffa7cce4000 	C:\WINDOWS\SYSTEM32\resourcepolicyclient.dll
0x00007ffa78b50000 - 0x00007ffa78e33000 	C:\WINDOWS\SYSTEM32\CoreUIComponents.dll

dbghelp: loaded successfully - version: 4.0.5 - missing functions: none
symbol engine: initialized successfully - sym options: 0x614 - pdb path: .;C:\Users\Veruty\curseforge\minecraft\Install\java\java-runtime-gamma\bin;C:\WINDOWS\SYSTEM32;C:\WINDOWS\WinSxS\amd64_microsoft.windows.common-controls_6595b64144ccf1df_6.0.26100.5074_none_3e0d6f78e32fd63f;C:\Users\Veruty\curseforge\minecraft\Install\java\java-runtime-gamma\bin\server;C:\Users\Veruty\curseforge\minecraft\Install\natives\forge-47.4.0;C:\WINDOWS\System32\DriverStore\FileRepository\nv_dispi.inf_amd64_4646b47d9477048e;C:\ProgramData\Microsoft\Windows Defender\Platform\4.18.25110.6-0;C:\WINDOWS\System32\Speech\Common;C:\Users\Veruty\AppData\Local\Temp\libopus4j-9783d0e001158567d1e08f6bb3b2c5b5;C:\Users\Veruty\AppData\Local\Temp\librnnoise4j-40cc1fdd40ca1100a850ddee14466799;C:\Users\Veruty\AppData\Local\Temp\libspeex4j-e39751f08962f3611e66c90baf107894;C:\Users\Veruty\AppData\Local\Temp\liblame4j-290c3436fe9f7c2b8e165ddcb5ad66ce

VM Arguments:
jvm_args: -XX:HeapDumpPath=MojangTricksIntelDriversForPerformance_javaw.exe_minecraft.exe.heapdump -Xss1M -Djava.library.path=C:\Users\Veruty\curseforge\minecraft\Install\natives\forge-47.4.0 -Djna.tmpdir=C:\Users\Veruty\curseforge\minecraft\Install\natives\forge-47.4.0 -Dorg.lwjgl.system.SharedLibraryExtractPath=C:\Users\Veruty\curseforge\minecraft\Install\natives\forge-47.4.0 -Dio.netty.native.workdir=C:\Users\Veruty\curseforge\minecraft\Install\natives\forge-47.4.0 -Dminecraft.launcher.brand=CurseForge -Dminecraft.launcher.version=1.296.1.30364 -Djava.net.preferIPv6Addresses=system -DignoreList=bootstraplauncher,securejarhandler,asm-commons,asm-util,asm-analysis,asm-tree,asm,JarJarFileSystems,client-extra,fmlcore,javafmllanguage,lowcodelanguage,mclanguage,forge-,forge-47.4.0.jar,forge-47.4.0 -DmergeModules=jna-5.10.0.jar,jna-platform-5.10.0.jar -DlibraryDirectory=C:\Users\Veruty\curseforge\minecraft\Install\libraries --module-path=C:\Users\Veruty\curseforge\minecraft\Install\libraries/cpw/mods/bootstraplauncher/1.1.2/bootstraplauncher-1.1.2.jar;C:\Users\Veruty\curseforge\minecraft\Install\libraries/cpw/mods/securejarhandler/2.1.10/securejarhandler-2.1.10.jar;C:\Users\Veruty\curseforge\minecraft\Install\libraries/org/ow2/asm/asm-commons/9.7.1/asm-commons-9.7.1.jar;C:\Users\Veruty\curseforge\minecraft\Install\libraries/org/ow2/asm/asm-util/9.7.1/asm-util-9.7.1.jar;C:\Users\Veruty\curseforge\minecraft\Install\libraries/org/ow2/asm/asm-analysis/9.7.1/asm-analysis-9.7.1.jar;C:\Users\Veruty\curseforge\minecraft\Install\libraries/org/ow2/asm/asm-tree/9.7.1/asm-tree-9.7.1.jar;C:\Users\Veruty\curseforge\minecraft\Install\libraries/org/ow2/asm/asm/9.7.1/asm-9.7.1.jar;C:\Users\Veruty\curseforge\minecraft\Install\libraries/net/minecraftforge/JarJarFileSystems/0.3.19/JarJarFileSystems-0.3.19.jar --add-modules=ALL-MODULE-PATH --add-opens=java.base/java.util.jar=cpw.mods.securejarhandler --add-opens=java.base/java.lang.invoke=cpw.mods.securejarhandler --add-exports=java.base/sun.security.util=cpw.mods.securejarhandler --add-exports=jdk.naming.dns/com.sun.jndi.dns=java.naming -Xmx8192m -Xms256m -Dfml.ignorePatchDiscrepancies=true -Dfml.ignoreInvalidMinecraftCertificates=true -DlibraryDirectory=C:\Users\Veruty\curseforge\minecraft\Install\libraries -DCFInstanceId=327c19aa-db39-4c21-b1a6-f6cb4f1c18b4 -Dlog4j.configurationFile=C:\Users\Veruty\curseforge\minecraft\Install\assets\log_configs\client-1.12.xml 
java_command: cpw.mods.bootstraplauncher.BootstrapLauncher --username Veruty --version forge-47.4.0 --gameDir C:\Users\Veruty\curseforge\minecraft\Instances\Contained Chaos --assetsDir C:\Users\Veruty\curseforge\minecraft\Install\assets --assetIndex 5 --uuid 3d6dddf175f34253bcc24e5d10dab8b9 --accessToken eyJraWQiOiIwNDkxODEiLCJhbGciOiJSUzI1NiJ9.eyJ4dWlkIjoiMjUzNTQyNjYxNjc5NTIxMiIsImFnZyI6IkFkdWx0Iiwic3ViIjoiZGM1YjhjY2UtNDg3OS00MjhmLTk1NDgtMDhjYjM1YTUyMTAyIiwiYXV0aCI6IlhCT1giLCJucyI6ImRlZmF1bHQiLCJyb2xlcyI6W10sImlzcyI6ImF1dGhlbnRpY2F0aW9uIiwiZmxhZ3MiOlsib3JkZXJzXzIwMjIiLCJtdWx0aXBsYXllciIsInR3b2ZhY3RvcmF1dGgiLCJtc2FtaWdyYXRpb25fc3RhZ2U0Il0sInByb2ZpbGVzIjp7Im1jIjoiM2Q2ZGRkZjEtNzVmMy00MjUzLWJjYzItNGU1ZDEwZGFiOGI5In0sInBsYXRmb3JtIjoiUENfTEFVTkNIRVIiLCJwZmQiOlt7InR5cGUiOiJtYyIsImlkIjoiM2Q2ZGRkZjEtNzVmMy00MjUzLWJjYzItNGU1ZDEwZGFiOGI5IiwibmFtZSI6IlZlcnV0eSJ9XSwibmJmIjoxNzY4NTMzODUyLCJleHAiOjE3Njg2MjAyNTIsImlhdCI6MTc2ODUzMzg1MiwiYWlkIjoiZDViMmUwNzktMmMyYy00YWRlLTlkYWItMWMxZWIyMDQxNjJhIn0.ZtJfrUvyfM-MAfWgCJWOzWJ4EdsfBh9XajbFm1AHZMxYKLuXLCKt6vGO6Fzf6A-CAR_rNvomM3xGXctugHVTFYF83KUDSOnWeMAFpDouyYbtbu9hnbKDPkvYt_vUmlfEfqfOqW0S35jId5sar8_DhOfooBtzBiOfpVCBB1SFRkp4Al5HIvP4XFicKAgeGGjvxsUIpRnX4aQ5_CqYSa1CkIEFA1Ms55bWo2xrC_vJz3pywSzE1Q7p0KjVZ0c9rQBOvDUTGnTCXiEq5zaTyeWa3UQgKbWIumEoUwduxo8y8NDza48Lu601UC89PB1w6_--QuxgkayTxL14XOzIVilB_Q --clientId 10943e6-e3a8f4-5795aa-806245-d12e7d --xuid 2535426616795212 --userType msa --versionType release --width 1024 --height 768 --quickPlayPath C:\Users\Veruty\curseforge\minecraft\Quickplay\327c19aa-db39-4c21-b1a6-f6cb4f1c18b4.json    --launchTarget forgeclient --fml.forgeVersion 47.4.0 --fml.mcVersion 1.20.1 --fml.forgeGroup net.minecraftforge --fml.mcpVersion 20230612.114412
java_class_path (initial): C:\Users\Veruty\curseforge\minecraft\Install\libraries\cpw\mods\securejarhandler\2.1.10\securejarhandler-2.1.10.jar;C:\Users\Veruty\curseforge\minecraft\Install\libraries\org\ow2\asm\asm\9.7.1\asm-9.7.1.jar;C:\Users\Veruty\curseforge\minecraft\Install\libraries\org\ow2\asm\asm-commons\9.7.1\asm-commons-9.7.1.jar;C:\Users\Veruty\curseforge\minecraft\Install\libraries\org\ow2\asm\asm-tree\9.7.1\asm-tree-9.7.1.jar;C:\Users\Veruty\curseforge\minecraft\Install\libraries\org\ow2\asm\asm-util\9.7.1\asm-util-9.7.1.jar;C:\Users\Veruty\curseforge\minecraft\Install\libraries\org\ow2\asm\asm-analysis\9.7.1\asm-analysis-9.7.1.jar;C:\Users\Veruty\curseforge\minecraft\Install\libraries\net\minecraftforge\accesstransformers\8.0.4\accesstransformers-8.0.4.jar;C:\Users\Veruty\curseforge\minecraft\Install\libraries\org\antlr\antlr4-runtime\4.9.1\antlr4-runtime-4.9.1.jar;C:\Users\Veruty\curseforge\minecraft\Install\libraries\net\minecraftforge\eventbus\6.0.5\eventbus-6.0.5.jar;C:\Users\Veruty\curseforge\minecraft\Install\libraries\net\minecraftforge\forgespi\7.0.1\forgespi-7.0.1.jar;C:\Users\Veruty\curseforge\minecraft\Install\libraries\net\minecraftforge\coremods\5.2.4\coremods-5.2.4.jar;C:\Users\Veruty\curseforge\minecraft\Install\libraries\cpw\mods\modlauncher\10.0.9\modlauncher-10.0.9.jar;C:\Users\Veruty\curseforge\minecraft\Install\libraries\net\minecraftforge\unsafe\0.2.0\unsafe-0.2.0.jar;C:\Users\Veruty\curseforge\minecraft\Install\libraries\net\minecraftforge\mergetool\1.1.5\mergetool-1.1.5-api.jar;C:\Users\Veruty\curseforge\minecraft\Install\libraries\com\electronwill\night-config\core\3.6.4\core-3.6.4.jar;C:\Users\Veruty\curseforge\minecraft\Install\libraries\com\electronwill\night-config\toml\3.6.4\toml-3.6.4.jar;C:\Users\Veruty\curseforge\minecraft\Install\libraries\org\apache\maven\maven-artifact\3.8.5\maven-artifact-3.8.5.jar;C:\Users\Veruty\curseforge\minecraft\Install\libraries\net\jodah\typetools\0.6.3\typetools-0.6.3.jar;C:\Users\Veruty\cu
Launcher Type: SUN_STANDARD

[Global flags]
     intx CICompilerCount                          = 4                                         {product} {ergonomic}
     uint ConcGCThreads                            = 2                                         {product} {ergonomic}
     uint G1ConcRefinementThreads                  = 8                                         {product} {ergonomic}
   size_t G1HeapRegionSize                         = 4194304                                   {product} {ergonomic}
    uintx GCDrainStackTargetSize                   = 64                                        {product} {ergonomic}
    ccstr HeapDumpPath                             = MojangTricksIntelDriversForPerformance_javaw.exe_minecraft.exe.heapdump         {manageable} {command line}
   size_t InitialHeapSize                          = 268435456                                 {product} {command line}
   size_t MarkStackSize                            = 4194304                                   {product} {ergonomic}
   size_t MaxHeapSize                              = 8589934592                                {product} {command line}
   size_t MaxNewSize                               = 5150605312                                {product} {ergonomic}
   size_t MinHeapDeltaBytes                        = 4194304                                   {product} {ergonomic}
   size_t MinHeapSize                              = 268435456                                 {product} {command line}
    uintx NonNMethodCodeHeapSize                   = 5839372                                {pd product} {ergonomic}
    uintx NonProfiledCodeHeapSize                  = 122909434                              {pd product} {ergonomic}
    uintx ProfiledCodeHeapSize                     = 122909434                              {pd product} {ergonomic}
    uintx ReservedCodeCacheSize                    = 251658240                              {pd product} {ergonomic}
     bool SegmentedCodeCache                       = true                                      {product} {ergonomic}
   size_t SoftMaxHeapSize                          = 8589934592                             {manageable} {ergonomic}
     intx ThreadStackSize                          = 1024                                   {pd product} {command line}
     bool UseCompressedClassPointers               = true                           {product lp64_product} {ergonomic}
     bool UseCompressedOops                        = true                           {product lp64_product} {ergonomic}
     bool UseG1GC                                  = true                                      {product} {ergonomic}
     bool UseLargePagesIndividualAllocation        = false                                  {pd product} {ergonomic}

Logging:
Log output configuration:
 #0: stdout all=warning uptime,level,tags
 #1: stderr all=off uptime,level,tags

Environment Variables:
PATH=C:\WINDOWS\system32;C:\WINDOWS;C:\WINDOWS\System32\Wbem;C:\WINDOWS\System32\WindowsPowerShell\v1.0\;C:\WINDOWS\System32\OpenSSH\;C:\Program Files\NVIDIA Corporation\NVIDIA App\NvDLISR;C:\Program Files (x86)\NVIDIA Corporation\PhysX\Common;C:\Program Files\Git\cmd;C:\Program Files\Cloudflare\Cloudflare WARP\;C:\Users\Veruty\AppData\Local\Microsoft\WindowsApps;C:\Users\Veruty\AppData\Local\Programs\Microsoft VS Code\bin;C:\Program Files (x86)\Nmap
USERNAME=Veruty
OS=Windows_NT
PROCESSOR_IDENTIFIER=Intel64 Family 6 Model 165 Stepping 3, GenuineIntel
TMP=C:\Users\Veruty\AppData\Local\Temp
TEMP=C:\Users\Veruty\AppData\Local\Temp



---------------  S Y S T E M  ---------------

OS:
 Windows 11 , 64 bit Build 26100 (10.0.26100.5074)
OS uptime: 2 days 17:19 hours
Hyper-V role detected

CPU: total 8 (initial active 8) (4 cores per cpu, 2 threads per core) family 6 model 165 stepping 3 microcode 0xe0, cx8, cmov, fxsr, ht, mmx, 3dnowpref, sse, sse2, sse3, ssse3, sse4.1, sse4.2, popcnt, lzcnt, tsc, tscinvbit, avx, avx2, aes, erms, clmul, bmi1, bmi2, adx, fma, vzeroupper, clflush, clflushopt, hv
Processor Information for all 8 processors :
  Max Mhz: 3600, Current Mhz: 3600, Mhz Limit: 3600

Memory: 4k page, system-wide physical 32620M (8714M free)
TotalPageFile size 34668M (AvailPageFile size 3879M)
current process WorkingSet (physical memory assigned to process): 10753M, peak: 10806M
current process commit charge ("private bytes"): 13869M, peak: 13910M

vm_info: OpenJDK 64-Bit Server VM (17.0.8+7) for windows-amd64 JRE (17.0.8+7), built on Jul 18 2023 21:02:32 by "admin" with MS VC++ 16.7 (VS2019)

END.
